Date,Gold,Silver,Platinum
1985/01/28,297.7,6.08,270
1985/01/29,303.2,6.23,271.5
1985/01/30,302.9,6.21,272.5
1985/01/31,306.6,6.37,283
1985/02/01,303.6,6.23,277
1985/02/04,301.2,6.16,271
1985/02/05,302,6.17,271
1985/02/06,302.8,6.21,275.5
1985/02/07,301.6,6.14,276.5
1985/02/08,299.8,6.08,273.5
1985/02/11,300.1,6.09,271.5
1985/02/12,302.5,6.22,274.5
1985/02/13,303.2,6.26,274.5
1985/02/14,304.1,6.33,274.5
1985/02/15,304,6.27,274.5
1985/02/19,302.6,6.19,272.5
1985/02/20,302.9,6.21,273
1985/02/21,299.8,6.09,272
1985/02/22,298.4,6.04,272
1985/02/25,284.2,5.61,249
1985/02/26,285.7,5.64,252.5
1985/02/27,290.8,5.75,252.5
1985/02/28,287.7,5.65,251
1985/03/01,287.2,5.69,247.5
1985/03/04,288.6,5.65,247.5
1985/03/05,287.9,5.68,254
1985/03/06,287.4,5.72,254
1985/03/07,289.6,5.69,254
1985/03/08,291,5.71,254
1985/03/11,291,5.66,243
1985/03/12,288.4,5.57,243
1985/03/13,290.2,5.71,246.5
1985/03/14,290.7,5.68,245.5
1985/03/15,292.7,5.68,247.5
1985/03/18,298.8,5.87,252.5
1985/03/19,316.7,6.21,270.7
1985/03/20,324,6.36,279
1985/03/21,318.5,6.35,271.5
1985/03/22,315.5,6.32,272.5
1985/03/25,314.6,6.3,272.5
1985/03/26,323.7,6.48,275
1985/03/27,330.4,6.74,280
1985/03/28,326.2,6.58,280
1985/03/29,329.2,6.67,287.5
1985/04/01,321.1,6.52,268
1985/04/02,318.7,6.42,268.5
1985/04/03,321.2,6.5,268.5
1985/04/04,316.7,6.43,264
1985/04/08,317.5,6.57,274.5
1985/04/09,323.1,6.67,280
1985/04/10,327.2,6.7,286
1985/04/11,332.2,6.72,286
1985/04/12,329.9,6.68,286
1985/04/15,334.2,6.65,286
1985/04/16,330.5,6.52,293
1985/04/17,327.3,6.49,285
1985/04/18,329.7,6.48,284
1985/04/19,327,6.44,285
1985/04/22,327.7,6.42,286.7
1985/04/23,326.6,6.31,284
1985/04/24,322,6.16,281
1985/04/25,322.5,6.2,281
1985/04/26,323.5,6.23,281.5
1985/04/29,322.5,6.29,280.5
1985/04/30,321.3,6.27,280.5
1985/05/01,312.5,6.16,267.5
1985/05/02,313.2,6.18,268.5
1985/05/03,312.7,6.21,270
1985/05/06,309.9,6.14,265.2
1985/05/07,313.5,6.27,266
1985/05/08,312.8,6.28,265
1985/05/09,315.1,6.36,265
1985/05/10,314.5,6.32,267
1985/05/13,321,6.52,276.2
1985/05/14,326.5,6.65,280
1985/05/15,322.7,6.54,277.5
1985/05/16,320.1,6.51,277.5
1985/05/17,322.5,6.51,277.5
1985/05/20,323.3,6.39,284
1985/05/21,314.9,6.17,270
1985/05/22,316.3,6.18,272
1985/05/23,315.4,6.12,269.5
1985/05/24,314.7,6.11,269.8
1985/05/28,311.3,6.02,269.8
1985/05/29,312,6.2,269.8
1985/05/30,314.6,6.15,264
1985/05/31,314,6.21,264.8
1985/06/03,318.1,6.07,264.8
1985/06/04,315.7,6.1,269.8
1985/06/05,314.2,6.1,268
1985/06/06,314.8,6.13,268
1985/06/07,314.3,6.14,263.3
1985/06/10,312,6.09,263.8
1985/06/11,315,6.16,259
1985/06/12,314.5,6.18,259
1985/06/13,313.7,6.14,259
1985/06/14,318.2,6.23,259
1985/06/17,318.9,6.28,259
1985/06/18,323.7,6.39,259
1985/06/19,325.4,6.36,259
1985/06/20,318.1,6.2,267.5
1985/06/21,313.4,6.15,267.5
1985/06/24,314.6,6.15,264.5
1985/06/25,315.5,6.15,263
1985/06/26,316.7,6.17,263
1985/06/27,315,6.14,263
1985/06/28,317.7,6.14,264
1985/07/01,313.9,6.04,260
1985/07/02,308.2,5.91,256.5
1985/07/03,310.3,5.91,255.5
1985/07/08,309.2,6.01,258
1985/07/09,314.8,6.04,264.2
1985/07/10,314.8,6.05,269
1985/07/11,313.5,6.05,260
1985/07/12,312.6,6.06,260
1985/07/15,315.8,6.07,262
1985/07/16,321.7,6.18,262
1985/07/17,325.6,6.26,266
1985/07/18,320,6.14,274.5
1985/07/19,318.9,6.13,272.5
1985/07/22,317.2,6.08,271
1985/07/23,322.5,6.13,274.5
1985/07/24,317.7,6.06,273
1985/07/25,317.4,6.09,274
1985/07/26,316.9,6.12,273
1985/07/29,326.5,6.36,276
1985/07/30,325.2,6.27,281
1985/07/31,327.5,6.27,284
1985/08/01,322.1,6.19,277
1985/08/02,320.5,6.18,277
1985/08/05,323.7,6.17,282
1985/08/06,320,6.11,274
1985/08/07,321.1,6.14,275.5
1985/08/08,322.7,6.15,277
1985/08/09,321.6,6.12,278
1985/08/12,326.9,6.28,292.5
1985/08/13,326.7,6.26,293
1985/08/14,326,6.27,293.5
1985/08/15,331.3,6.31,303.5
1985/08/16,335.3,6.39,317.5
1985/08/19,341.1,6.34,342
1985/08/20,334.4,6.27,327
1985/08/21,335.9,6.29,334
1985/08/22,335.5,6.29,332
1985/08/23,334.8,6.2,328
1985/08/26,337.6,6.3,331
1985/08/27,336,6.31,335
1985/08/28,340.9,6.35,345
1985/08/29,337.2,6.29,342
1985/08/30,333.2,6.26,335.5
1985/09/03,328.2,6.15,322
1985/09/04,326,6.04,321
1985/09/05,326,6.04,316
1985/09/06,317.6,6.09,309.5
1985/09/09,319.6,6.1,312.5
1985/09/10,321.6,6.03,321.5
1985/09/11,321,6.05,318.5
1985/09/12,319.5,6.03,310.5
1985/09/13,321.3,6.05,314
1985/09/16,319.5,6.05,311.5
1985/09/17,317.8,5.96,307.5
1985/09/18,316.5,5.88,297.7
1985/09/19,316.5,5.99,298.7
1985/09/20,319.1,6,304.5
1985/09/23,327.7,6.13,313.5
1985/09/24,327.9,6.16,313.5
1985/09/25,328.5,6.17,313
1985/09/26,329.2,6.1,316.7
1985/09/27,329.2,6.1,316.7
1985/09/30,326,6.04,309.5
1985/10/01,322.5,6.03,306
1985/10/02,325.2,6.06,311.5
1985/10/03,325.1,6.33,312.5
1985/10/04,328,6.32,316
1985/10/07,326,6.29,318
1985/10/08,326.6,6.3,317.5
1985/10/09,326.8,6.26,320.5
1985/10/10,325.7,6.23,321
1985/10/11,325.8,6.22,317.7
1985/10/14,325.8,6.22,323
1985/10/15,327.2,6.25,324
1985/10/16,323.9,6.15,320
1985/10/17,325.7,6.15,321.5
1985/10/18,326.5,6.14,321.5
1985/10/21,326.4,6.13,322
1985/10/22,328,6.2,330.7
1985/10/23,325.9,6.16,336.7
1985/10/24,326.4,6.19,332
1985/10/25,325.6,6.16,335
1985/10/28,326.5,6.19,338
1985/10/29,326.5,6.18,336
1985/10/30,326.4,6.15,334
1985/10/31,325.3,6.09,331
1985/11/01,323.7,6.15,324
1985/11/04,325.6,6.09,324.5
1985/11/05,324.8,6.09,322.5
1985/11/06,324.6,6.09,324
1985/11/07,323.2,6.06,324
1985/11/08,322.2,6,324
1985/11/11,323.3,6.08,327.5
1985/11/12,323.3,6.08,329
1985/11/13,324.5,6.2,338.5
1985/11/14,325.5,6.15,339
1985/11/15,325.6,6.13,336
1985/11/18,323.7,6.09,334.5
1985/11/19,324.6,6.12,336.5
1985/11/20,325.9,6.16,336.5
1985/11/21,325.8,6.17,336.5
1985/11/22,326.7,6.23,344.5
1985/11/25,330.4,6.28,346.5
1985/11/26,331.5,6.25,354
1985/11/27,328.4,6.17,347
1985/11/29,328.4,6.17,346
1985/12/02,321.7,6.04,345
1985/12/03,322.8,6.08,360
1985/12/04,324.2,6.06,345
1985/12/05,323,6.05,340
1985/12/06,322.3,6.03,327
1985/12/09,317.6,5.89,325.25
1985/12/10,317.2,5.81,321
1985/12/11,315.5,5.71,323
1985/12/12,317.7,5.83,328
1985/12/13,318,5.87,331.5
1985/12/16,318.6,5.85,330.5
1985/12/17,321.1,5.84,325
1985/12/18,320.3,5.72,330
1985/12/19,325.8,5.86,338
1985/12/20,325.5,5.89,338.2
1985/12/23,327.6,5.88,334
1985/12/24,327.6,5.88,338.5
1985/12/26,325.5,5.79,338.5
1985/12/27,326.8,5.88,341.2
1985/12/30,327,5.86,337
1985/12/31,329.7,5.83,342.5
1986/01/02,326.5,5.73,353.5
1986/01/03,327,5.81,360
1986/01/06,328,5.82,358.5
1986/01/07,330.2,5.86,357.2
1986/01/08,332.6,5.87,366.5
1986/01/09,333.5,6.01,357.5
1986/01/10,340.4,6.12,360.5
1986/01/13,339.4,6.03,366.2
1986/01/14,341,6.02,377.5
1986/01/15,347,6.09,365
1986/01/16,363.2,6.16,369.5
1986/01/17,352.6,6.12,369.5
1986/01/20,351,6.14,373
1986/01/21,356.7,6.12,372
1986/01/22,353.2,6.15,375.5
1986/01/23,350.3,6.15,377.5
1986/01/24,354,6.19,372.5
1986/01/27,358.4,6.2,372
1986/01/28,353.2,6.19,375.5
1986/01/29,353.5,6.16,367
1986/01/30,358.2,6.19,364.5
1986/01/31,350.5,6.08,350
1986/02/03,347.3,6.03,351
1986/02/04,338.8,5.83,355.5
1986/02/05,337.3,5.9,356.5
1986/02/06,337.1,5.9,363.5
1986/02/07,337.4,5.88,357.5
1986/02/10,340.1,5.91,361.5
1986/02/11,336,5.9,358.5
1986/02/12,337.5,5.89,360
1986/02/13,334,5.9,379
1986/02/14,331.3,5.89,397
1986/02/18,337.5,5.91,392
1986/02/19,341.6,5.95,391.7
1986/02/20,337.3,5.89,406.5
1986/02/21,338,5.88,424
1986/02/24,342,5.88,412
1986/02/25,352.6,5.98,393.5
1986/02/26,346,5.87,397.5
1986/02/27,336.9,5.65,395.5
1986/02/28,338.1,5.61,396.5
1986/03/03,335.6,5.51,403.5
1986/03/04,337.1,5.57,411.5
1986/03/05,341.7,5.55,402
1986/03/06,344.7,5.59,395.5
1986/03/07,343.3,5.6,400.5
1986/03/10,340.5,5.59,408.5
1986/03/11,342.9,5.63,411.5
1986/03/12,344.1,5.69,413
1986/03/13,349.8,5.75,418
1986/03/14,348,5.68,423.5
1986/03/17,349.9,5.77,418.5
1986/03/18,351.1,5.77,425.5
1986/03/19,346.7,5.72,433.5
1986/03/20,350.6,5.73,432.5
1986/03/21,352.9,5.76,432
1986/03/24,350.4,5.71,417.5
1986/03/25,352,5.64,426.5
1986/03/26,344.3,5.61,414
1986/03/27,344.2,5.6,393
1986/03/31,338.1,5.33,405.5
1986/04/01,333.1,5.12,401
1986/04/02,335.5,5.15,406.5
1986/04/03,334.7,5.11,413.5
1986/04/04,334.5,5.14,420.5
1986/04/07,337.9,5.31,427
1986/04/08,339.6,5.23,429
1986/04/09,338.1,5.35,432.7
1986/04/10,337.7,5.37,421.5
1986/04/11,341.9,5.47,428.5
1986/04/14,341.8,5.39,423.5
1986/04/15,342,5.4,423.5
1986/04/16,339,5.41,417.5
1986/04/17,340.1,5.42,413.5
1986/04/18,343,5.24,421
1986/04/21,341.6,5.13,423.7
1986/04/22,344.3,5.13,422.5
1986/04/23,346.2,5.16,425.5
1986/04/24,344.7,5.13,423.7
1986/04/25,344.4,5.13,422
1986/04/28,343.4,5.05,418.5
1986/04/29,342.4,5.15,424
1986/04/30,345.7,5.1,409.5
1986/05/01,345.3,5.12,413.5
1986/05/02,341.6,5.13,410.5
1986/05/05,343,5.19,415.5
1986/05/06,340.4,5.16,417
1986/05/07,342.4,5.22,421
1986/05/08,342.998,5.21,422.7
1986/05/09,343.83,5.23,419
1986/05/12,342.998,5.24,415.5
1986/05/13,339.879,5.1,416
1986/05/14,340.191,5.1,412.7
1986/05/15,339.567,5.04,406.5
1986/05/16,340.815,5.06,405.5
1986/05/19,338.215,4.99,403.5
1986/05/20,336.031,4.87,406.5
1986/05/21,335.928,4.95,406.5
1986/05/22,338.423,5.04,413.2
1986/05/23,338.423,5.16,416.5
1986/05/27,338.943,5.11,417.5
1986/05/28,338.943,5.12,417.5
1986/05/29,339.983,5.17,418
1986/05/30,339.983,5.25,423
1986/06/02,338.423,5.16,417
1986/06/03,338.943,5.13,422
1986/06/04,337.591,5.13,421.5
1986/06/05,338.423,5.16,421
1986/06/06,338.423,5.17,438.5
1986/06/09,338.423,5.25,436.5
1986/06/10,345.494,5.38,452
1986/06/11,344.454,5.08,449.5
1986/06/12,343.518,5.08,432.5
1986/06/13,344.454,5.01,431
1986/06/16,335.928,5.069,436
1986/06/17,333.328,4.96,434.5
1986/06/18,336.655,4.902,434.5
1986/06/19,336.655,4.932,434.5
1986/06/20,336.655,4.973,436.5
1986/06/23,337.591,5.014,439.5
1986/06/24,339.983,5.094,440.5
1986/06/25,341.126,5.1,439.2
1986/06/26,341.958,5.184,435
1986/06/27,340.399,5.234,431.5
1986/06/30,343.518,5.13,424
1986/07/01,341.958,5.13,433
1986/07/02,339.983,5.082,436
1986/07/03,340.399,5.153,435
1986/07/04,340.399,5.144,434.5
1986/07/07,341.854,5.171,435
1986/07/08,343.934,5.323,434.5
1986/07/09,343.934,5.309,434.5
1986/07/10,343.518,5.353,437.5
1986/07/11,344.974,5.264,438.7
1986/07/14,342.582,5.064,440
1986/07/15,344.454,5.037,447
1986/07/16,343.934,5.094,446
1986/07/17,344.454,5.082,441
1986/07/18,344.974,5.112,441.5
1986/07/21,351.004,5.1,444.5
1986/07/22,350.485,5.071,448.7
1986/07/23,344.454,5.082,448.5
1986/07/24,345.494,4.973,447.7
1986/07/25,346.221,5.064,457
1986/07/28,350.485,5.082,463.5
1986/07/29,348.405,5.028,467.7
1986/07/30,348.405,5.052,466.7
1986/07/31,354.644,5.052,478.5
1986/08/01,358.803,5.052,487
1986/08/04,356.827,5.112,496.5
1986/08/05,355.683,5.071,540
1986/08/06,358.803,5.037,531.5
1986/08/07,359.115,5.052,552
1986/08/08,366.081,5.019,535
1986/08/11,385.005,5.082,543
1986/08/12,381.678,5.071,534
1986/08/13,388.541,5.014,534.5
1986/08/14,382.51,5.028,538.5
1986/08/15,382.51,4.973,566
1986/08/18,374.712,5.014,587
1986/08/19,372.112,5.019,582
1986/08/20,375.647,5.028,589
1986/08/21,381.678,5.014,591
1986/08/22,379.391,4.989,609
1986/08/26,378.143,5.014,616
1986/08/27,378.039,4.973,641
1986/08/28,383.238,5.064,649
1986/08/29,383.446,5.112,650
1986/09/01,387.709,5.171,671.5
1986/09/02,391.244,5.171,660
1986/09/03,404.865,5.202,631
1986/09/04,403.722,5.184,628
1986/09/05,417.447,5.234,559
1986/09/08,415.679,5.493,572
1986/09/09,409.752,5.398,559
1986/09/10,416.399,5.369,575
1986/09/11,400.703,5.271,568
1986/09/12,417.491,5.294,567.5
1986/09/15,409.575,5.164,582.5
1986/09/16,413.26,5.1,599.5
1986/09/17,411.349,5.13,615
1986/09/18,416.399,5.164,609
1986/09/19,428.957,5.194,591
1986/09/22,435.099,5.13,589
1986/09/23,431.823,5.082,575
1986/09/24,433.051,5.171,558
1986/09/25,431.823,5.13,556
1986/09/26,431.004,5.194,577
1986/09/29,427.455,5.184,602.5
1986/09/30,422.815,5.362,602.5
1986/10/01,422.951,5.271,598
1986/10/02,432.096,5.443,585
1986/10/03,436.6,5.475,587
1986/10/06,437.146,5.612,573.5
1986/10/07,437.146,5.762,585
1986/10/08,438.374,5.532,585
1986/10/09,431.823,5.754,562
1986/10/10,430.321,5.754,573
1986/10/13,431.55,5.853,559
1986/10/14,428.274,5.74,587
1986/10/15,422.951,5.793,596
1986/10/16,425.135,5.862,592
1986/10/17,420.494,5.96,579
1986/10/20,425.135,5.909,571
1986/10/21,424.043,5.923,575
1986/10/22,423.633,5.862,576
1986/10/23,423.77,5.652,570
1986/10/24,411.349,5.603,571
1986/10/27,409.302,5.534,573.5
1986/10/28,411.349,5.523,569.5
1986/10/29,404.525,5.673,573
1986/10/30,404.661,5.74,561
1986/10/31,399.884,5.714,557
1986/11/03,405.48,5.701,560.5
1986/11/04,407.528,5.74,564
1986/11/05,405.48,5.641,549
1986/11/06,407.528,5.652,529.5
1986/11/07,408.62,5.641,530
1986/11/10,410.53,5.583,535
1986/11/11,403.842,5.555,485
1986/11/12,404.661,5.564,487
1986/11/13,406.982,5.555,492.5
1986/11/14,407.391,5.714,480
1986/11/17,390.739,5.74,473.5
1986/11/18,390.33,5.772,474
1986/11/19,392.514,5.754,478.5
1986/11/20,388.692,5.641,478.5
1986/11/21,382.823,5.641,489
1986/11/24,381.048,5.652,475
1986/11/25,383.778,5.573,485
1986/11/26,381.048,5.632,475
1986/11/27,382.823,5.613,476
1986/11/28,388.965,5.701,477.5
1986/12/01,391.012,5.74,472
1986/12/02,387.873,5.673,488
1986/12/03,391.695,5.632,478
1986/12/04,386.918,5.731,482
1986/12/05,387.191,5.772,493
1986/12/08,386.918,5.673,491.6
1986/12/09,386.099,5.701,484.5
1986/12/10,390.33,5.772,478.5
1986/12/11,387.737,5.782,484.5
1986/12/12,389.784,5.603,484.5
1986/12/15,393.879,5.534,475.5
1986/12/16,393.333,5.534,472
1986/12/17,391.285,5.424,478.5
1986/12/18,392.241,5.345,475
1986/12/19,391.149,5.285,473.5
1986/12/22,392.377,5.285,479
1986/12/23,388.692,5.241,472
1986/12/24,387.873,5.271,484.5
1986/12/29,387.327,5.363,476.5
1986/12/30,387.873,5.424,489
1986/12/31,390.193,5.345,510
1987/01/02,403.102,5.4468,535
1987/01/05,399.084,5.345,534
1987/01/06,400.713,5.3986,541
1987/01/07,399.844,5.3557,532.5
1987/01/08,401.473,5.3986,532
1987/01/09,403.971,5.4575,549.5
1987/01/12,410.595,5.5753,536
1987/01/13,409.184,5.5271,519
1987/01/14,417.437,5.5967,525.5
1987/01/15,414.614,5.5539,515
1987/01/16,415.374,5.5753,524
1987/01/19,421.456,5.645,533
1987/01/20,414.179,5.5164,534
1987/01/21,406.577,5.4575,531.5
1987/01/22,408.749,5.5378,526.5
1987/01/23,402.776,5.4735,532.5
1987/01/26,407.337,5.586,515
1987/01/27,411.138,5.645,519.5
1987/01/28,406.903,5.586,519
1987/01/29,409.184,5.5753,520.5
1987/01/30,403.428,5.5003,523.5
1987/02/02,406.36,5.5057,527.5
1987/02/03,399.844,5.4682,527.5
1987/02/04,402.776,5.4843,519
1987/02/05,399.084,5.4682,510
1987/02/06,403.102,5.5325,510
1987/02/09,405.708,5.5592,499.5
1987/02/10,402.559,5.5057,506
1987/02/11,400.495,5.5057,518
1987/02/12,400.387,5.4843,517
1987/02/13,396.912,5.4146,512.5
1987/02/16,396.912,5.4253,525.5
1987/02/17,394.088,5.4146,520.5
1987/02/18,391.047,5.3557,525
1987/02/19,393.545,5.3986,519
1987/02/20,399.301,5.4414,523
1987/02/23,403.428,5.4682,531
1987/02/24,401.473,5.4253,530
1987/02/25,405.708,5.4789,533.5
1987/02/26,403.862,5.4414,526
1987/02/27,405.274,5.4414,525.5
1987/03/02,404.188,5.4146,528
1987/03/03,404.405,5.4253,537
1987/03/04,406.034,5.4575,537.5
1987/03/05,410.378,5.5325,521.2
1987/03/06,405.817,5.5592,525
1987/03/09,403.971,5.5164,524.2
1987/03/10,405.708,5.5164,522.5
1987/03/11,406.577,5.5325,523.5
1987/03/12,408.206,5.5753,528
1987/03/13,404.405,5.5753,532.7
1987/03/16,405.165,5.5592,545.5
1987/03/17,402.559,5.5325,541.5
1987/03/18,404.731,5.5432,541.5
1987/03/19,403.428,5.5325,572.5
1987/03/20,403.971,5.5003,561
1987/03/23,407.88,5.6289,561
1987/03/24,412.985,5.6771,565
1987/03/25,411.899,5.8378,561.5
1987/03/26,411.03,5.8699,562
1987/03/27,419.935,6.0467,568
1987/03/30,420.695,6.2502,556
1987/03/31,417.763,6.1645,558
1987/04/01,417.003,6.2342,580
1987/04/02,417.546,6.3199,586
1987/04/03,419.175,6.4002,595.5
1987/04/06,418.632,6.5288,592.5
1987/04/07,421.999,6.7163,585
1987/04/08,419.609,6.5877,609
1987/04/09,431.99,6.7913,609
1987/04/10,432.207,6.7591,594.5
1987/04/13,437.854,6.8609,611
1987/04/14,450.344,7.2412,628
1987/04/15,441.764,7.1394,645
1987/04/16,442.85,7.1609,591
1987/04/20,452.516,7.2412,597
1987/04/21,447.194,7.6215,597
1987/04/22,449.801,7.8733,600
1987/04/23,459.683,7.9965,608
1987/04/24,461.855,8.5696,614
1987/04/27,443.719,9.7159,614.5
1987/04/28,451.647,9.6891,609
1987/04/29,451.647,7.6965,604
1987/04/30,453.602,7.8947,603.5
1987/05/01,456.534,7.9965,621
1987/05/04,460.009,8.05,617
1987/05/05,458.054,8.35,613.5
1987/05/06,458.163,8.2964,622.5
1987/05/07,457.406,8.3179,628.5
1987/05/08,454.571,8.253,618.5
1987/05/11,455.692,8.3738,627.5
1987/05/12,458.79,8.4726,616
1987/05/13,458.065,8.7105,598
1987/05/14,463.668,8.6299,576
1987/05/15,467.491,8.8458,574
1987/05/18,473.687,9.0947,581.5
1987/05/19,469.798,9.3545,573
1987/05/20,474.94,9.4752,573
1987/05/21,469.469,9.1166,574.5
1987/05/22,463.998,8.8166,575.5
1987/05/25,465.448,8.297,570.5
1987/05/26,451.078,8.3555,582
1987/05/27,448.968,7.4663,580
1987/05/28,451.671,7.3455,573
1987/05/29,451.275,7.5578,574
1987/06/01,446.661,7.6163,581
1987/06/02,455.89,7.437,585
1987/06/03,451.473,7.6785,575
1987/06/04,452.594,7.5065,583
1987/06/05,453.583,7.7664,575.7
1987/06/08,455.956,7.8578,577
1987/06/09,452.726,7.6456,577
1987/06/10,457.406,7.9164,556
1987/06/11,457.999,7.8688,552
1987/06/12,454.374,7.9493,552
1987/06/15,451.144,7.7481,548.5
1987/06/16,451.737,7.6163,549
1987/06/17,446.793,7.426,555.5
1987/06/18,450.221,7.3858,553
1987/06/19,449.496,7.4663,556
1987/06/22,437.037,7.3565,559
1987/06/23,440.465,6.8076,554.5
1987/06/24,443.563,6.8772,560
1987/06/25,440.663,6.9284,560
1987/06/26,443.695,6.8479,559
1987/06/29,445.936,6.9467,558
1987/06/30,448.639,7.0967,557.5
1987/07/01,446.859,7.2687,565
1987/07/02,445.738,7.2065,577
1987/07/03,443.695,7.4077,571
1987/07/06,443.497,7.2577,573.5
1987/07/07,442.245,7.2467,569.5
1987/07/08,444.75,7.3968,574.5
1987/07/09,445.277,7.6383,579
1987/07/10,444.156,7.6895,573.5
1987/07/13,446.463,7.5578,577.5
1987/07/14,447.386,7.609,581.7
1987/07/15,452.923,7.598,594.5
1987/07/16,452.989,7.7371,604
1987/07/17,450.155,7.7298,596
1987/07/20,451.473,7.437,607.5
1987/07/21,453.055,7.6273,625
1987/07/22,454.571,7.7481,631.5
1987/07/23,454.835,7.7371,624
1987/07/24,453.714,7.6968,617
1987/07/27,453.451,7.7078,611
1987/07/28,456.351,7.7078,616.5
1987/07/29,457.472,7.9274,630.5
1987/07/30,459.186,7.9969,633.5
1987/07/31,463.734,8.1176,631.5
1987/08/03,472.237,8.297,607
1987/08/04,477.643,8.597,593
1987/08/05,466.568,8.8275,604
1987/08/06,467.755,8.5787,597
1987/08/07,463.338,8.2494,600
1987/08/10,460.042,8.0371,600
1987/08/11,463.998,7.7188,608
1987/08/12,462.877,7.8286,603
1987/08/13,459.581,7.8395,595.5
1987/08/14,451.737,7.7993,601
1987/08/17,453.648,7.5285,596
1987/08/18,458.395,7.5468,601.5
1987/08/19,457.999,7.759,599
1987/08/20,456.483,7.8066,612
1987/08/21,454.967,7.759,612
1987/08/24,460.438,7.6566,611
1987/08/25,457.142,7.7773,611
1987/08/26,457.867,7.7188,591
1987/08/27,456.483,7.6968,585
1987/08/28,452.857,7.5468,591
1987/08/31,452.857,7.3675,581
1987/09/01,454.374,7.3895,585.5
1987/09/02,462.943,7.3382,580
1987/09/03,463.668,7.7773,585
1987/09/04,462.679,7.7188,588
1987/09/07,463.734,7.6273,585.5
1987/09/08,458.065,7.6785,583.5
1987/09/09,456.341,7.4883,593
1987/09/10,460.145,7.5163,594
1987/09/11,458.489,7.5897,591
1987/09/14,456.525,7.7067,589
1987/09/15,458.243,7.636,583.5
1987/09/16,457.507,7.636,584
1987/09/17,459.225,7.4565,563.7
1987/09/18,460.943,7.5734,567.7
1987/09/21,459.716,7.4891,571.7
1987/09/22,461.679,7.4674,569
1987/09/23,461.556,7.5952,569
1987/09/24,461.556,7.6469,563.2
1987/09/25,459.777,7.617,577
1987/09/28,459.654,7.5734,581.7
1987/09/29,459.716,7.6034,575.7
1987/09/30,458.979,7.5789,580
1987/10/01,453.457,7.5245,592.5
1987/10/02,454.868,7.5353,590.5
1987/10/05,456.832,7.5462,611.7
1987/10/06,457.016,7.6034,578.5
1987/10/07,457.63,7.6278,572.2
1987/10/08,457.998,7.6469,570.7
1987/10/09,461.372,7.6578,574.2
1987/10/12,461.556,7.8046,568.2
1987/10/13,458.55,7.7366,552.5
1987/10/14,460.636,7.6958,542.7
1987/10/15,462.354,7.7937,526.7
1987/10/16,467.201,7.7149,523.7
1987/10/19,479.227,7.84,529.2
1987/10/20,465.974,8.1636,508
1987/10/21,466.895,7.2253,499
1987/10/22,470.208,7.3966,463
1987/10/23,473.153,7.4266,479
1987/10/26,475.791,7.5381,496
1987/10/27,475.239,7.4374,476
1987/10/28,478.921,7.345,476
1987/10/29,470.883,7.345,497
1987/10/30,468.674,7.0975,502.5
1987/11/02,469.472,6.937,495.2
1987/11/03,467.876,6.9288,507.7
1987/11/04,465.851,6.7983,504.7
1987/11/05,457.139,6.6596,505.2
1987/11/06,460.145,6.2679,497
1987/11/09,461.986,6.4474,499.7
1987/11/10,460.697,6.5181,507.2
1987/11/11,461.372,6.51,513.2
1987/11/12,463.09,6.5399,523.7
1987/11/13,464.379,6.6297,514.2
1987/11/16,461.556,6.7194,518.2
1987/11/17,464.44,6.7194,510.5
1987/11/18,462.906,6.6976,497.7
1987/11/19,464.747,6.578,490.5
1987/11/20,469.165,6.5589,490
1987/11/23,474.871,6.6596,492
1987/11/24,474.81,6.9397,495.2
1987/11/25,476.405,6.9098,504.2
1987/11/26,477.387,6.918,511
1987/11/27,484.504,6.9479,498.5
1987/11/30,490.456,7.1491,496
1987/12/01,489.965,7.0295,490.7
1987/12/02,487.449,6.9288,496.7
1987/12/03,488.063,6.9587,499.7
1987/12/04,483.277,6.888,504
1987/12/07,481.252,6.7276,501
1987/12/08,483.338,6.6677,501
1987/12/09,484.136,6.7085,501
1987/12/10,492.112,6.7276,518.7
1987/12/11,496.714,6.9288,508.5
1987/12/14,498.248,6.9288,500.5
1987/12/15,482.479,6.9887,500.5
1987/12/16,485.67,6.6297,497
1987/12/17,484.995,6.7493,513.7
1987/12/18,479.964,6.8173,504.2
1987/12/21,479.473,6.7575,501.2
1987/12/22,483.4,6.7983,502.5
1987/12/23,482.663,6.7983,499
1987/12/24,485.854,6.7385,505.2
1987/12/28,487.572,6.7983,503.5
1987/12/29,485.977,6.7983,497
1987/12/30,482.479,6.85,490
1987/12/31,485.854,6.7085,495.5
1988/01/04,480.761,6.6079,498
1988/01/05,480.761,6.6786,496
1988/01/06,483.277,6.4692,492.7
1988/01/07,481.314,6.85,492.7
1988/01/08,483.952,7.0784,485
1988/01/11,481.866,6.9288,481.7
1988/01/12,480.592,6.9778,478.2
1988/01/13,480.358,6.869,466
1988/01/14,487.062,6.7392,453.5
1988/01/15,473.965,6.79,460
1988/01/18,475.68,6.8799,442.5
1988/01/19,477.083,6.5996,445.5
1988/01/20,476.304,6.6694,446
1988/01/21,478.409,6.6895,451.5
1988/01/22,477.473,6.6292,446.7
1988/01/25,469.443,6.6989,463.2
1988/01/26,470.067,6.7793,460.2
1988/01/27,465.779,6.5771,465.7
1988/01/28,466.558,6.6481,469.2
1988/01/29,454.007,6.6481,470.7
1988/02/01,454.63,6.6185,470.7
1988/02/02,454.007,6.518,463.5
1988/02/03,439.35,6.5771,468.7
1988/02/04,445.041,6.518,460
1988/02/05,440.363,6.3371,455
1988/02/08,440.129,6.4081,453.7
1988/02/09,441.923,6.3785,458.5
1988/02/10,440.909,6.3075,454.2
1988/02/11,440.129,6.2673,482
1988/02/12,445.431,6.2886,476
1988/02/15,445.041,6.2993,471.2
1988/02/16,444.651,6.369,477
1988/02/17,446.21,6.3489,477
1988/02/18,442.702,6.3584,477
1988/02/19,445.041,6.4282,478
1988/02/22,444.417,6.3288,488.7
1988/02/23,441.299,6.3891,487
1988/02/24,431.943,6.3986,476
1988/02/25,432.957,6.2886,489.7
1988/02/26,429.449,6.1893,500.2
1988/02/29,430.228,6.2496,500.2
1988/03/01,430.774,6.1586,499.2
1988/03/02,430.618,6.239,499.5
1988/03/03,427.656,6.2295,509.2
1988/03/04,437.401,6.2189,515.7
1988/03/07,437.245,6.2697,515.7
1988/03/08,435.062,6.3797,508
1988/03/09,436.075,6.3891,506
1988/03/10,442.078,6.2993,518
1988/03/11,441.143,6.2993,525.7
1988/03/14,441.689,6.3797,530.2
1988/03/15,446.21,6.1597,536.2
1988/03/16,445.041,6.239,536.7
1988/03/17,443.638,6.3596,526.7
1988/03/18,444.261,6.3099,523.7
1988/03/21,448.939,6.3099,528
1988/03/22,448.783,6.3596,528
1988/03/23,450.888,6.44,528
1988/03/24,453.227,6.4696,531.2
1988/03/25,452.291,6.5996,531.7
1988/03/28,455.176,6.7297,540.7
1988/03/29,455.02,6.6599,546.2
1988/03/30,456.735,6.6599,531.7
1988/03/31,453.851,6.6989,532.7
1988/04/04,455.41,6.7297,523
1988/04/05,452.058,6.7392,513
1988/04/06,447.38,6.339,520.7
1988/04/07,449.173,6.41,513.5
1988/04/08,450.109,6.6398,521.2
1988/04/11,451.122,6.4293,522.7
1988/04/12,449.953,6.4092,519.7
1988/04/13,446.21,6.4199,518.5
1988/04/14,452.837,6.44,518.7
1988/04/15,454.786,6.3998,516.7
1988/04/18,458.295,6.3194,520.2
1988/04/19,456.969,6.4494,518.7
1988/04/20,455.41,6.4589,524.7
1988/04/21,453.851,6.4199,530
1988/04/22,449.329,6.4494,531.5
1988/04/25,446.99,6.44,540.5
1988/04/26,448.393,6.4494,534.2
1988/04/27,451.122,6.4092,555.2
1988/04/28,449.953,6.3596,557.2
1988/04/29,449.953,6.3891,551.7
1988/05/02,444.417,6.4991,564.2
1988/05/03,445.197,6.4589,563
1988/05/04,444.028,6.4896,572.7
1988/05/05,444.807,6.369,573.7
1988/05/06,442.858,6.369,581.7
1988/05/09,446.6,6.3288,584
1988/05/10,449.329,6.3596,585
1988/05/11,449.173,6.3797,607
1988/05/12,451.278,6.479,614
1988/05/13,451.122,6.5689,606.3
1988/05/16,453.436,6.5594,614.8
1988/05/17,453.436,6.5795,618
1988/05/18,455.443,6.5996,615.8
1988/05/19,455.702,6.5775,581.8
1988/05/20,456.09,6.5374,577
1988/05/23,460.04,6.6759,580
1988/05/24,459.069,6.6066,574
1988/05/25,453.436,6.6759,566.7
1988/05/26,452.788,6.7469,579
1988/05/27,450.328,6.7469,589.3
1988/05/30,452.076,6.5793,580.3
1988/05/31,454.407,6.5957,580.3
1988/06/01,456.673,6.5374,586.3
1988/06/02,466.838,6.5666,571.2
1988/06/03,464.184,6.5957,570
1988/06/06,462.694,6.818,557.7
1988/06/07,458.939,7.2297,561
1988/06/08,455.702,7.2169,570.7
1988/06/09,456.932,7.2679,551.7
1988/06/10,448.839,7.2187,554.7
1988/06/13,449.422,7.0876,562
1988/06/14,450.328,7.1386,558.7
1988/06/15,452.659,6.9783,553.2
1988/06/16,449.681,7.0165,576.2
1988/06/17,454.083,7.0384,573.7
1988/06/20,450.587,7.1185,547.2
1988/06/21,451.429,7.1185,541.7
1988/06/22,449.422,7.2187,544.7
1988/06/23,447.285,7.1696,557.2
1988/06/24,442.947,7.1677,545
1988/06/27,442.947,6.9965,542.7
1988/06/28,437.185,6.9692,543.2
1988/06/29,435.696,6.7888,560.2
1988/06/30,434.919,6.92,557.7
1988/07/01,437.055,6.7396,557.2
1988/07/04,437.185,6.6285,550
1988/07/05,437.832,6.6777,550
1988/07/06,438.415,6.6977,526
1988/07/07,438.933,6.7178,519
1988/07/08,438.415,6.7579,521
1988/07/11,434.53,6.818,530
1988/07/12,436.667,6.9382,525
1988/07/13,439.904,6.9874,530.5
1988/07/14,438.285,6.9382,536.5
1988/07/15,439.904,6.9692,537.5
1988/07/18,437.444,7.1495,525.2
1988/07/19,445.407,7.277,511
1988/07/20,444.177,7.2989,520.7
1988/07/21,441.329,7.1495,527.5
1988/07/22,442.041,7.6796,536.7
1988/07/25,426.826,7.778,525
1988/07/26,432.07,7.7288,536.2
1988/07/27,433.171,7.5886,525
1988/07/28,431.94,7.0493,534.7
1988/07/29,435.696,6.909,537
1988/08/01,434.336,6.9491,537.5
1988/08/02,431.423,6.6996,540
1988/08/03,433.171,6.7997,545.2
1988/08/04,432.782,6.869,549
1988/08/05,431.681,6.6795,541
1988/08/08,430.322,6.8289,534
1988/08/09,427.408,6.8489,526
1988/08/10,428.833,6.8398,527.5
1988/08/11,428.833,6.6795,533.5
1988/08/12,430.905,6.5884,529.7
1988/08/15,432.653,6.6795,527.2
1988/08/16,428.574,6.6795,527.5
1988/08/17,430.451,6.6996,533.7
1988/08/18,431.681,6.7487,537.7
1988/08/19,431.164,6.6085,522
1988/08/22,433.171,6.6394,521.7
1988/08/23,431.94,6.6686,526.5
1988/08/24,434.66,6.6486,521.7
1988/08/25,432.07,6.7196,518.7
1988/08/26,431.681,6.7087,507
1988/08/29,429.415,6.7688,511.7
1988/08/30,428.185,6.7087,496.7
1988/08/31,430.581,6.6486,494.5
1988/09/01,430.192,6.5192,496.2
1988/09/02,429.286,6.4882,492
1988/09/05,427.279,6.5593,492.7
1988/09/06,426.437,6.5793,495.5
1988/09/07,427.667,6.5192,506
1988/09/08,428.444,6.4882,508
1988/09/09,421.581,6.4882,505.7
1988/09/12,420.675,6.5483,510.5
1988/09/13,420.675,6.6194,508.5
1988/09/14,420.675,6.45,515
1988/09/15,417.049,6.419,512
1988/09/16,411.549,6.4791,508.5
1988/09/19,408.675,6.4882,515.5
1988/09/20,405.138,6.4299,521.5
1988/09/21,397.401,6.292,522
1988/09/22,398.617,6.356,527.2
1988/09/23,393.091,6.245,540
1988/09/26,394.472,6.165,543.7
1988/09/27,397.236,6.245,540.5
1988/09/28,397.788,6.173,543
1988/09/29,396.02,6.112,537.2
1988/09/30,394.03,6.154,529.5
1988/10/03,397.346,6.154,537
1988/10/04,397.788,6.173,541
1988/10/05,400.165,6.132,535.5
1988/10/06,403.37,6.223,544.7
1988/10/07,402.762,6.245,551.7
1988/10/10,408.068,6.264,556.7
1988/10/11,404.033,6.283,579.5
1988/10/12,407.625,6.305,591
1988/10/13,406.631,6.334,577.7
1988/10/14,408.786,6.193,584.7
1988/10/17,411.826,6.305,570
1988/10/18,411.826,6.275,576.7
1988/10/19,410.886,6.353,577
1988/10/20,412.047,6.404,587
1988/10/21,408.012,6.343,576.2
1988/10/24,405.636,6.334,580.5
1988/10/25,406.189,6.343,587
1988/10/26,408.178,6.223,581
1988/10/27,407.128,6.185,560.7
1988/10/28,412.157,6.214,562.7
1988/10/31,412.157,6.216,570.5
1988/11/01,411.052,6.195,571.7
1988/11/02,421.331,6.288,590.5
1988/11/03,421.055,6.296,589
1988/11/04,421.055,6.288,604
1988/11/07,422.105,6.475,616
1988/11/08,418.347,6.397,608
1988/11/09,421.829,6.425,610
1988/11/10,418.292,6.486,609.5
1988/11/11,420.834,6.387,604
1988/11/14,422.823,6.497,594
1988/11/15,422.823,6.345,587
1988/11/16,423.431,6.387,592
1988/11/17,422.216,6.407,594.5
1988/11/18,416.8,6.366,599
1988/11/21,415.307,6.276,585
1988/11/22,417.463,6.186,526
1988/11/23,419.065,6.055,526
1988/11/24,419.784,6.018,538
1988/11/25,424.095,6.075,543
1988/11/28,422.105,6.097,545
1988/11/29,421.331,6.126,546
1988/11/30,423.597,6.175,547
1988/12/01,422.934,6.045,534
1988/12/02,430.34,5.996,513
1988/12/05,428.184,6.134,522
1988/12/06,427.079,6.105,522
1988/12/07,422.216,6.186,524
1988/12/08,423.431,6.165,524
1988/12/09,422.326,6.175,516.5
1988/12/12,419.563,6.134,521.7
1988/12/13,419.286,6.075,533
1988/12/14,420.834,6.165,529
1988/12/15,412.655,6.157,530.2
1988/12/16,412.655,6.175,531.2
1988/12/19,413.926,6.175,522.7
1988/12/20,413.926,6.065,524
1988/12/21,414.81,6.075,526.7
1988/12/22,417.076,6.105,539.7
1988/12/23,417.905,6.095,536.7
1988/12/27,417.684,6.105,546.7
1988/12/28,412.82,6.105,541
1988/12/29,407.404,6.114,535.5
1988/12/30,409.394,5.985,542.5
1989/01/03,410.278,6.143,530.7
1989/01/04,408.068,6.045,517
1989/01/05,407.404,5.947,525.5
1989/01/06,405.304,6.036,528.2
1989/01/09,404.531,5.881,520.5
1989/01/10,403.37,5.895,521
1989/01/11,402.873,5.925,517.5
1989/01/12,404.144,5.967,528
1989/01/13,401.767,5.987,528
1989/01/16,401.27,5.897,541.5
1989/01/17,402.044,5.939,534.5
1989/01/18,401.546,5.917,525
1989/01/19,403.133,5.906,529.7
1989/01/20,407.662,5.887,527.7
1989/01/23,406.897,5.887,537.7
1989/01/24,404.897,5.896,538
1989/01/25,405.132,5.895,544.7
1989/01/26,402.015,5.948,542.7
1989/01/27,394.78,6.176,545
1989/01/30,394.192,6.176,537.7
1989/01/31,390.31,6.127,541.7
1989/02/01,391.839,6.157,541.7
1989/02/02,390.78,6.046,530.7
1989/02/03,391.133,5.888,528.2
1989/02/06,391.368,5.826,536.7
1989/02/07,389.839,5.784,534.7
1989/02/08,393.603,5.827,547
1989/02/09,392.898,5.817,544
1989/02/10,386.721,5.827,538
1989/02/13,384.78,5.898,543
1989/02/14,384.369,5.848,546
1989/02/15,383.369,5.908,547.5
1989/02/16,382.839,5.889,544.7
1989/02/17,379.898,5.799,536.5
1989/02/20,382.133,5.817,547.7
1989/02/21,385.427,5.817,551.2
1989/02/22,386.074,5.889,544
1989/02/23,390.368,5.876,546.5
1989/02/24,388.957,5.927,545.5
1989/02/27,385.898,5.927,536
1989/02/28,386.898,5.927,531
1989/03/01,383.545,5.937,522
1989/03/02,383.31,5.937,526
1989/03/03,386.133,5.908,529
1989/03/06,387.133,5.848,532.5
1989/03/07,392.662,5.807,529
1989/03/08,392.192,5.747,519
1989/03/09,394.074,5.757,525.5
1989/03/10,393.427,5.807,521.5
1989/03/13,393.251,5.807,519
1989/03/14,395.015,5.868,532
1989/03/15,390.721,5.848,534
1989/03/16,388.604,5.997,555
1989/03/17,392.368,6.058,553.5
1989/03/20,394.898,6.078,558
1989/03/21,393.133,6.167,545
1989/03/22,393.427,6.086,549
1989/03/23,391.486,6.048,553
1989/03/27,389.957,6.118,552.5
1989/03/28,381.957,6.108,549
1989/03/29,381.369,6.048,548
1989/03/30,380.251,6.048,551
1989/03/31,384.663,5.997,552
1989/04/03,385.486,5.937,535
1989/04/04,385.721,5.799,528
1989/04/05,383.427,5.757,533
1989/04/06,383.604,5.738,532
1989/04/07,382.663,5.779,534
1989/04/10,385.31,5.789,525
1989/04/11,384.604,5.807,534.5
1989/04/12,386.721,5.789,528
1989/04/13,389.31,5.789,534
1989/04/14,384.721,5.779,535
1989/04/17,384.957,5.817,538
1989/04/18,382.898,5.827,526
1989/04/19,382.427,5.858,521
1989/04/20,385.133,5.868,517
1989/04/21,383.957,5.807,499
1989/04/24,386.427,5.81,502
1989/04/25,384.604,5.757,495
1989/04/26,383.898,5.747,500
1989/04/27,381.957,5.779,487
1989/04/28,377.722,5.757,493
1989/05/01,377.722,5.817,505
1989/05/02,377.075,5.789,501.2
1989/05/03,377.722,5.758,505
1989/05/04,376.722,5.639,494
1989/05/05,376.957,5.597,496.5
1989/05/08,375.369,5.648,503
1989/05/09,377.898,5.619,500
1989/05/10,376.192,5.629,504
1989/05/11,379.31,5.619,504
1989/05/12,375.957,5.589,492.5
1989/05/15,374.075,5.599,487.5
1989/05/16,373.604,5.658,485
1989/05/17,371.663,5.609,487.5
1989/05/18,368.193,5.649,483
1989/05/19,364.369,5.528,493
1989/05/22,361.487,5.489,493
1989/05/23,361.781,5.499,500.5
1989/05/24,361.94,5.429,497.7
1989/05/25,365.748,5.399,506.2
1989/05/26,363.963,5.239,506.5
1989/05/29,362.694,5.11,514
1989/05/30,363.17,5.18,513.7
1989/05/31,361.226,5.1698,506.5
1989/06/01,362.099,5.2899,508.2
1989/06/02,367.176,5.2495,501.2
1989/06/05,365.351,5.2395,501.2
1989/06/06,377.171,5.2296,513.5
1989/06/07,374.355,5.1598,519.7
1989/06/08,372.729,5.1997,512
1989/06/09,356.983,5.2694,508
1989/06/12,360.751,5.2495,512
1989/06/13,362.059,5.4194,509.5
1989/06/14,361.663,5.4294,509.5
1989/06/15,366.264,5.44,508
1989/06/16,364.32,5.1499,508
1989/06/19,366.026,5.2096,500
1989/06/20,364.875,5.2296,492
1989/06/21,370.944,5.2296,494
1989/06/22,369.714,5.3099,495.5
1989/06/23,376.973,5.2899,494
1989/06/26,374.077,5.3099,497.5
1989/06/27,375.664,5.2296,497.5
1989/06/28,374.95,5.28,495
1989/06/29,369.952,5.28,494.5
1989/06/30,373.443,5.3198,494.5
1989/07/03,376.973,5.2999,499
1989/07/04,376.457,5.2999,495.7
1989/07/05,384.271,5.28,497
1989/07/06,384.469,5.1094,479
1989/07/07,381.574,5.1499,488
1989/07/10,382.724,5.2296,480.5
1989/07/11,379.471,5.2395,484
1989/07/12,377.052,5.3995,476.5
1989/07/13,375.069,5.3796,483
1989/07/14,370.071,5.2096,488
1989/07/17,370.27,5.2296,492.5
1989/07/18,372.054,5.2594,484
1989/07/19,367.969,5.1897,485
1989/07/20,370.706,5.1997,483.7
1989/07/21,371.698,5.2096,487
1989/07/24,372.451,5.2694,490.5
1989/07/25,372.768,5.2495,484.5
1989/07/26,374.157,5.1598,478
1989/07/27,372.53,5.1797,476
1989/07/28,366.303,5.1897,478
1989/07/31,370.071,5.2096,479
1989/08/01,369.992,5.2196,476
1989/08/02,369.357,5.2296,473
1989/08/03,373.086,5.2177,471
1989/08/04,367.335,5.1368,476.2
1989/08/07,366.065,5.2557,473.5
1989/08/08,365.827,5.2557,473.5
1989/08/09,365.748,5.1978,473.7
1989/08/10,365.748,5.2875,475.2
1989/08/11,363.289,5.158,475.5
1989/08/14,364.875,5.148,481
1989/08/15,368.643,5.148,469
1989/08/16,366.303,5.158,474
1989/08/17,365.827,5.1679,474.5
1989/08/18,365.827,5.1885,476
1989/08/21,366.383,5.1978,477
1989/08/22,366.383,5.247,481
1989/08/23,363.606,5.1779,483
1989/08/24,362.258,5.247,493.5
1989/08/25,359.005,5.2376,496
1989/08/28,358.767,5.2177,495
1989/08/29,362.099,5.2177,497
1989/08/30,360.037,5.1679,497
1989/08/31,358.291,5.1679,495.5
1989/09/01,359.005,5.1069,490.5
1989/09/04,358.926,5.0976,490.5
1989/09/05,358.133,5.0976,483.5
1989/09/06,360.513,5.0858,482.5
1989/09/07,359.402,5.0565,480.5
1989/09/08,358.291,5.0777,477
1989/09/11,357.974,5.0777,481
1989/09/12,358.291,5.0677,482
1989/09/13,358.45,5.1069,482
1989/09/14,359.164,5.1287,483.5
1989/09/15,362.337,5.0677,489
1989/09/18,360.195,5.0565,488
1989/09/19,359.719,5.0777,481
1989/09/20,363.368,5.0677,478
1989/09/21,363.924,5.0565,484
1989/09/22,364.162,5.0777,481
1989/09/25,368.207,5.0677,480
1989/09/26,366.794,5.0677,482
1989/09/27,365.729,5.1175,492
1989/09/28,366.384,5.1779,490
1989/09/29,366.138,5.2769,490
1989/10/02,366.302,5.2769,485
1989/10/03,365.565,5.2556,492
1989/10/04,365.811,5.2458,487.5
1989/10/05,362.697,5.2556,489.5
1989/10/06,363.025,5.2275,489
1989/10/09,362.288,5.2177,499.5
1989/10/10,360.649,5.2177,496
1989/10/11,361.632,5.2458,511.5
1989/10/12,362.779,5.1578,517.5
1989/10/13,362.779,5.1174,518
1989/10/16,366.548,5.0562,518.7
1989/10/17,366.466,5.0367,517.2
1989/10/18,367.859,5.077,524.7
1989/10/19,366.384,5.0856,529.7
1989/10/20,366.384,5.077,529.2
1989/10/23,365.811,5.0978,530
1989/10/24,369.006,5.0978,522.5
1989/10/25,368.186,5.1064,515
1989/10/26,371,5.077,512.2
1989/10/27,377.25,5.0856,517.7
1989/10/30,376.9,5.0856,507.2
1989/10/31,373.7,5.148,498
1989/11/01,372.95,5.1064,497.5
1989/11/02,378.5,5.19,497.7
1989/11/03,377.6,5.27,501.7
1989/11/06,380.6,5.24,507.5
1989/11/07,384.75,5.17,515
1989/11/08,388.75,5.14,509.5
1989/11/09,386.25,5.23,509
1989/11/10,385.7,5.23,514.3
1989/11/13,390.25,5.24,507.3
1989/11/14,392.3,5.27,510.7
1989/11/15,389.8,5.27,514.5
1989/11/16,391.7,5.28,512
1989/11/17,394.4,5.23,512.5
1989/11/20,398.2,5.29,511.5
1989/11/21,403.25,5.38,512
1989/11/22,409.75,5.49,501
1989/11/23,411.75,5.57,494
1989/11/24,418.8,5.67,473
1989/11/27,414,5.71,474.5
1989/11/28,412.75,5.82,481
1989/11/29,407.5,5.8,494
1989/11/30,411.5,5.81,490
1989/12/01,413.5,5.88,488.5
1989/12/04,400,5.69,496
1989/12/05,403.6,5.68,501
1989/12/06,405,5.54,508.5
1989/12/07,409.4,5.66,505.5
1989/12/08,412,5.67,496
1989/12/11,417,5.49,498
1989/12/12,417.3,5.55,504
1989/12/13,405,5.56,498
1989/12/14,408.4,5.62,496.3
1989/12/15,413.1,5.65,498
1989/12/18,412.4,5.7,508
1989/12/19,412.5,5.67,507
1989/12/20,413.3,5.51,518
1989/12/21,411.75,5.56,520
1989/12/22,413.9,5.61,514
1989/12/25,413,5.58,511
1989/12/26,406.8,5.54,512
1989/12/27,400.5,5.55,510
1989/12/28,399.5,5.55,511
1989/12/29,402.8,5.57,511
1990/01/02,399.2,5.57,512
1990/01/03,394.5,5.52,506
1990/01/04,398.8,5.25,509.5
1990/01/05,406.1,5.16,522.2
1990/01/08,401.85,5.21,520.2
1990/01/09,405.5,5.18,523
1990/01/10,411.2,5.17,525
1990/01/11,413.2,5.27,525
1990/01/12,415,5.32,530.5
1990/01/15,415.2,5.24,532.5
1990/01/16,409,5.26,527.5
1990/01/17,413.2,5.29,525
1990/01/18,410.65,5.31,517
1990/01/19,409.9,5.35,508
1990/01/22,408.4,5.26,509
1990/01/23,412.95,5.21,508
1990/01/24,417.4,5.26,507
1990/01/25,417.75,5.2,506
1990/01/26,420,5.21,511
1990/01/29,418.75,5.28,505.7
1990/01/30,418.6,5.3,506
1990/01/31,411.45,5.23,500
1990/02/01,417.65,5.23,504
1990/02/02,418.1,5.23,500.5
1990/02/05,422.7,5.22,500
1990/02/06,421.25,5.22,504
1990/02/07,417.6,5.19,504
1990/02/08,418.7,5.3,501.7
1990/02/09,415.75,5.31,496.2
1990/02/12,419.3,5.34,488
1990/02/13,417.8,5.31,490.2
1990/02/14,416.6,5.31,493.7
1990/02/15,413.3,5.32,479.7
1990/02/16,417.25,5.26,474.7
1990/02/19,416.4,5.29,473.2
1990/02/20,419.1,5.33,473.7
1990/02/21,417.3,5.33,474
1990/02/22,416.5,5.32,471
1990/02/23,414.9,5.33,478
1990/02/26,408.3,5.33,474.5
1990/02/27,408.4,5.33,479
1990/02/28,406.5,5.27,479
1990/03/01,406.7,5.28,477.5
1990/03/02,403.25,5.24,477
1990/03/05,404.3,5.15,480
1990/03/06,403.75,5.12,484
1990/03/07,401.3,5.12,483
1990/03/08,399.85,5.15,481
1990/03/09,399.8,5.13,481
1990/03/12,398.9,5.12,482.5
1990/03/13,398.7,5.12,484
1990/03/14,398,5.13,484.5
1990/03/15,398.25,5.12,488
1990/03/16,399.7,5.09,474
1990/03/19,401,5.05,475.7
1990/03/20,393,5.06,476
1990/03/21,391.4,5.08,471
1990/03/22,394,5.1,469.5
1990/03/23,388.9,5.11,479
1990/03/26,368.25,5.11,478.5
1990/03/27,367.5,5.06,482
1990/03/28,369.1,5.06,484
1990/03/29,371.3,5.09,479
1990/03/30,370.2,5.06,478
1990/04/02,370.3,4.99,482
1990/04/03,375,4.96,477
1990/04/04,377,4.95,481.5
1990/04/05,375.3,4.97,480.7
1990/04/06,380.5,4.96,482.5
1990/04/09,375.7,4.96,486.5
1990/04/10,375.5,5.01,490.2
1990/04/11,374.75,5.15,500
1990/04/12,375.7,5.15,500
1990/04/13,375.7,5.18,495
1990/04/16,374.6,5.12,502
1990/04/17,374.5,5.1,499
1990/04/18,376.2,5.13,497
1990/04/19,377.3,5.11,494.5
1990/04/20,376,5.11,488
1990/04/23,378.45,5.07,486
1990/04/24,375.6,5.1,481.5
1990/04/25,371.35,5.09,490.5
1990/04/26,370.6,5.09,487
1990/04/27,371.25,5.1,485
1990/04/30,368.65,5.1,487.25
1990/05/01,370.05,5.01,484.5
1990/05/02,369.7,4.95,486.25
1990/05/03,371.3,4.94,484
1990/05/04,371.1,4.94,476.75
1990/05/07,371.8,4.95,472
1990/05/08,370.25,5.03,478.5
1990/05/09,371.1,5,475
1990/05/10,370.7,5.02,479.5
1990/05/11,368.7,5.03,477.25
1990/05/14,368,5.04,478
1990/05/15,369.9,5.01,480
1990/05/16,369,5.04,477
1990/05/17,369.1,5.1,478
1990/05/18,373,5.06,481.5
1990/05/21,372.6,5.06,482
1990/05/22,374.5,5.02,486
1990/05/23,364.6,5.02,487.25
1990/05/24,366.5,5.03,489.5
1990/05/25,367.6,5.14,487.5
1990/05/28,367.25,5.13,484.5
1990/05/29,366.5,5.27,483.5
1990/05/30,364.5,5.22,480.25
1990/05/31,363.7,5.23,477.25
1990/06/01,358.75,5.22,467
1990/06/04,357.55,5.21,475
1990/06/05,359,5.14,475.5
1990/06/06,356.8,5.05,472.5
1990/06/07,353.8,5.08,472.5
1990/06/08,355,5.06,475.5
1990/06/11,355.1,5.05,474
1990/06/12,354.5,5.07,481.5
1990/06/13,353.3,5.05,479.5
1990/06/14,348.9,5.02,481
1990/06/15,345.3,5.02,475.5
1990/06/18,348.5,5.01,472
1990/06/19,348,5.02,474.25
1990/06/20,349.5,4.92,485
1990/06/21,349.8,4.79,487
1990/06/22,349.5,4.8,488.5
1990/06/25,353.1,4.83,483.5
1990/06/26,350.05,4.82,484
1990/06/27,350,4.84,479.5
1990/06/28,350.9,4.83,478.5
1990/06/29,356.8,4.83,481.75
1990/07/02,357.85,4.83,487.5
1990/07/03,361.25,4.83,500
1990/07/04,362.3,4.81,500
1990/07/05,360.5,4.82,497
1990/07/06,360.2,4.89,497.5
1990/07/09,357.6,4.94,503
1990/07/10,354.75,4.92,504.25
1990/07/11,353.1,4.94,501
1990/07/12,357.7,4.88,500
1990/07/13,364,4.88,504.75
1990/07/16,362.5,4.82,501.5
1990/07/17,361,4.82,501.5
1990/07/18,361.1,4.83,481
1990/07/19,360.4,4.89,487.5
1990/07/20,361,4.92,483.5
1990/07/23,368.4,4.85,484
1990/07/24,367.05,4.82,487.5
1990/07/25,371.2,4.88,482.75
1990/07/26,368.7,4.86,483.5
1990/07/27,367.25,4.86,486
1990/07/30,367.7,4.89,477.75
1990/07/31,370.5,4.82,469.5
1990/08/01,373,4.83,454
1990/08/02,377.2,4.84,456
1990/08/03,377.5,4.84,456.75
1990/08/06,384.5,4.81,457
1990/08/07,386,4.81,457.75
1990/08/08,382.7,4.84,460
1990/08/09,385.5,4.83,460.25
1990/08/10,396.5,4.85,451
1990/08/13,404,4.9,452
1990/08/14,404.3,4.9,457
1990/08/15,402.4,4.86,457.75
1990/08/16,410,4.87,452.5
1990/08/17,409.1,4.98,441
1990/08/20,409.5,5.14,431.25
1990/08/21,406.75,5.19,431
1990/08/22,413.25,5.07,444.5
1990/08/23,411.2,5.21,442
1990/08/24,411.7,5.19,443
1990/08/27,389.75,5.14,449
1990/08/28,382,5.1,444.5
1990/08/29,387,5.14,447.5
1990/08/30,389,5.13,434.5
1990/08/31,382.75,5.13,418
1990/09/03,386.6,4.91,415
1990/09/04,384.25,4.84,400.5
1990/09/05,388.5,4.84,400
1990/09/06,390,4.85,396.5
1990/09/07,389.8,4.79,399
1990/09/10,379.3,4.82,409
1990/09/11,380.6,4.75,417
1990/09/12,382.4,4.78,427.5
1990/09/13,383.5,4.8,427
1990/09/14,385.1,4.82,424.75
1990/09/17,390.5,4.78,415
1990/09/18,388.6,4.79,414.5
1990/09/19,385.6,4.82,432.5
1990/09/20,389.5,4.79,436.5
1990/09/21,389,4.81,433.5
1990/09/24,403.25,4.79,421.5
1990/09/25,401.15,4.81,422.5
1990/09/26,407,4.79,429
1990/09/27,405,4.8,424
1990/09/28,402.9,4.8,421
1990/10/01,388.3,4.93,415.5
1990/10/02,388.8,4.84,410.25
1990/10/03,394.25,4.82,419
1990/10/04,392.75,4.79,418.5
1990/10/05,394,4.77,417.25
1990/10/08,393.75,4.67,423.5
1990/10/09,390,4.7,418.75
1990/10/10,388.5,4.7,416
1990/10/11,390.9,4.69,415.5
1990/10/12,388,4.69,421
1990/10/15,375.5,4.68,431
1990/10/16,362.1,4.61,430
1990/10/17,366.3,4.44,425.25
1990/10/18,371,4.27,431.5
1990/10/19,372.7,4.32,431
1990/10/22,369.5,4.15,426.5
1990/10/23,370.7,4.17,431
1990/10/24,373.5,4.2,431
1990/10/25,376.2,4.24,430
1990/10/26,371,4.27,428.5
1990/10/29,374.05,4.22,417
1990/10/30,378.5,4.23,422
1990/10/31,379.95,4.24,422.75
1990/11/01,381.3,4.23,419.5
1990/11/02,376.25,4.06,417
1990/11/05,378.7,4.13,417.75
1990/11/06,385.1,4.22,416.75
1990/11/07,386.35,4.17,414.25
1990/11/08,387,4.24,418
1990/11/09,384.4,4.18,426
1990/11/12,381.4,4.21,416
1990/11/13,385,4.24,415
1990/11/14,377.2,4.28,415
1990/11/15,378.8,4.27,415
1990/11/16,378.9,4.23,409
1990/11/19,381.5,4.19,411.5
1990/11/20,377.5,4.21,414
1990/11/21,379.1,4.17,410.5
1990/11/22,380,4.12,416
1990/11/23,383.9,4.15,414.5
1990/11/26,386.2,4.14,415
1990/11/27,384.9,4.12,410.5
1990/11/28,384.7,4.12,413
1990/11/29,387.1,4.13,418.5
1990/11/30,382,4.14,421
1990/12/03,375.3,4.16,422
1990/12/04,375.8,4.11,420
1990/12/05,372.95,4.13,421.5
1990/12/06,371.1,4.11,411
1990/12/07,369.3,4.14,410
1990/12/10,373,4.14,407
1990/12/11,372,4.15,407.5
1990/12/12,371.5,4.16,401.5
1990/12/13,373.05,4.14,391.25
1990/12/14,375.8,4.07,395
1990/12/17,376.5,4.07,388
1990/12/18,375.85,4.08,392.5
1990/12/19,384,4.04,389
1990/12/20,383.4,4.03,393
1990/12/21,381.2,3.95,390.5
1990/12/24,383,3.97,390.5
1990/12/25,389,3.97,383.25
1990/12/26,384,4.09,384
1990/12/27,384.6,4.21,379
1990/12/28,392.75,4.03,385.25
1990/12/31,392.5,4.04,383.25
1991/01/02,388.4,4.08,383
1991/01/03,386.5,4.1,385.5
1991/01/04,385.05,4.09,390
1991/01/07,392.85,4.19,390.25
1991/01/08,390.5,4.2,388
1991/01/09,391.25,4.12,386
1991/01/10,389.4,4.2,387.5
1991/01/11,391.35,4.17,383
1991/01/14,398.5,4.28,380
1991/01/15,398.75,4.15,380.5
1991/01/16,403,4.15,386.5
1991/01/17,373,4.11,393
1991/01/18,373.1,4.14,403
1991/01/21,379.1,4.19,402.75
1991/01/22,380.5,4.19,405.5
1991/01/23,378,4.21,396
1991/01/24,372.65,4.01,403
1991/01/25,375.5,3.99,400.75
1991/01/28,376.35,4,409.75
1991/01/29,376.1,4.01,412.5
1991/01/30,367.7,3.92,404
1991/01/31,366.1,3.77,411.25
1991/02/01,365.3,3.81,405.5
1991/02/04,368.1,3.82,405.5
1991/02/05,365.6,3.85,398
1991/02/06,362.1,3.81,399
1991/02/07,367,3.84,400.5
1991/02/08,369.3,3.86,395
1991/02/11,366,3.85,393
1991/02/12,366.75,3.85,394.5
1991/02/13,366.8,3.78,389
1991/02/14,367.7,3.82,385.5
1991/02/15,363.5,3.84,392
1991/02/18,363.7,3.7,390
1991/02/19,363.4,3.73,390
1991/02/20,363.65,3.76,395.5
1991/02/21,361.3,3.83,400.5
1991/02/22,356.75,3.8,403
1991/02/25,359,3.8,402
1991/02/26,358,3.69,402
1991/02/27,360.85,3.68,404.5
1991/02/28,365.9,3.64,403.5
1991/03/01,366.6,3.53,401
1991/03/04,366.8,3.59,399.5
1991/03/05,363.75,3.58,397.5
1991/03/06,366.25,3.6,399
1991/03/07,366.7,3.73,399.5
1991/03/08,368.75,3.79,394
1991/03/11,364.8,3.85,392.5
1991/03/12,364.65,3.84,390.5
1991/03/13,366.6,3.89,390
1991/03/14,364.7,3.98,392
1991/03/15,364.2,4.17,389
1991/03/18,362.1,4.08,389
1991/03/19,363.1,4.03,385.5
1991/03/20,362.2,4.13,392.5
1991/03/21,361.8,4.04,395
1991/03/22,362.3,4.1,392
1991/03/25,358.4,3.96,392.25
1991/03/26,356.7,4.01,387.5
1991/03/27,355,3.95,394.25
1991/03/28,356.3,4,392
1991/03/29,355.35,3.97,393.25
1991/04/01,358.75,3.93,388.5
1991/04/02,357.2,3.89,388.5
1991/04/03,359.15,3.82,391
1991/04/04,358.25,3.86,392.5
1991/04/05,358.8,3.86,389.5
1991/04/08,360.6,3.94,388
1991/04/09,363.9,3.96,388.5
1991/04/10,363.2,4.07,393
1991/04/11,361.8,4.06,389.5
1991/04/12,359.7,3.95,390
1991/04/15,360.3,3.97,390
1991/04/16,359.85,4.03,390.75
1991/04/17,360.7,3.98,391
1991/04/18,357.35,3.97,393.5
1991/04/19,356.4,3.98,368
1991/04/22,357,3.98,376
1991/04/23,356.35,4.03,376
1991/04/24,355.7,4.09,378
1991/04/25,353.7,3.95,378
1991/04/26,353.6,3.91,381.5
1991/04/29,352,3.94,382.5
1991/04/30,356.35,3.94,382.5
1991/05/01,355.75,3.93,380
1991/05/02,354.85,3.9,379.5
1991/05/03,353.6,3.92,374
1991/05/06,355.05,3.93,368
1991/05/07,356.4,4,369.5
1991/05/08,357.1,3.96,371.25
1991/05/09,358,4,368
1991/05/10,356.6,3.96,371.25
1991/05/13,358,4.01,375.25
1991/05/14,359.15,4.04,373.5
1991/05/15,359.2,4.06,372.5
1991/05/16,355.9,4.09,373
1991/05/17,354.5,4.04,374.25
1991/05/20,356.4,4,377
1991/05/21,356.5,4.05,382
1991/05/22,355.4,4.11,379.75
1991/05/23,354.7,4.03,380.25
1991/05/24,356,4.02,379.5
1991/05/27,356.35,4.02,384.5
1991/05/28,363,4.05,383.5
1991/05/29,360.2,4.04,382.75
1991/05/30,362.45,4.05,380
1991/05/31,361.25,4.05,373
1991/06/03,362.25,4.06,375
1991/06/04,361.8,4.15,377.5
1991/06/05,362.2,4.15,378.5
1991/06/06,365.2,4.14,380.5
1991/06/07,366,4.11,380.5
1991/06/10,372.7,4.16,378.5
1991/06/11,370.25,4.16,379.1
1991/06/12,369.65,4.19,377
1991/06/13,369.1,4.4,370
1991/06/14,366.25,4.46,367.5
1991/06/17,367.55,4.54,363.25
1991/06/18,367.5,4.51,365.5
1991/06/19,367.9,4.48,358.5
1991/06/20,368,4.51,360.75
1991/06/21,366.7,4.42,363.5
1991/06/24,363.3,4.44,354.5
1991/06/25,364.25,4.46,350.75
1991/06/26,365.85,4.44,354.25
1991/06/27,365.75,4.45,356
1991/06/28,368,4.44,352
1991/07/01,368,4.35,352
1991/07/02,367.6,4.37,354.75
1991/07/03,369.5,4.36,350
1991/07/04,369.5,4.39,345.75
1991/07/05,370,4.43,341
1991/07/08,370,4.46,344
1991/07/09,369,4.41,352.5
1991/07/10,369.4,4.48,345
1991/07/11,367.3,4.49,345
1991/07/12,368.3,4.53,342.5
1991/07/15,369.3,4.48,332.75
1991/07/16,368.7,4.45,335
1991/07/17,369.35,4.43,333.5
1991/07/18,368.9,4.34,339.5
1991/07/19,370.4,4.39,338
1991/07/22,367.2,4.39,336
1991/07/23,367.25,4.38,338.5
1991/07/24,364.3,4.42,342.25
1991/07/25,364.35,4.39,345
1991/07/26,366,4.4,339.5
1991/07/29,363.9,4.34,342.5
1991/07/30,363.5,4.27,348.25
1991/07/31,363.7,4.04,347.5
1991/08/01,363.3,4.08,343
1991/08/02,356.1,4.09,345.75
1991/08/05,356.05,4.09,346.5
1991/08/06,357,4.07,348.5
1991/08/07,356.7,4.07,351.75
1991/08/08,356.5,4.06,354.25
1991/08/09,358.5,3.95,353.5
1991/08/12,357.25,3.94,354
1991/08/13,356.6,3.96,354.5
1991/08/14,357.6,3.97,357.25
1991/08/15,357.1,3.94,353
1991/08/16,357.75,3.98,353.5
1991/08/19,358.65,3.97,348.25
1991/08/20,355.95,3.95,353.5
1991/08/21,355.7,3.97,354
1991/08/22,354.3,3.94,355.75
1991/08/23,353.6,4.01,356
1991/08/26,355,4.02,356.25
1991/08/27,354.25,3.95,356.75
1991/08/28,354.25,3.95,355
1991/08/29,351.2,3.92,358
1991/08/30,348.3,3.96,364
1991/09/02,347.75,3.95,366
1991/09/03,348,3.93,369.5
1991/09/04,348.8,3.94,364.5
1991/09/05,346.6,3.85,366.5
1991/09/06,348.9,3.83,367
1991/09/09,350.65,3.82,368.5
1991/09/10,349.5,3.92,370
1991/09/11,345.2,3.92,366.75
1991/09/12,344,3.87,364.25
1991/09/13,344.2,3.99,363
1991/09/16,344.3,4.05,363.5
1991/09/17,346.45,4.01,359.5
1991/09/18,348,3.95,358.5
1991/09/19,348.2,3.95,362
1991/09/20,348.3,4.01,362
1991/09/23,350.75,4.02,362.75
1991/09/24,353.5,4.07,363
1991/09/25,352.35,4.08,362.5
1991/09/26,350.55,4.08,360.75
1991/09/27,349,4.1,359
1991/09/30,353.8,4.21,358
1991/10/01,353.85,4.25,358.75
1991/10/02,354.9,4.21,363
1991/10/03,357.55,4.13,364
1991/10/04,358.6,4.09,359.25
1991/10/07,358.65,4.14,360
1991/10/08,356.7,4.17,362.25
1991/10/09,358.9,4.16,365.5
1991/10/10,357.95,4.19,368.5
1991/10/11,359.3,4.15,373.5
1991/10/14,358.05,4.12,372.5
1991/10/15,357.2,4.06,371.75
1991/10/16,357.35,4.1,367.5
1991/10/17,359.85,4.06,369.5
1991/10/18,361.8,4.13,369.5
1991/10/21,363.1,4.08,368
1991/10/22,363,4.07,367.5
1991/10/23,361.9,4.11,364.25
1991/10/24,361.6,4.11,366
1991/10/25,360.25,4.14,367.25
1991/10/28,358.35,4.14,371
1991/10/29,358.85,4.15,373
1991/10/30,357.7,4.11,370
1991/10/31,357.7,4.12,367
1991/11/01,355.1,4.09,359.5
1991/11/04,356.5,4.07,357
1991/11/05,354.1,4.1,357
1991/11/06,354.35,4.09,348.5
1991/11/07,353.4,4.1,344.5
1991/11/08,353.8,4.05,345.75
1991/11/11,355.1,4.08,341.5
1991/11/12,355.65,4.06,342
1991/11/13,356.1,4.07,338.75
1991/11/14,354.85,4.01,336
1991/11/15,359,4.01,335
1991/11/18,360.1,4.03,332.5
1991/11/19,362.75,4.04,332.25
1991/11/20,363.7,4.05,334
1991/11/21,367.4,3.99,334
1991/11/22,368.7,4.03,336.5
1991/11/25,367.55,4.03,334.5
1991/11/26,365.4,4.07,330
1991/11/27,367.5,4.09,332.5
1991/11/28,365.8,4.12,335
1991/11/29,367.7,4.14,340
1991/12/02,366.3,4.09,340
1991/12/03,363.4,4.08,332.5
1991/12/04,364.9,4.09,333
1991/12/05,366.5,4.09,337.25
1991/12/06,368.7,4.07,342
1991/12/09,368.7,4.07,344.5
1991/12/10,368,4.03,342.5
1991/12/11,365.95,4.03,343.5
1991/12/12,357.75,4.05,340
1991/12/13,359,4.05,349.5
1991/12/16,358.85,4.03,345
1991/12/17,356.5,4.01,351.5
1991/12/18,358.8,3.93,351.5
1991/12/19,357.5,3.85,349.5
1991/12/20,358.5,3.86,351.25
1991/12/23,359.35,3.86,355
1991/12/24,359.3,3.85,358
1991/12/25,358.25,3.85,360
1991/12/26,354.95,3.85,359
1991/12/27,353.75,3.87,367
1991/12/30,352.7,3.92,367.5
1991/12/31,354.1,3.93,366.5
1992/01/01,354.1,3.89,364.5
1992/01/02,352.2,3.92,369.75
1992/01/03,350.5,3.88,368.5
1992/01/06,349.5,3.87,365
1992/01/07,349.3,3.9,362
1992/01/08,350.5,3.9,360
1992/01/09,357,3.96,360.5
1992/01/10,356.15,3.96,363.25
1992/01/13,353.7,3.95,359
1992/01/14,354.6,3.93,358
1992/01/15,353.9,3.96,352
1992/01/16,356.3,4.15,353.5
1992/01/17,353.9,4.1,358.75
1992/01/20,357.6,4.07,359
1992/01/21,357.55,4.08,359.5
1992/01/22,357.35,4.14,362
1992/01/23,354.6,4.3,359.75
1992/01/24,354.5,4.28,365.25
1992/01/27,354.8,4.27,363
1992/01/28,355.65,4.28,360.5
1992/01/29,356.2,4.28,362.5
1992/01/30,354.15,4.21,361
1992/01/31,356.75,4.15,359
1992/02/03,355.75,4.16,359
1992/02/04,355.7,4.18,358.5
1992/02/05,355.45,4.24,355.75
1992/02/06,355.3,4.15,347.5
1992/02/07,354.5,4.17,345
1992/02/10,355.4,4.16,352
1992/02/11,355.8,4.16,351
1992/02/12,357.6,4.2,349.75
1992/02/13,355.35,4.2,354.25
1992/02/14,353.1,4.19,352
1992/02/17,354,4.19,351.75
1992/02/18,352.8,4.17,353.5
1992/02/19,352.7,4.21,357
1992/02/20,353.1,4.2,362.5
1992/02/21,351,4.16,357.5
1992/02/24,349.7,4.14,356
1992/02/25,349.4,4.06,354.25
1992/02/26,349.4,4.06,351
1992/02/27,353.5,4.12,347.25
1992/02/28,352.9,4.11,345
1992/03/02,351.3,4.1,347
1992/03/03,350.35,4.08,347.75
1992/03/04,350.4,4.08,346
1992/03/05,351.45,4.11,345.5
1992/03/06,349.3,4.12,344
1992/03/09,348.8,4.12,343.5
1992/03/10,348.8,4.11,343
1992/03/11,350.05,4.12,340.75
1992/03/12,347.15,4.14,342
1992/03/13,346.75,4.16,343.5
1992/03/16,343.3,4.16,343
1992/03/17,340.3,4.16,343.5
1992/03/18,338.4,4.15,342.5
1992/03/19,338.7,4.1,342.25
1992/03/20,338.2,4.11,345
1992/03/23,338,4.08,354
1992/03/24,339.4,4.06,353.75
1992/03/25,341,4.03,353.5
1992/03/26,340.5,4.12,353
1992/03/27,342.2,4.12,350.5
1992/03/30,341.6,4.09,352.5
1992/03/31,343.15,4.1,353.5
1992/04/01,342.3,4.09,352.75
1992/04/02,340.3,4.09,353.5
1992/04/03,340.7,4.14,356.5
1992/04/06,339.8,4.13,358.75
1992/04/07,338.3,4.14,357
1992/04/08,337.6,4.09,363
1992/04/09,339.35,4.08,360.25
1992/04/10,340.8,4.08,360
1992/04/13,339.1,4.11,365.5
1992/04/14,339.25,4.08,364.75
1992/04/15,335.65,4.09,364.5
1992/04/16,337.1,4.11,369
1992/04/17,337.5,4.11,367
1992/04/20,336.75,4.09,366
1992/04/21,340.1,4.1,366.25
1992/04/22,338.4,4.02,372.25
1992/04/23,338.1,3.98,375
1992/04/24,336.3,3.99,371
1992/04/27,335.9,3.98,369.5
1992/04/28,336.05,4.01,368
1992/04/29,335.5,4.02,367.25
1992/04/30,336.9,4.01,367.75
1992/05/01,338.3,3.99,368.75
1992/05/04,336.5,3.95,368.75
1992/05/05,336.8,3.95,371
1992/05/06,336.5,3.96,368
1992/05/07,335.2,3.99,368.5
1992/05/08,335.4,4.02,363.5
1992/05/11,336.25,4.01,364
1992/05/12,334.75,4.06,363.25
1992/05/13,335.6,4.06,366
1992/05/14,337.4,4.04,363.25
1992/05/15,338.4,4.09,366.75
1992/05/18,338.4,4.09,366.75
1992/05/19,337.55,4.08,368.75
1992/05/20,337.65,4.08,380
1992/05/21,336.9,4.11,381.5
1992/05/22,337.6,4.08,387
1992/05/25,338.1,4.09,385
1992/05/26,337.9,4.08,386.25
1992/05/27,337.55,4.08,383
1992/05/28,337.05,4.07,383.25
1992/05/29,336.3,4.08,384.5
1992/06/01,337.6,4.08,384.25
1992/06/02,338.7,4.09,386.75
1992/06/03,338.25,4.08,390
1992/06/04,338.5,4.05,384.5
1992/06/05,338.5,4.02,381.5
1992/06/08,337.9,4.05,385
1992/06/09,337.8,4.07,388
1992/06/10,337.65,4.05,376
1992/06/11,340,4.07,377.25
1992/06/12,342.5,4.05,382
1992/06/15,342.5,4.04,379
1992/06/16,341.9,4.04,378
1992/06/17,341.35,4.05,374.5
1992/06/18,342.25,4.09,372.75
1992/06/19,340.7,4.12,375
1992/06/22,343.2,4.12,385.75
1992/06/23,344.1,4.1,378
1992/06/24,342.65,4.08,376.25
1992/06/25,342.8,4.09,375
1992/06/26,342.35,4.02,374
1992/06/29,343.45,4.04,378
1992/06/30,343,4.04,369
1992/07/01,343.9,4.03,368.75
1992/07/02,346,4.01,367.5
1992/07/03,346,3.98,353.5
1992/07/06,346.4,4.03,343
1992/07/07,346.15,4.04,347
1992/07/08,347.15,4.04,344
1992/07/09,348.45,4.04,348.5
1992/07/10,348,4.05,348
1992/07/13,348.7,4.04,352.5
1992/07/14,350.6,3.88,351
1992/07/15,353.45,3.89,350.5
1992/07/16,352.25,3.95,352.25
1992/07/17,357,3.93,354.75
1992/07/20,358.65,3.93,357
1992/07/21,357.4,3.94,359.75
1992/07/22,359,3.95,357.75
1992/07/23,357.75,3.92,354.5
1992/07/24,359.3,3.99,356
1992/07/27,357.8,3.97,357
1992/07/28,359,3.95,359.5
1992/07/29,356.4,3.99,359.25
1992/07/30,356.5,3.97,363.25
1992/07/31,357.6,3.98,360.25
1992/08/03,353,3.96,357
1992/08/04,352.9,3.95,360.5
1992/08/05,349.4,3.9,361.5
1992/08/06,349.3,3.93,366.5
1992/08/07,350.4,3.94,364
1992/08/10,349.9,3.89,362
1992/08/11,347.65,3.88,362.75
1992/08/12,340,3.89,364
1992/08/13,334.8,3.92,365.25
1992/08/14,335.3,3.97,365
1992/08/17,337,3.96,367.5
1992/08/18,335.95,3.9,366.5
1992/08/19,337.6,3.8,364.5
1992/08/20,337.5,3.79,366.5
1992/08/21,337.4,3.81,366.75
1992/08/24,341.55,3.79,364.5
1992/08/25,340.25,3.78,365.5
1992/08/26,338.15,3.79,361
1992/08/27,338.9,3.75,358.5
1992/08/28,339.55,3.74,357.25
1992/08/31,342.2,3.74,358
1992/09/01,340.5,3.7,358.25
1992/09/02,338.7,3.68,355.25
1992/09/03,340.9,3.71,356
1992/09/04,341.25,3.69,357
1992/09/07,342.9,3.74,358.5
1992/09/08,342.2,3.73,358.75
1992/09/09,341.8,3.71,361
1992/09/10,341.9,3.74,357.25
1992/09/11,340.75,3.72,354.75
1992/09/14,346.45,3.72,356.5
1992/09/15,346,3.72,354.75
1992/09/16,348.9,3.72,355.75
1992/09/17,347.75,3.71,355.5
1992/09/18,351,3.7,354
1992/09/21,347.45,3.78,354
1992/09/22,349.25,3.82,354.75
1992/09/23,348.7,3.83,356.5
1992/09/24,349.1,3.78,357.5
1992/09/25,349.1,3.85,366.2
1992/09/28,347.85,3.82,363.5
1992/09/29,348.5,3.84,361.5
1992/09/30,348.3,3.81,349
1992/10/01,348.1,3.84,348.5
1992/10/02,348.3,3.82,351
1992/10/05,350.5,3.75,352
1992/10/06,350.15,3.76,353.5
1992/10/07,350.6,3.75,352
1992/10/08,349.75,3.72,353
1992/10/09,350.3,3.77,352.25
1992/10/12,345.65,3.76,356.5
1992/10/13,344.2,3.75,357.5
1992/10/14,341.5,3.74,356.5
1992/10/15,341.1,3.75,356
1992/10/16,342,3.78,356
1992/10/19,342.5,3.75,357.25
1992/10/20,343.5,3.71,360.5
1992/10/21,343.5,3.7,362.5
1992/10/22,342.3,3.7,363.5
1992/10/23,343.2,3.73,363
1992/10/26,340.5,3.73,365
1992/10/27,337.3,3.79,364.5
1992/10/28,338.9,3.8,369.25
1992/10/29,339.4,3.78,363.5
1992/10/30,339.5,3.8,362.25
1992/11/02,339.7,3.76,364
1992/11/03,337.7,3.76,364.5
1992/11/04,337.3,3.76,363
1992/11/05,336.5,3.76,364.5
1992/11/06,335.6,3.76,364
1992/11/09,333.1,3.78,360
1992/11/10,330,3.78,358
1992/11/11,332,3.85,359
1992/11/12,332.2,3.93,360
1992/11/13,335.7,3.88,359.75
1992/11/16,334.5,3.71,360.75
1992/11/17,335.2,3.65,360.5
1992/11/18,334.75,3.67,357
1992/11/19,335,3.78,356
1992/11/20,335.2,3.75,353
1992/11/23,334.3,3.75,352.75
1992/11/24,334.6,3.76,356.25
1992/11/25,333.4,3.75,359
1992/11/26,334.6,3.76,359
1992/11/27,334.5,3.76,357
1992/11/30,334.3,3.75,356
1992/12/01,334.9,3.76,358.25
1992/12/02,335.65,3.75,355.5
1992/12/03,335.3,3.76,357.5
1992/12/04,335.6,3.75,356
1992/12/07,335.9,3.75,357.75
1992/12/08,335.35,3.74,357.75
1992/12/09,333.7,3.75,361
1992/12/10,333.9,3.75,362.25
1992/12/11,335.1,3.76,363
1992/12/14,334.55,3.76,361.5
1992/12/15,334.55,3.75,363.5
1992/12/16,337.5,3.71,362.75
1992/12/17,338,3.72,361.75
1992/12/18,337,3.72,363
1992/12/21,333.95,3.72,360.25
1992/12/22,332.3,3.7,358
1992/12/23,333,3.74,359.75
1992/12/24,332.9,3.78,359.5
1992/12/25,333.75,3.77,360.5
1992/12/28,333,3.74,360
1992/12/29,332.75,3.7,364.75
1992/12/30,333.15,3.7,368.25
1992/12/31,333,3.68,370.75
1993/01/04,328.3,3.68,367.75
1993/01/05,329,3.68,365.75
1993/01/06,329.65,3.66,367.5
1993/01/07,329.3,3.68,365
1993/01/08,329.25,3.68,361
1993/01/11,327.9,3.64,360
1993/01/12,328.65,3.7,348.75
1993/01/13,327.9,3.7,345
1993/01/14,327.45,3.67,344.75
1993/01/15,327.5,3.71,344
1993/01/18,328.25,3.67,346.5
1993/01/19,328.6,3.69,345.5
1993/01/20,329.65,3.69,338.75
1993/01/21,329.35,3.67,341
1993/01/22,328.5,3.66,340
1993/01/25,328.7,3.68,343
1993/01/26,331,3.68,342
1993/01/27,329.6,3.72,344.25
1993/01/28,330,3.72,344.5
1993/01/29,329.7,3.7,349
1993/02/01,329.6,3.68,352
1993/02/02,329.45,3.7,352
1993/02/03,328.5,3.67,348
1993/02/04,328.15,3.7,348
1993/02/05,327.8,3.66,348.5
1993/02/08,327.6,3.67,351
1993/02/09,328.3,3.67,355
1993/02/10,331.85,3.67,356.5
1993/02/11,331.25,3.67,357.5
1993/02/12,328.8,3.66,355
1993/02/15,328.5,3.67,355.5
1993/02/16,331.95,3.7,355
1993/02/17,330.4,3.76,360
1993/02/18,330,3.75,362
1993/02/19,329.9,3.69,361
1993/02/22,327.85,3.68,366.5
1993/02/23,330.35,3.7,364
1993/02/24,329.2,3.66,361
1993/02/25,329.25,3.63,357
1993/02/26,328.2,3.57,358.25
1993/03/01,328.4,3.54,358.5
1993/03/02,329.4,3.6,358
1993/03/03,328.75,3.57,361
1993/03/04,328.8,3.56,369.5
1993/03/05,329.6,3.59,366.5
1993/03/08,327,3.58,369.5
1993/03/09,326.75,3.58,373
1993/03/10,326.15,3.57,369.5
1993/03/11,326.8,3.57,365.5
1993/03/12,327.8,3.58,366.5
1993/03/15,328.9,3.55,372.75
1993/03/16,328.85,3.57,375.75
1993/03/17,328.8,3.58,374
1993/03/18,330.25,3.62,376
1993/03/19,331.55,3.63,383
1993/03/22,332.5,3.66,386.25
1993/03/23,331.6,3.66,390
1993/03/24,332.2,3.63,378
1993/03/25,332.2,3.68,376.25
1993/03/26,332.2,3.68,384
1993/03/29,332,3.68,384.5
1993/03/30,336.35,3.65,379.5
1993/03/31,336.75,3.68,378.5
1993/04/01,338.1,3.7,380
1993/04/02,340.1,3.72,386.5
1993/04/05,338.8,3.74,382.5
1993/04/06,337.4,3.87,386
1993/04/07,337.4,3.86,385.5
1993/04/08,337.1,3.92,392
1993/04/09,337.4,3.95,385
1993/04/12,336.5,3.91,386.5
1993/04/13,336.95,3.86,386
1993/04/14,338.6,3.86,387.5
1993/04/15,336.85,3.83,388
1993/04/16,338.4,3.82,390
1993/04/19,339.85,3.87,396
1993/04/20,339.4,3.87,396
1993/04/21,338.85,3.93,396
1993/04/22,340.4,3.87,382
1993/04/23,345.75,3.92,389
1993/04/26,352,3.91,391
1993/04/27,349.7,3.92,386
1993/04/28,352.8,3.9,385.5
1993/04/29,356,3.91,386
1993/04/30,355.4,3.95,383.5
1993/05/03,353.3,4.05,387
1993/05/04,354.1,4.06,378
1993/05/05,353.85,4.15,375.75
1993/05/06,356.9,4.41,381
1993/05/07,355.75,4.38,380
1993/05/10,355.85,4.28,381.5
1993/05/11,355.9,4.27,379
1993/05/12,360.75,4.27,375.75
1993/05/13,368,4.36,375.5
1993/05/14,367.4,4.26,379.75
1993/05/17,366.65,4.26,382.5
1993/05/18,377,4.25,384.5
1993/05/19,372.75,4.4,383.5
1993/05/20,374,4.46,385.2
1993/05/21,377.3,4.45,391
1993/05/24,373.75,4.4,392.5
1993/05/25,378.5,4.68,392
1993/05/26,374.65,4.51,404.75
1993/05/27,380.75,4.52,406
1993/05/28,377,4.67,407
1993/05/31,378.75,4.54,402.5
1993/06/01,369,4.65,405.5
1993/06/02,369.5,4.55,404.5
1993/06/03,374,4.7,404
1993/06/04,376.3,4.62,408
1993/06/07,373.6,4.63,405.5
1993/06/08,372.5,4.37,408
1993/06/09,369.85,4.37,405
1993/06/10,368.75,4.45,401
1993/06/11,365.9,4.44,398.5
1993/06/14,365,4.41,401
1993/06/15,369.75,4.39,404.5
1993/06/16,369.6,4.31,405.5
1993/06/17,371,4.3,408
1993/06/18,371,4.19,409
1993/06/21,369.6,4.23,414
1993/06/22,368.5,4.29,415
1993/06/23,373.5,4.33,420
1993/06/24,374.5,4.34,418.5
1993/06/25,376.75,4.3,395.5
1993/06/28,375.1,4.28,386.5
1993/06/29,378.25,4.29,394.5
1993/06/30,377,4.4,392
1993/07/01,387,4.39,388.5
1993/07/02,385.5,4.49,385
1993/07/05,387.6,4.45,383
1993/07/06,392.65,4.56,389.25
1993/07/07,397.2,4.56,387.5
1993/07/08,393.5,4.79,388
1993/07/09,391.25,4.86,391.25
1993/07/12,394.1,4.87,386.5
1993/07/13,394.5,5.13,387.5
1993/07/14,391,5.12,387
1993/07/15,393,5.04,386.25
1993/07/16,392.2,5.02,382.5
1993/07/19,391.7,5.06,378.5
1993/07/20,391.8,5.05,382.5
1993/07/21,388.7,4.95,383
1993/07/22,391.65,5.06,380
1993/07/23,390,5.06,374.5
1993/07/26,392.7,5.05,371.5
1993/07/27,391.1,5.04,372.5
1993/07/28,393,4.94,362
1993/07/29,399.5,5,357
1993/07/30,406.8,4.97,360
1993/08/02,405.5,5.08,356.5
1993/08/03,402.8,5.08,351
1993/08/04,399.85,5.16,352.5
1993/08/05,377,5.24,355.5
1993/08/06,376.5,5.4,359
1993/08/09,383.25,5.47,359.5
1993/08/10,381.1,5.35,361
1993/08/11,375.25,5.25,360.5
1993/08/12,367,4.78,359.5
1993/08/13,369.5,4.59,362
1993/08/16,373.25,4.73,362.5
1993/08/17,371.75,4.77,360.5
1993/08/18,374.4,4.68,361
1993/08/19,371,4.56,357
1993/08/20,373.5,4.62,360.5
1993/08/23,372.8,4.74,359.5
1993/08/24,371.5,4.7,355
1993/08/25,372.15,4.71,355.5
1993/08/26,368,4.65,359.5
1993/08/27,369.25,4.79,363
1993/08/30,370.25,4.76,360.5
1993/08/31,372.25,4.73,362
1993/09/01,369.25,4.74,365.5
1993/09/02,363.5,4.68,370
1993/09/03,364.4,4.75,368.5
1993/09/06,364.1,4.82,366.75
1993/09/07,350,4.84,369
1993/09/08,351.6,4.5,371
1993/09/09,354.2,4.53,375.25
1993/09/10,349.9,4.53,375.5
1993/09/13,343.5,4.27,371.5
1993/09/14,345.1,4.23,375.25
1993/09/15,347.5,4.26,371.5
1993/09/16,352.7,4.07,374
1993/09/17,350.55,3.91,371.5
1993/09/20,353.45,3.98,372
1993/09/21,363.35,4,365.5
1993/09/22,354,4.12,365
1993/09/23,357.1,4.06,368
1993/09/24,357.4,4.13,375
1993/09/27,353.9,4.22,379
1993/09/28,355.3,4.04,378
1993/09/29,353.1,4.14,377
1993/09/30,355.2,4.12,377
1993/10/01,355,4.06,377
1993/10/04,352.95,4.08,376.5
1993/10/05,353,4.03,375.5
1993/10/06,356.7,4.06,376
1993/10/07,356.25,4.06,373.25
1993/10/08,359.5,4.06,377
1993/10/11,360,4.07,378
1993/10/12,366.1,4.27,377.5
1993/10/13,365.3,4.34,372
1993/10/14,364.7,4.35,373
1993/10/15,364.4,4.3,373.5
1993/10/18,368,4.41,374.25
1993/10/19,368.65,4.41,367.25
1993/10/20,372.2,4.34,367
1993/10/21,370.05,4.35,370
1993/10/22,370.2,4.41,374.5
1993/10/25,369.3,4.43,373
1993/10/26,369.35,4.53,376
1993/10/27,368.75,4.46,376.25
1993/10/28,369,4.44,380
1993/10/29,368.6,4.39,380
1993/11/01,361.7,4.39,379.25
1993/11/02,362.7,4.42,384
1993/11/03,367.75,4.36,386.75
1993/11/04,372,4.37,383.75
1993/11/05,376.75,4.23,387.75
1993/11/08,374.85,4.19,385
1993/11/09,376.25,4.31,389
1993/11/10,376.65,4.4,387.75
1993/11/11,376,4.5,384.25
1993/11/12,373,4.49,384
1993/11/15,375,4.53,384.75
1993/11/16,373.8,4.58,385.25
1993/11/17,376.1,4.55,384.5
1993/11/18,375.8,4.52,389.25
1993/11/19,378.1,4.55,393.5
1993/11/22,378,4.56,393.25
1993/11/23,376.95,4.61,393
1993/11/24,376.9,4.67,397.5
1993/11/25,377.25,4.71,397
1993/11/26,376.8,4.69,388.5
1993/11/29,370,4.67,386.25
1993/11/30,370.2,4.65,382.5
1993/12/01,375,4.65,385.25
1993/12/02,373.7,4.66,386.25
1993/12/03,376.5,4.46,387
1993/12/06,375.8,4.44,388
1993/12/07,377.2,4.65,392.5
1993/12/08,383.5,4.62,392.5
1993/12/09,381.75,4.82,392
1993/12/10,382.9,4.82,391.75
1993/12/13,386.35,4.91,382.25
1993/12/14,386.7,4.99,379.5
1993/12/15,386.85,4.99,380.25
1993/12/16,385.5,5.03,385
1993/12/17,387,5.13,383.5
1993/12/20,389,5.1,382
1993/12/21,387.2,5.1,383.5
1993/12/22,386.2,5.01,387.75
1993/12/23,385.8,5.03,391
1993/12/24,386.5,5.11,392.5
1993/12/27,387.7,5.06,395.25
1993/12/28,387.3,5.05,393
1993/12/29,390,5.05,389
1993/12/30,390.5,5.02,391.5
1993/12/31,390.5,5.1,391.5
1994/01/03,393.5,5.08,390
1994/01/04,393.35,5.11,393.5
1994/01/05,390.65,5.09,402
1994/01/06,388.75,5.1,401
1994/01/07,386.3,5.22,403.75
1994/01/10,384.6,5.19,397
1994/01/11,387.7,5.04,397.75
1994/01/12,386,5.1,396
1994/01/13,389.7,5,388.5
1994/01/14,389.3,5.02,391
1994/01/17,391.2,5.11,391.25
1994/01/18,392.5,5.07,394.5
1994/01/19,392.35,5.19,392.75
1994/01/20,387.3,5.22,386
1994/01/21,381.1,5.31,392
1994/01/24,381.1,5.31,392
1994/01/25,381.3,5.33,391.5
1994/01/26,384.35,5.26,392
1994/01/27,375.5,5.1,394.25
1994/01/28,376.8,5.12,397.5
1994/01/31,382,5.09,405.5
1994/02/01,384.2,5.13,404
1994/02/02,384.9,4.96,403
1994/02/03,387.2,5.01,401.5
1994/02/04,386.6,5.13,397
1994/02/07,378.75,5.28,399.5
1994/02/08,382,5.32,397.5
1994/02/09,383.25,5.43,402.5
1994/02/10,381.5,5.4,403
1994/02/11,380.1,5.19,404.5
1994/02/14,383.5,5.26,410
1994/02/15,383,5.31,412
1994/02/16,383.3,5.3,407.5
1994/02/17,382.5,5.25,412.25
1994/02/18,379.75,5.34,422
1994/02/21,379.95,5.23,417.5
1994/02/22,377.6,5.26,416.5
1994/02/23,377.5,5.23,408.75
1994/02/24,376.25,5.17,404
1994/02/25,378.3,5.18,407.5
1994/02/28,381.25,5.21,405.25
1994/03/01,378.25,5.23,399.5
1994/03/02,377.6,5.17,397
1994/03/03,377.35,5.22,398.5
1994/03/04,376.7,5.36,396.5
1994/03/07,375.9,5.29,394
1994/03/08,376.5,5.28,400
1994/03/09,378.9,5.24,385
1994/03/10,386.35,5.24,385.5
1994/03/11,384.85,5.18,389
1994/03/14,386.3,5.2,388.25
1994/03/15,386.6,5.3,390.25
1994/03/16,384.8,5.37,393
1994/03/17,382.4,5.37,392.5
1994/03/18,386.8,5.44,390.5
1994/03/21,386.5,5.46,395
1994/03/22,389,5.39,401
1994/03/23,386.6,5.35,399
1994/03/24,391,5.4,395.5
1994/03/25,390.6,5.4,391
1994/03/28,388,5.63,393.5
1994/03/29,385.8,5.58,397.5
1994/03/30,385.9,5.72,395.75
1994/03/31,391.6,5.78,396
1994/04/01,389.15,5.69,394.5
1994/04/04,387.1,5.64,397.5
1994/04/05,384.35,5.62,398
1994/04/06,384.8,5.76,398.5
1994/04/07,384.5,5.76,397.5
1994/04/08,384,5.6,399.5
1994/04/11,378.5,5.55,399
1994/04/12,378.75,5.49,406
1994/04/13,378.25,5.45,406
1994/04/14,378.3,5.48,404.5
1994/04/15,377.75,5.26,394
1994/04/18,377,5.3,398.5
1994/04/19,371.8,5.3,398.75
1994/04/20,372.5,5.3,400
1994/04/21,373.2,5.24,399.5
1994/04/22,370.8,5.27,398
1994/04/25,373.15,5.2,397.5
1994/04/26,374,5.24,394.75
1994/04/27,374,5.22,396
1994/04/28,375.75,5.09,397.5
1994/04/29,376.7,5.13,399
1994/05/02,376.1,5.18,399.5
1994/05/03,375.5,5.16,398
1994/05/04,376.2,5.26,401.25
1994/05/05,373.4,5.34,403
1994/05/06,383.3,5.3,404.75
1994/05/09,381.1,5.25,404.5
1994/05/10,378.7,5.18,406
1994/05/11,381.8,5.1,405
1994/05/12,380,5.45,407
1994/05/13,380.5,5.4,406
1994/05/16,382.4,5.28,401.5
1994/05/17,381,5.43,399
1994/05/18,381.5,5.36,399
1994/05/19,381.2,5.4,399.5
1994/05/20,385.45,5.55,403
1994/05/23,388.8,5.5,407.5
1994/05/24,386.85,5.53,409.75
1994/05/25,386.5,5.52,409.5
1994/05/26,384.2,5.63,407
1994/05/27,384.5,5.74,402
1994/05/30,385,5.61,399
1994/05/31,386.6,5.54,404
1994/06/01,383.4,5.46,407
1994/06/02,383.8,5.45,407.25
1994/06/03,380.5,5.46,407
1994/06/06,380.3,5.53,410.5
1994/06/07,381.1,5.34,417.25
1994/06/08,382,5.37,413
1994/06/09,382.85,5.29,417
1994/06/10,383.3,5.25,415
1994/06/13,383.15,5.29,413
1994/06/14,384.15,5.36,414.1
1994/06/15,386.6,5.36,421
1994/06/16,385.4,5.35,426.5
1994/06/17,391.5,5.38,424.5
1994/06/20,389.2,5.39,421
1994/06/21,393.4,5.49,424
1994/06/22,389.7,5.46,413
1994/06/23,389.6,5.59,407
1994/06/24,390.7,5.48,407
1994/06/27,384.95,5.57,409.5
1994/06/28,386.15,5.37,404.5
1994/06/29,384.9,5.38,407
1994/06/30,385.5,5.39,412
1994/07/01,386.7,5.26,410
1994/07/04,386.7,5.29,409
1994/07/05,385.8,5.27,410.5
1994/07/06,383.7,5.36,410.5
1994/07/07,384.4,5.41,408.5
1994/07/08,384.25,5.39,411.75
1994/07/11,387,5.32,413
1994/07/12,385.35,5.25,413
1994/07/13,383.35,5.23,410
1994/07/14,384,5.26,412
1994/07/15,385.8,5.31,411.25
1994/07/18,385.8,5.25,411
1994/07/19,386.45,5.14,409
1994/07/20,385.35,5.19,411
1994/07/21,384.25,5.25,412.5
1994/07/22,384.8,5.25,412.25
1994/07/25,384.85,5.31,414.75
1994/07/26,386.85,5.28,416.75
1994/07/27,387.4,5.24,419.5
1994/07/28,385.1,5.26,419.75
1994/07/29,383.2,5.29,420.25
1994/08/01,383.5,5.31,418.5
1994/08/02,379.4,5.35,417
1994/08/03,378,5.34,415.5
1994/08/04,377.6,5.31,416.5
1994/08/05,377.7,5.31,408.25
1994/08/08,376.8,5.2,412.5
1994/08/09,377.75,5.19,413
1994/08/10,377.4,5.16,417
1994/08/11,378.65,5.14,420
1994/08/12,376.6,5.11,417.75
1994/08/15,377.4,5.14,420
1994/08/16,377.25,5.14,419.5
1994/08/17,377.2,5.19,417.5
1994/08/18,381.15,5.07,418
1994/08/19,381.9,5.07,417.25
1994/08/22,381.5,5.1,417.75
1994/08/23,381.6,5.11,418
1994/08/24,383.8,5.17,417.5
1994/08/25,383.25,5.21,420.75
1994/08/26,383.3,5.21,420.75
1994/08/29,386.55,5.21,419.5
1994/08/30,386.1,5.25,416.5
1994/08/31,386,5.25,414.5
1994/09/01,386.8,5.21,415
1994/09/02,386.9,5.4,414
1994/09/05,386.95,5.36,413.75
1994/09/06,387.75,5.43,416
1994/09/07,389.55,5.42,418
1994/09/08,390.25,5.42,420
1994/09/09,391.75,5.41,425.5
1994/09/12,390.7,5.47,424
1994/09/13,390.5,5.49,420.75
1994/09/14,388.4,5.44,421.5
1994/09/15,387.9,5.51,422.5
1994/09/16,389.6,5.47,423
1994/09/19,390.25,5.47,421.5
1994/09/20,393.5,5.42,418.25
1994/09/21,393.65,5.37,415.25
1994/09/22,396.2,5.42,417.25
1994/09/23,395.7,5.43,417
1994/09/26,394,5.61,416
1994/09/27,397.35,5.6,412.5
1994/09/28,394.2,5.71,412
1994/09/29,395.25,5.69,409
1994/09/30,394.6,5.62,407.5
1994/10/03,394.55,5.7,412
1994/10/04,392.45,5.59,413.25
1994/10/05,391.65,5.63,416
1994/10/06,392.15,5.61,415
1994/10/07,391,5.63,416
1994/10/10,390.4,5.6,413
1994/10/11,387.7,5.6,410
1994/10/12,387.8,5.62,410
1994/10/13,386.6,5.6,412
1994/10/14,387.4,5.56,410
1994/10/17,389.7,5.49,410
1994/10/18,388.75,5.47,408.25
1994/10/19,390.05,5.37,410.5
1994/10/20,390.8,5.35,409.25
1994/10/21,390.6,5.41,401.5
1994/10/24,389.4,5.34,404
1994/10/25,389.1,5.38,400.5
1994/10/26,388.85,5.4,401
1994/10/27,387.85,5.3,403
1994/10/28,386.9,5.32,403.5
1994/10/31,383.8,5.3,406
1994/11/01,384.2,5.37,410.25
1994/11/02,384.2,5.39,409.5
1994/11/03,383.35,5.34,409.5
1994/11/04,383.3,5.25,412
1994/11/07,382.25,5.27,413
1994/11/08,383.9,5.32,415
1994/11/09,383.7,5.27,417
1994/11/10,384.85,5.25,417.75
1994/11/11,385,5.19,415.5
1994/11/14,384.65,5.22,414
1994/11/15,386.3,5.12,413.5
1994/11/16,386.1,5.17,414.5
1994/11/17,385.25,5.16,416
1994/11/18,384.1,5.17,419.5
1994/11/21,383.15,5.2,416.5
1994/11/22,383.45,5.22,416.5
1994/11/23,384.45,5.23,414.5
1994/11/24,384.35,5.14,405.5
1994/11/25,384.8,5.16,404
1994/11/28,383.1,5.14,408
1994/11/29,382.95,5.15,406
1994/11/30,381.05,5.15,408
1994/12/01,379.4,5.17,411
1994/12/02,376.55,5.12,415
1994/12/05,375.85,5.06,415
1994/12/06,376.35,4.92,412.5
1994/12/07,376.5,4.92,414.5
1994/12/08,377.1,4.71,420.5
1994/12/09,377.1,4.6,416.5
1994/12/12,377.75,4.66,417.5
1994/12/13,377.8,4.64,416
1994/12/14,378.8,4.71,417
1994/12/15,380.3,4.7,418
1994/12/16,379,4.79,418.5
1994/12/19,379.8,4.75,414.25
1994/12/20,381.6,4.77,414.25
1994/12/21,381.6,4.8,414
1994/12/22,380.7,4.79,417.5
1994/12/23,380.1,4.79,414
1994/12/26,380.5,4.82,414
1994/12/27,381.4,4.8,412.5
1994/12/28,383.6,4.77,409.5
1994/12/29,382.35,4.76,409.5
1994/12/30,382.6,4.79,413.2
1995/01/02,382.9,4.9,414.5
1995/01/03,379.45,4.87,412.5
1995/01/04,374.3,4.88,413
1995/01/05,375.35,4.88,413.5
1995/01/06,371.7,4.74,414
1995/01/09,373.1,4.61,415.5
1995/01/10,374.5,4.7,417
1995/01/11,376.3,4.63,416.95
1995/01/12,380,4.67,416
1995/01/13,378.4,4.68,416.75
1995/01/16,377.55,4.73,412.55
1995/01/17,380.1,4.84,410.5
1995/01/18,382.05,4.81,410.5
1995/01/19,383,4.82,404
1995/01/20,384.7,4.87,403.25
1995/01/23,380.9,4.88,406.5
1995/01/24,381.35,4.88,407
1995/01/25,380.6,4.91,415
1995/01/26,381.4,4.81,417.5
1995/01/27,376.75,4.83,416.5
1995/01/30,376.6,4.77,418.8
1995/01/31,374.85,4.79,420.3
1995/02/01,375.9,4.67,422.5
1995/02/02,376.25,4.72,422.5
1995/02/03,375.7,4.66,420.5
1995/02/06,375.4,4.68,420.4
1995/02/07,374.25,4.71,418.5
1995/02/08,375.4,4.66,414.75
1995/02/09,375.8,4.71,414.75
1995/02/10,375.75,4.67,416.75
1995/02/13,375.2,4.72,413.8
1995/02/14,375.9,4.75,415.5
1995/02/15,376.1,4.76,419.5
1995/02/16,376.2,4.73,419.6
1995/02/17,378.2,4.76,435.75
1995/02/20,379.2,4.74,440.75
1995/02/21,378.1,4.73,443
1995/02/22,379.35,4.77,450.5
1995/02/23,379,4.78,461.5
1995/02/24,376.4,4.74,452.5
1995/02/27,376.1,4.83,454
1995/02/28,376.6,4.81,448.5
1995/03/01,374.7,4.63,451.5
1995/03/02,376.4,4.49,447.6
1995/03/03,376.4,4.52,449.75
1995/03/06,378.65,4.38,450
1995/03/07,383.7,4.43,456.55
1995/03/08,379.65,4.4,456.75
1995/03/09,381.15,4.48,455.75
1995/03/10,381.6,4.69,448.25
1995/03/13,384.8,4.55,439.05
1995/03/14,385.5,4.61,442
1995/03/15,386.2,4.59,440
1995/03/16,384.15,4.71,438.5
1995/03/17,383.15,4.7,445.5
1995/03/20,382.55,4.75,442.1
1995/03/21,381.7,4.73,443.5
1995/03/22,382.35,4.73,449
1995/03/23,383.65,4.69,458
1995/03/24,381.7,4.6,458.5
1995/03/27,381.65,4.65,450.6
1995/03/28,382.4,4.69,450
1995/03/29,381.9,4.62,432.5
1995/03/30,385.5,4.62,432
1995/03/31,390.5,4.74,431.5
1995/04/03,391.85,4.76,430
1995/04/04,391.6,5.18,430.5
1995/04/05,394.45,5.29,432
1995/04/06,393.1,5.29,427.5
1995/04/07,392.4,5.29,430.5
1995/04/10,389.3,5.44,429
1995/04/11,390.1,5.42,427
1995/04/12,389.7,5.37,430.5
1995/04/13,389.7,5.24,433.2
1995/04/14,391,5.34,434.8
1995/04/17,393.4,5.32,436
1995/04/18,396,5.36,438.75
1995/04/19,394.2,5.45,433.7
1995/04/20,391.65,5.69,432.1
1995/04/21,389.8,6.03,433.2
1995/04/24,390.1,5.76,429.7
1995/04/25,389.85,5.69,432
1995/04/26,386,5.68,430.5
1995/04/27,389,5.66,435.15
1995/04/28,386.5,5.71,435.55
1995/05/01,387.7,5.59,438.5
1995/05/02,388.9,5.84,440.5
1995/05/03,389.35,5.72,434.9
1995/05/04,391,5.84,436.5
1995/05/05,390.8,5.91,443.25
1995/05/08,389.35,5.99,440.45
1995/05/09,383.3,6.08,442.5
1995/05/10,383.6,6.04,441.95
1995/05/11,383,5.97,441.75
1995/05/12,383.3,5.5,441.3
1995/05/15,384.4,5.42,440.5
1995/05/16,384.3,5.33,442
1995/05/17,383,5.32,442
1995/05/18,383.05,5.43,440.5
1995/05/19,382,5.41,440.5
1995/05/22,381.7,5.37,435.7
1995/05/23,382.85,5.41,433.75
1995/05/24,383.8,5.38,433.5
1995/05/25,385.15,5.29,432.5
1995/05/26,385.5,5.41,432.95
1995/05/29,386.75,5.51,434.45
1995/05/30,384,5.47,434.95
1995/05/31,383.85,5.44,434.15
1995/06/01,384.2,5.47,437.95
1995/06/02,383.3,5.29,435.25
1995/06/05,384.1,5.3,438.45
1995/06/06,384.3,5.35,440.75
1995/06/07,385.85,5.23,442.2
1995/06/08,386.25,5.32,438
1995/06/09,387.7,5.29,430.5
1995/06/12,387,5.36,427.5
1995/06/13,386.2,5.31,430.5
1995/06/14,387.65,5.45,431.1
1995/06/15,390.7,5.37,431.7
1995/06/16,389.6,5.35,429.3
1995/06/19,391.05,5.31,425.2
1995/06/20,390.4,5.44,420.5
1995/06/21,390.1,5.42,420.2
1995/06/22,389.6,5.49,421.2
1995/06/23,389.65,5.47,422.6
1995/06/26,389.25,5.46,422
1995/06/27,389.05,5.37,421.4
1995/06/28,386.85,5.36,422.2
1995/06/29,387.8,5.3,423
1995/06/30,384.15,5.33,421.5
1995/07/03,384.5,5.24,417.5
1995/07/04,384.4,5.31,416
1995/07/05,383.8,5.04,420
1995/07/06,384.3,5.08,422
1995/07/07,385.45,5.07,428.9
1995/07/10,385.5,5.06,431
1995/07/11,385.6,5.11,431.95
1995/07/12,388.5,5.16,428.25
1995/07/13,388.2,5.15,426.55
1995/07/14,388.6,5.16,430.5
1995/07/17,389,5.24,431.1
1995/07/18,389.1,5.2,433
1995/07/19,388,5.24,428.5
1995/07/20,385.6,5.35,427.1
1995/07/21,386.1,5.32,427.5
1995/07/24,386.8,5.2,428.5
1995/07/25,385.7,5.13,428.5
1995/07/26,386.3,5.2,426.5
1995/07/27,383.2,5.18,428
1995/07/28,383,5.16,433
1995/07/31,382.45,5.2,432.5
1995/08/01,382.9,5.1,432
1995/08/02,382.8,5.07,435.7
1995/08/03,384.1,5.04,439.5
1995/08/04,383.5,5.16,441.5
1995/08/07,383.65,5.11,438
1995/08/08,384.4,5.16,439.5
1995/08/09,384.45,5.17,439
1995/08/10,384.2,5.2,435
1995/08/11,383.35,5.28,422.6
1995/08/14,384.15,5.27,421.5
1995/08/15,384.95,5.31,421.5
1995/08/16,382.45,5.26,423
1995/08/17,384.2,5.38,419.5
1995/08/18,384.65,5.35,423.8
1995/08/21,384.45,5.38,423
1995/08/22,383,5.63,414
1995/08/23,383.15,5.7,413
1995/08/24,383.1,5.8,415.7
1995/08/25,382.8,5.66,412.5
1995/08/28,383,5.64,412
1995/08/29,381.85,5.6,417
1995/08/30,381.3,5.6,417
1995/08/31,382.2,5.62,414.5
1995/09/01,380.6,5.47,413
1995/09/04,379.6,5.27,412
1995/09/05,379.8,5.34,411.5
1995/09/06,379.9,5.31,412.5
1995/09/07,382.25,5.3,413.2
1995/09/08,381.4,5.24,410
1995/09/11,382.35,5.33,410
1995/09/12,384.7,5.44,411.4
1995/09/13,384.1,5.38,411.5
1995/09/14,385.1,5.51,414
1995/09/15,384.9,5.52,409.8
1995/09/18,385.5,5.43,405
1995/09/19,385,5.52,407.4
1995/09/20,383.85,5.48,410
1995/09/21,383.95,5.55,408
1995/09/22,382.5,5.5,408.4
1995/09/25,382.75,5.43,408.7
1995/09/26,383.5,5.5,405.7
1995/09/27,383,5.43,413.8
1995/09/28,383.1,5.44,411.4
1995/09/29,383.35,5.49,417.7
1995/10/02,381.7,5.46,421.7
1995/10/03,382.25,5.5,415.9
1995/10/04,382.6,5.48,414.9
1995/10/05,382.4,5.31,416.4
1995/10/06,383.2,5.29,413.2
1995/10/09,385,5.34,416.1
1995/10/10,384.8,5.3,415.9
1995/10/11,384.45,5.37,414.75
1995/10/12,384.3,5.45,411.8
1995/10/13,383.85,5.43,412
1995/10/16,383.5,5.43,412.5
1995/10/17,383.5,5.39,414.7
1995/10/18,383.55,5.38,415.4
1995/10/19,381.75,5.34,413.4
1995/10/20,382.1,5.34,411.9
1995/10/23,382.2,5.35,409.9
1995/10/24,382.2,5.33,411.6
1995/10/25,382.55,5.36,414.4
1995/10/26,382.4,5.35,413.1
1995/10/27,382.05,5.35,412.9
1995/10/30,382,5.43,415.9
1995/10/31,382.4,5.42,416.9
1995/11/01,382.15,5.31,414.9
1995/11/02,382.6,5.33,408.6
1995/11/03,382.1,5.34,407.7
1995/11/06,382.3,5.31,405.4
1995/11/07,384.7,5.33,409.7
1995/11/08,384.9,5.29,407.4
1995/11/09,385.5,5.28,405.9
1995/11/10,388.99,5.36,406.9
1995/11/13,387.05,5.36,405.6
1995/11/14,385.35,5.38,406
1995/11/15,384.8,5.44,407
1995/11/16,385.5,5.32,404.4
1995/11/17,386.7,5.32,399
1995/11/20,386.3,5.34,399.5
1995/11/21,384.9,5.32,405.9
1995/11/22,382.6,5.36,410.5
1995/11/23,382.6,5.35,411.1
1995/11/24,383.4,5.29,418.8
1995/11/27,385,5.19,418
1995/11/28,388.5,5.21,414.3
1995/11/29,388.6,5.24,418.5
1995/11/30,387.05,5.22,415.5
1995/12/01,385.95,5.23,414.5
1995/12/04,385.9,5.18,412.5
1995/12/05,386.9,5.23,417.8
1995/12/06,388.5,5.2,417.8
1995/12/07,388.8,5.2,415.5
1995/12/08,389.5,5.24,417.3
1995/12/11,388.1,5.25,424.15
1995/12/12,388,5.24,421.45
1995/12/13,386.2,5.22,418.05
1995/12/14,386,5.21,422.25
1995/12/15,386,5.17,418.25
1995/12/18,387.4,5.12,418.75
1995/12/19,387.2,5.14,419.35
1995/12/20,388.5,5.13,419.55
1995/12/21,387.6,5.17,426.75
1995/12/22,387,5.14,430.75
1995/12/25,387,5.17,429.75
1995/12/26,387.45,5.15,428.5
1995/12/27,386.6,5.16,424.3
1995/12/28,386.6,5.17,425.2
1995/12/29,386.85,5.15,419.5
1996/01/02,390.4,5.15,416.5
1996/01/03,394.1,5.18,422.5
1996/01/04,394.25,5.34,421.5
1996/01/05,395.3,5.35,421.2
1996/01/08,396.4,5.38,424.5
1996/01/09,396.1,5.52,423.25
1996/01/10,399.7,5.53,421
1996/01/11,398.2,5.53,418
1996/01/12,396,5.59,412
1996/01/15,395.6,5.5,409.2
1996/01/16,398.1,5.44,409.2
1996/01/17,399.25,5.42,407
1996/01/18,396.5,5.47,407.75
1996/01/19,399.15,5.49,411.4
1996/01/22,403.1,5.43,411
1996/01/23,403.3,5.44,409
1996/01/24,402.85,5.57,405.5
1996/01/25,406.5,5.54,406
1996/01/26,405.6,5.49,411.2
1996/01/29,405.8,5.56,411.5
1996/01/30,404.15,5.52,410.5
1996/01/31,406.2,5.52,411
1996/02/01,412.5,5.54,414.5
1996/02/02,415.1,5.57,411
1996/02/05,413.5,5.8,412
1996/02/06,412.15,5.82,411.2
1996/02/07,408.4,5.79,411.8
1996/02/08,409.25,5.76,411.5
1996/02/09,405.3,5.68,412.3
1996/02/12,400.95,5.72,412.1
1996/02/13,403.65,5.65,412.5
1996/02/14,404,5.65,413
1996/02/15,403.1,5.72,414.8
1996/02/16,405.2,5.72,408.5
1996/02/19,405.4,5.63,403
1996/02/20,399,5.71,400.5
1996/02/21,402,5.71,405.05
1996/02/22,399.5,5.54,405.75
1996/02/23,398,5.58,406.05
1996/02/26,398.8,5.52,406.05
1996/02/27,398,5.45,408.65
1996/02/28,400.1,5.48,406.75
1996/02/29,399.5,5.47,406
1996/03/01,398.5,5.51,409.65
1996/03/04,393.7,5.51,406.45
1996/03/05,393.4,5.5,403.25
1996/03/06,393,5.39,402.05
1996/03/07,395.2,5.37,402
1996/03/08,396.85,5.38,398.5
1996/03/11,395.4,5.43,400.5
1996/03/12,396.3,5.49,404.75
1996/03/13,396.7,5.49,404.55
1996/03/14,395.5,5.55,401.65
1996/03/15,396,5.61,405.75
1996/03/18,395.35,5.57,401.95
1996/03/19,395.1,5.59,402.45
1996/03/20,395.7,5.55,400
1996/03/21,397.75,5.52,402.75
1996/03/22,398.1,5.56,404.45
1996/03/25,398.6,5.61,404.25
1996/03/26,400,5.63,405.25
1996/03/27,399.9,5.63,406.25
1996/03/28,396.25,5.69,405.15
1996/03/29,395.2,5.67,404.85
1996/04/01,394.7,5.51,402.75
1996/04/02,393.7,5.52,402.95
1996/04/03,393.9,5.53,401.65
1996/04/04,394.5,5.5,404.8
1996/04/05,394.5,5.52,401.9
1996/04/08,397.6,5.42,398.5
1996/04/09,394.3,5.43,395.5
1996/04/10,395,5.54,398.3
1996/04/11,395.2,5.46,397.2
1996/04/12,394.3,5.49,398.3
1996/04/15,393.1,5.54,397.3
1996/04/16,391.2,5.51,398
1996/04/17,390.9,5.48,399.2
1996/04/18,390.2,5.3,398.5
1996/04/19,390.35,5.31,399.5
1996/04/22,391.4,5.28,400.5
1996/04/23,391.1,5.27,400.2
1996/04/24,390.5,5.33,393.5
1996/04/25,393.1,5.32,391.75
1996/04/26,390.2,5.3,392
1996/04/29,390.3,5.37,391.75
1996/04/30,391.4,5.27,391.25
1996/05/01,392.8,5.23,390.05
1996/05/02,393.8,5.32,391.25
1996/05/03,392.2,5.39,391.5
1996/05/06,393.8,5.39,392
1996/05/07,393.8,5.44,392.5
1996/05/08,392.8,5.46,391.5
1996/05/09,392.6,5.49,392.45
1996/05/10,390.4,5.44,392.65
1996/05/13,391.2,5.42,391.85
1996/05/14,391.6,5.35,392.2
1996/05/15,392.45,5.37,391.6
1996/05/16,392.5,5.38,389.5
1996/05/17,392.3,5.39,388.2
1996/05/20,390.6,5.36,388.3
1996/05/21,391.2,5.33,391.5
1996/05/22,391.5,5.27,391
1996/05/23,391.3,5.29,390
1996/05/24,390.65,5.34,388.75
1996/05/27,390.9,5.32,389.5
1996/05/28,391.25,5.32,386.3
1996/05/29,391,5.32,389.8
1996/05/30,390.8,5.36,389.7
1996/05/31,390.8,5.32,390.45
1996/06/03,390.3,5.33,389.85
1996/06/04,388,5.39,396.75
1996/06/05,386.2,5.37,390.5
1996/06/06,385.9,5.2,391.8
1996/06/07,385.05,5.16,392.9
1996/06/10,385.8,5.21,393.5
1996/06/11,384.3,5.18,394.2
1996/06/12,384.35,5.18,395.2
1996/06/13,384.35,5.11,396.5
1996/06/14,384.65,5.09,397
1996/06/17,384.7,5.08,399.9
1996/06/18,385.4,5.19,398.3
1996/06/19,384.25,5.19,397.8
1996/06/20,384.3,5.2,402.3
1996/06/21,384.8,5.13,404
1996/06/24,384.8,5.14,402.3
1996/06/25,383.9,5.14,403.5
1996/06/26,383,5.16,399.5
1996/06/27,381.9,5.16,401.25
1996/06/28,380.2,5.07,401.45
1996/07/01,381.2,5.02,399.45
1996/07/02,382,5.01,397.95
1996/07/03,381.5,5.06,400.25
1996/07/04,380.9,5.1,399.25
1996/07/05,381.55,5.11,399.65
1996/07/08,381.1,5.09,396.75
1996/07/09,382.4,5.08,398.5
1996/07/10,382.35,5.05,400.2
1996/07/11,383.55,5.1,397.5
1996/07/12,383.2,5.11,398.75
1996/07/15,384.3,5.13,399.55
1996/07/16,383.3,5.12,401.5
1996/07/17,383.3,5.15,401
1996/07/18,383.6,4.95,399
1996/07/19,384.25,4.96,396.7
1996/07/22,384.6,4.99,395
1996/07/23,384.4,4.96,395.25
1996/07/24,385.2,5.01,394.85
1996/07/25,384.95,4.96,393.9
1996/07/26,385,5.01,392.6
1996/07/29,384.4,4.99,392.2
1996/07/30,384.4,5.1,392.6
1996/07/31,386.8,5.07,392.8
1996/08/01,386.1,5.07,390.3
1996/08/02,387.1,5.14,389.3
1996/08/05,388.8,5.11,388.2
1996/08/06,388.3,5.08,387.2
1996/08/07,387.9,5.07,388.4
1996/08/08,388.3,5.03,390.3
1996/08/09,387.4,5.04,388
1996/08/12,387.4,5.09,386
1996/08/13,387.6,5.04,386.2
1996/08/14,386.4,5.07,387.5
1996/08/15,386.45,5.09,387.5
1996/08/16,386.2,5.05,385.3
1996/08/19,386.95,5.09,384.25
1996/08/20,387.45,5.09,382.55
1996/08/21,386.6,5.21,383.05
1996/08/22,387.3,5.21,384.05
1996/08/23,388.2,5.18,383.5
1996/08/26,389.2,5.23,383.5
1996/08/27,388.7,5.21,384.1
1996/08/28,387.9,5.28,384.3
1996/08/29,387.6,5.25,386.5
1996/08/30,386.5,5.18,387.5
1996/09/02,386.65,5.19,385.3
1996/09/03,386.25,5.18,385
1996/09/04,385.5,5.18,384.2
1996/09/05,385.5,5.16,383.5
1996/09/06,385,5.17,383.7
1996/09/09,383.4,5.14,383.6
1996/09/10,383,5.12,383.7
1996/09/11,382.6,5.08,386.5
1996/09/12,382.4,5.09,387.3
1996/09/13,382.35,5.08,385.2
1996/09/16,383.1,5.02,381.7
1996/09/17,382.7,5.03,383.9
1996/09/18,383.15,5.05,379.2
1996/09/19,382.5,5.04,380.5
1996/09/20,381,5.07,380
1996/09/23,381.3,4.93,380.5
1996/09/24,382.6,4.85,381.2
1996/09/25,382.4,4.87,380.2
1996/09/26,381.1,4.91,378.75
1996/09/27,380.3,4.9,381.95
1996/09/30,378.3,4.87,382.95
1996/10/01,378.5,4.91,386.3
1996/10/02,379.6,4.86,387.5
1996/10/03,379.9,4.89,387.1
1996/10/04,380.25,4.9,385
1996/10/07,380.45,4.89,384.5
1996/10/08,381.2,4.86,384.5
1996/10/09,381.1,4.88,382.75
1996/10/10,381.8,4.88,383.5
1996/10/11,381,4.95,383.5
1996/10/14,381.5,5.04,382.55
1996/10/15,381,5.04,380.5
1996/10/16,380.95,5.02,378.45
1996/10/17,380.35,5.03,376
1996/10/18,380.1,5.01,374.25
1996/10/21,381.7,4.89,374
1996/10/22,383.8,4.89,371.05
1996/10/23,383.6,4.92,372.2
1996/10/24,382.95,4.97,374.2
1996/10/25,382.6,4.97,371.65
1996/10/28,383,4.91,369.05
1996/10/29,380.35,4.92,367.5
1996/10/30,380.3,4.92,368.15
1996/10/31,377.7,4.82,368.9
1996/11/01,378,4.82,367.75
1996/11/04,378.55,4.8,368.25
1996/11/05,378.5,4.79,367.25
1996/11/06,377.7,4.8,368.75
1996/11/07,378.85,4.79,371.5
1996/11/08,379.2,4.72,371
1996/11/11,381.25,4.84,372.15
1996/11/12,382.6,4.84,371.75
1996/11/13,382.95,4.89,371.15
1996/11/14,381.15,4.88,370
1996/11/15,380.05,4.9,369.75
1996/11/18,378.8,4.85,369.75
1996/11/19,377.9,4.94,371.9
1996/11/20,378.1,4.89,370.5
1996/11/21,376.5,4.88,366.5
1996/11/22,376.1,4.93,363.4
1996/11/25,374.25,4.85,360.2
1996/11/26,374.8,4.85,362.7
1996/11/27,373.2,4.75,359.25
1996/11/28,372.25,4.75,362
1996/11/29,371.25,4.74,363.8
1996/12/02,368.2,4.73,362
1996/12/03,368.4,4.72,360.5
1996/12/04,370.7,4.69,358.2
1996/12/05,370.65,4.78,359.8
1996/12/06,368.7,4.82,360.6
1996/12/09,367.9,4.85,356.7
1996/12/10,368.4,4.77,356.95
1996/12/11,368.8,4.77,355.55
1996/12/12,368.9,4.83,356.25
1996/12/13,368.45,4.83,358.25
1996/12/16,367.85,4.82,359.75
1996/12/17,368.3,4.82,356.25
1996/12/18,369.1,4.8,354.55
1996/12/19,368.8,4.85,351.25
1996/12/20,368.5,4.85,348.75
1996/12/23,368.6,4.85,351.45
1996/12/24,368.6,4.82,350.75
1996/12/25,368.5,4.83,351.25
1996/12/26,369,4.84,350.25
1996/12/27,369.2,4.84,351.8
1996/12/30,369.2,4.89,355.3
1996/12/31,367.8,4.89,354.7
1997/01/02,365.2,4.79,368
1997/01/03,360.8,4.77,365.5
1997/01/06,357.6,4.71,367.5
1997/01/07,358.6,4.67,363.5
1997/01/08,355.7,4.63,367.4
1997/01/09,357.55,4.7,365.3
1997/01/10,358.8,4.65,367.9
1997/01/13,358.3,4.72,369.7
1997/01/14,353.75,4.75,373
1997/01/15,352.25,4.7,376.5
1997/01/16,354.35,4.66,382
1997/01/17,355.3,4.67,392.5
1997/01/20,353.3,4.72,392
1997/01/21,352.7,4.77,387.5
1997/01/22,350.5,4.73,385.5
1997/01/23,351.7,4.71,379.5
1997/01/24,352.1,4.72,382.8
1997/01/27,356,4.86,382.5
1997/01/28,353,4.97,379.5
1997/01/29,351,5.04,382.8
1997/01/30,345.45,4.95,379.5
1997/01/31,344.1,4.93,381.8
1997/02/03,346.4,4.93,381.75
1997/02/04,344.1,4.93,378
1997/02/05,344.1,4.9,374.5
1997/02/06,342.8,4.85,378.75
1997/02/07,341.5,4.87,377.95
1997/02/10,341.15,4.84,378.75
1997/02/11,339.6,4.94,375
1997/02/12,342.65,4.95,372
1997/02/13,340.75,4.84,374.5
1997/02/14,344.5,5.12,371.2
1997/02/17,344,5.12,373
1997/02/18,345.6,5.25,366.8
1997/02/19,345,5.2,371.5
1997/02/20,350.25,5.22,366.75
1997/02/21,352,5.17,364
1997/02/24,353,5.23,361
1997/02/25,354,5.2,364.5
1997/02/26,354,5.2,365.5
1997/02/27,358.9,5.22,368.6
1997/02/28,363,5.2,370
1997/03/03,361.7,5.24,368.75
1997/03/04,358.7,5.31,366.7
1997/03/05,352.7,5.28,363.7
1997/03/06,351.9,5.22,368
1997/03/07,348.5,5.2,376.5
1997/03/10,351.6,5.19,375.7
1997/03/11,353.3,5.17,381
1997/03/12,351.85,5.23,376.5
1997/03/13,353.3,5.26,374.5
1997/03/14,352,5.2,375.8
1997/03/17,347.5,5.28,377.7
1997/03/18,349.2,5.25,372
1997/03/19,351.8,5.2,373.3
1997/03/20,351.25,5.17,371
1997/03/21,352.6,5.22,373.6
1997/03/24,349.75,5.19,370.7
1997/03/25,347.6,5.14,372.5
1997/03/26,350.1,5.17,373
1997/03/27,349.2,5.1,372.05
1997/03/28,349.5,5.15,379.5
1997/03/31,350.9,5.13,390
1997/04/01,351.7,5.13,392.35
1997/04/02,348.8,5.06,392.5
1997/04/03,348.6,5,395.05
1997/04/04,348.5,4.86,393.75
1997/04/07,347.8,4.74,391.45
1997/04/08,348.3,4.74,391.25
1997/04/09,347.8,4.78,395.5
1997/04/10,348.4,4.78,392
1997/04/11,346.7,4.78,390
1997/04/14,346,4.79,389.5
1997/04/15,341.8,4.73,389.25
1997/04/16,341.3,4.72,398
1997/04/17,342.3,4.72,411.5
1997/04/18,341.2,4.79,411.5
1997/04/21,342.7,4.72,401.5
1997/04/22,341.1,4.71,399.5
1997/04/23,341.1,4.76,413.5
1997/04/24,340.5,4.73,426
1997/04/25,341.9,4.74,446.6
1997/04/28,339.45,4.69,464
1997/04/29,339.7,4.73,461
1997/04/30,339.1,4.62,449
1997/05/01,340.2,4.65,455
1997/05/02,340,4.68,437.5
1997/05/05,342.6,4.74,431
1997/05/06,340.2,4.71,429
1997/05/07,341.2,4.75,411
1997/05/08,343.5,4.72,403
1997/05/09,347.8,4.74,414.7
1997/05/12,347.4,4.83,417.2
1997/05/13,349.25,4.86,417.2
1997/05/14,347.55,4.82,411.5
1997/05/15,347.2,4.88,414
1997/05/16,343.8,4.83,415
1997/05/19,341.3,4.84,419
1997/05/20,342.85,4.68,423
1997/05/21,342.7,4.7,427.8
1997/05/22,342.4,4.71,421.5
1997/05/23,342.35,4.69,420
1997/05/26,342.75,4.68,419
1997/05/27,343.8,4.73,407
1997/05/28,344.6,4.73,402.5
1997/05/29,345.5,4.75,397.5
1997/05/30,344.4,4.73,396
1997/06/02,343.3,4.83,398
1997/06/03,343,4.7,402.5
1997/06/04,341,4.71,400.5
1997/06/05,343.1,4.75,406.5
1997/06/06,343.2,4.72,406
1997/06/09,343.95,4.8,412
1997/06/10,343.8,4.8,411.2
1997/06/11,343.35,4.76,421
1997/06/12,341.3,4.76,417.5
1997/06/13,340.8,4.76,421
1997/06/16,342.4,4.72,423.8
1997/06/17,341.5,4.7,430
1997/06/18,339,4.71,426.5
1997/06/19,340.1,4.79,428.5
1997/06/20,337.4,4.7,425.1
1997/06/23,339.5,4.77,440
1997/06/24,337.5,4.73,456
1997/06/25,337.1,4.82,449.5
1997/06/26,338,4.77,431
1997/06/27,334.4,4.78,432
1997/06/30,333.7,4.76,443.5
1997/07/01,334,4.7,442
1997/07/02,331.1,4.63,435
1997/07/03,325.5,4.65,431
1997/07/04,324.25,4.63,427.5
1997/07/07,317.6,4.55,427
1997/07/08,319.6,4.54,415
1997/07/09,317.9,4.28,408
1997/07/10,319.6,4.32,404
1997/07/11,321.1,4.32,413
1997/07/14,319.45,4.37,413
1997/07/15,317.8,4.36,407
1997/07/16,317.8,4.27,404.7
1997/07/17,323.5,4.3,402
1997/07/18,328.7,4.21,405
1997/07/21,325.3,4.26,405.5
1997/07/22,325,4.28,408
1997/07/23,322.85,4.26,408.5
1997/07/24,323,4.31,410
1997/07/25,325.75,4.29,417.5
1997/07/28,328.25,4.29,418.4
1997/07/29,325.7,4.33,415
1997/07/30,325.8,4.37,418
1997/07/31,324.3,4.34,425.2
1997/08/01,324.4,4.38,427.4
1997/08/04,323.65,4.48,426.5
1997/08/05,320.5,4.47,425.9
1997/08/06,318.3,4.49,421
1997/08/07,321.7,4.34,421.5
1997/08/08,326.9,4.34,423.5
1997/08/11,328.2,4.39,430.2
1997/08/12,326.8,4.39,437.5
1997/08/13,326.9,4.45,437
1997/08/14,323.8,4.44,438
1997/08/15,325.8,4.52,431.4
1997/08/18,321.1,4.42,427.7
1997/08/19,323,4.57,431
1997/08/20,321.2,4.52,436
1997/08/21,323.5,4.52,430.5
1997/08/22,326.2,4.51,431.8
1997/08/25,324.45,4.53,428.5
1997/08/26,325.65,4.68,423.5
1997/08/27,325.2,4.63,426.5
1997/08/28,323.7,4.68,435
1997/08/29,323.9,4.66,427.5
1997/09/01,324.3,4.67,431
1997/09/02,322.25,4.65,436.4
1997/09/03,321.75,4.66,432.5
1997/09/04,321.3,4.62,439
1997/09/05,322.3,4.67,428.5
1997/09/08,321.7,4.68,420.5
1997/09/09,321.25,4.72,420.2
1997/09/10,321.5,4.69,424.5
1997/09/11,324,4.75,420.5
1997/09/12,323.9,4.74,421.9
1997/09/15,322.8,4.75,413
1997/09/16,320.5,4.76,399.2
1997/09/17,320,4.74,404
1997/09/18,320.4,4.58,403
1997/09/19,320.6,4.61,405.3
1997/09/22,321,4.67,405.3
1997/09/23,321.7,4.72,407
1997/09/24,322.85,4.68,406.2
1997/09/25,326.9,4.69,405.5
1997/09/26,326.5,4.75,397
1997/09/29,328,4.78,391
1997/09/30,334.2,4.82,388.5
1997/10/01,333.5,5.09,390.5
1997/10/02,331.2,5.21,392
1997/10/03,334.6,5.16,388
1997/10/06,332.3,5.16,385.5
1997/10/07,331.2,5.28,386.5
1997/10/08,333,5.2,393.5
1997/10/09,327.5,5.19,392.5
1997/10/10,329.4,5.23,393.3
1997/10/13,328.2,5.12,389
1997/10/14,327.7,5.2,387.5
1997/10/15,326.7,5.15,380.2
1997/10/16,325.6,5.09,384.5
1997/10/17,325,5.07,381
1997/10/20,323.4,4.93,382.25
1997/10/21,322.45,4.96,384.5
1997/10/22,322.2,4.94,388.5
1997/10/23,323.4,4.97,386
1997/10/24,308.75,5.03,381
1997/10/27,311.6,4.94,381
1997/10/28,315.5,4.78,376.7
1997/10/29,313.6,4.8,376
1997/10/30,316.2,4.82,372.5
1997/10/31,311.2,4.8,359.9
1997/11/03,313.2,4.88,360.5
1997/11/04,313.6,4.75,351.5
1997/11/05,313.3,4.84,340.5
1997/11/06,312.2,4.85,354
1997/11/07,310,4.87,355.5
1997/11/10,309.9,4.91,355.5
1997/11/11,309.5,4.87,353.85
1997/11/12,307.2,4.88,354
1997/11/13,307.6,4.93,365.9
1997/11/14,303.1,4.9,365
1997/11/17,303.6,5.14,364
1997/11/18,306.5,5.09,363
1997/11/19,303.8,5.14,365
1997/11/20,302.6,5.11,367.5
1997/11/21,304.7,5.23,366.5
1997/11/24,302.7,5.25,362.5
1997/11/25,300.1,5.45,354.6
1997/11/26,296.5,5.4,361.5
1997/11/27,295.75,5.25,360.1
1997/11/28,296.8,5.26,362.5
1997/12/01,293.6,5.26,362
1997/12/02,293.6,5.3,373
1997/12/03,292.1,5.3,389
1997/12/04,286,5.33,387
1997/12/05,288,5.31,375
1997/12/08,287.6,5.28,375
1997/12/09,282.5,5.4,374.5
1997/12/10,286.4,5.4,379
1997/12/11,283.8,5.46,383.2
1997/12/12,282.6,5.88,382
1997/12/15,284.1,5.8,382
1997/12/16,283.3,5.88,388.5
1997/12/17,288.9,5.91,389.5
1997/12/18,287.1,5.97,388
1997/12/19,288.8,5.97,388
1997/12/22,290.8,6.05,392
1997/12/23,293.8,6.05,386
1997/12/24,296.2,6.02,396
1997/12/25,296.25,6.24,399
1997/12/26,294.6,6.38,395.1
1997/12/29,290.8,6.38,391
1997/12/30,290.3,6.36,389.5
1997/12/31,288.8,6.33,388.9
1998/01/02,288,6.16,387
1998/01/05,281.6,5.99,386.4
1998/01/06,281.2,5.96,385
1998/01/07,283.6,5.92,380
1998/01/08,280.7,6.09,377
1998/01/09,278.4,6.03,384.3
1998/01/12,277.9,5.79,379.2
1998/01/13,282.5,5.66,374
1998/01/14,281.7,5.5,374
1998/01/15,285.3,5.71,380
1998/01/16,289.9,5.71,379
1998/01/19,287.3,5.87,383.5
1998/01/20,290.2,5.83,388
1998/01/21,292.3,5.75,384
1998/01/22,290.2,5.73,384.5
1998/01/23,299.25,5.85,381.5
1998/01/26,296.8,5.77,380
1998/01/27,300.5,5.93,383.5
1998/01/28,304.75,5.99,388.3
1998/01/29,302.6,6.17,388
1998/01/30,302.2,6.11,388
1998/02/02,302.7,6.09,392.9
1998/02/03,295.1,6.22,401
1998/02/04,299.1,6.34,395.5
1998/02/05,298.4,6.76,408
1998/02/06,297.9,7.28,408.5
1998/02/09,299.5,7.59,411
1998/02/10,300.2,7.24,420.5
1998/02/11,299.8,7,415
1998/02/12,298.5,7.17,407
1998/02/13,299.6,7.07,412
1998/02/16,298,7.05,409.5
1998/02/17,297.75,7.13,407.1
1998/02/18,297.3,7.05,404.5
1998/02/19,298.7,6.8,406.5
1998/02/20,297,6.59,405
1998/02/23,293.2,6.82,412
1998/02/24,291.2,6.54,413
1998/02/25,291.8,6.46,412
1998/02/26,294.4,6.35,417
1998/02/27,298.9,6.03,421
1998/03/02,299.5,6.19,426
1998/03/03,297.6,6.48,426.5
1998/03/04,295.8,6.59,430.5
1998/03/05,293.2,6.39,419.5
1998/03/06,294.2,6.35,411
1998/03/09,294.25,6.37,412
1998/03/10,295.8,6.07,420
1998/03/11,294.35,6.07,419
1998/03/12,294.3,6.3,422.7
1998/03/13,295.1,6.14,417
1998/03/16,294.3,6.2,410
1998/03/17,291.7,6.14,409
1998/03/18,290.9,6.1,405
1998/03/19,291.3,5.86,405.8
1998/03/20,291.5,5.97,400.5
1998/03/23,298.7,5.97,393.5
1998/03/24,299.4,6.21,394.2
1998/03/25,298.8,6.45,398
1998/03/26,301.3,6.41,395
1998/03/27,302.6,6.24,394
1998/03/30,301.4,6.33,396
1998/03/31,300.7,6.35,390
1998/04/01,299.5,6.34,387
1998/04/02,302,6.5,402
1998/04/03,308,6.36,400
1998/04/06,308.8,6.56,404.9
1998/04/07,309.5,6.6,395.5
1998/04/08,309.1,6.4,386
1998/04/09,308.2,6.41,380.7
1998/04/10,310.25,6.43,383
1998/04/13,310.7,6.43,378.7
1998/04/14,308,6.45,380
1998/04/15,307,6.39,380
1998/04/16,307.9,6.3,374.1
1998/04/17,307.5,6.32,366
1998/04/20,307.7,6.3,368.4
1998/04/21,310.5,6.26,363.3
1998/04/22,313,6.24,364
1998/04/23,313.8,6.32,357.5
1998/04/24,312.4,6.29,358
1998/04/27,309.4,6.29,358
1998/04/28,307.7,6.25,359
1998/04/29,310,6.17,358
1998/04/30,306.4,6.17,356.5
1998/05/01,302,6.22,349.5
1998/05/04,304.1,6.22,348
1998/05/05,303.1,6.13,346.5
1998/05/06,300.5,6.24,355
1998/05/07,298.35,6.11,360
1998/05/08,299.6,5.91,358
1998/05/11,300.1,5.96,361.5
1998/05/12,297.7,5.96,356.5
1998/05/13,298.2,5.73,353.5
1998/05/14,298.9,5.59,351
1998/05/15,301,5.53,352.5
1998/05/18,299.3,5.59,351.2
1998/05/19,298.4,5.57,351
1998/05/20,299.4,5.28,359.6
1998/05/21,300.9,5.16,367
1998/05/22,299.6,5.23,365
1998/05/25,299.5,5.32,365
1998/05/26,295.3,5.27,370
1998/05/27,293.6,5.27,376.5
1998/05/28,292.85,5.08,379
1998/05/29,292.7,5.18,381.7
1998/06/01,288.2,5.03,375.5
1998/06/02,291.2,5.09,373.6
1998/06/03,292.9,5.07,379
1998/06/04,293.5,5.18,386.2
1998/06/05,291.4,5.2,396
1998/06/08,296,5.23,396
1998/06/09,293.4,5.28,390.5
1998/06/10,293,5.43,384.5
1998/06/11,286.6,5.33,382
1998/06/12,285.75,5.34,380.2
1998/06/15,284.6,5.16,377.5
1998/06/16,288.4,5.13,375.5
1998/06/17,293.2,5.09,383.5
1998/06/18,293,5.19,377.5
1998/06/19,298.5,5.36,378.5
1998/06/22,295.2,5.26,374.2
1998/06/23,294.8,5.37,372
1998/06/24,292.6,5.33,374
1998/06/25,293.65,5.34,375.5
1998/06/26,293.6,5.26,381.4
1998/06/29,293.4,5.36,379.3
1998/06/30,296.7,5.31,378.5
1998/07/01,296.2,5.32,374.1
1998/07/02,293.6,5.52,371.4
1998/07/03,294.5,5.46,371
1998/07/06,293,5.33,367.3
1998/07/07,294.8,5.34,363.1
1998/07/08,293,5.32,368.4
1998/07/09,291.45,5.39,369.8
1998/07/10,290.6,5.34,371.8
1998/07/13,291.4,5.32,368.3
1998/07/14,292.9,5.29,370.7
1998/07/15,293.5,5.32,364.8
1998/07/16,293.2,5.31,360
1998/07/17,294.25,5.34,352.7
1998/07/20,295.9,5.32,353.7
1998/07/21,294.6,5.35,356
1998/07/22,293.9,5.45,363
1998/07/23,293.2,5.52,367.5
1998/07/24,291.2,5.66,368.5
1998/07/27,290.1,5.8,365.2
1998/07/28,291.5,5.7,367
1998/07/29,289.8,5.64,359.5
1998/07/30,288.75,5.66,357.7
1998/07/31,286.2,5.58,363.5
1998/08/03,283.5,5.5,364.3
1998/08/04,288.7,5.43,365.4
1998/08/05,287.7,5.35,366.6
1998/08/06,287.1,5.44,359.9
1998/08/07,286.4,5.4,363
1998/08/10,287.2,5.42,361.5
1998/08/11,283.7,5.27,354.1
1998/08/12,282.5,5.32,351.3
1998/08/13,285.1,5.17,353.5
1998/08/14,283.8,5.16,358.9
1998/08/17,284.8,5.19,352
1998/08/18,284.7,5.16,351
1998/08/19,283.1,5.11,345.5
1998/08/20,284.9,5.07,353.9
1998/08/21,284.55,5.07,352
1998/08/24,284.4,5.15,347
1998/08/25,282.8,5.17,337
1998/08/26,282,5.13,341
1998/08/27,276.3,5.03,351
1998/08/28,274.1,4.95,349
1998/08/31,276.4,4.87,343
1998/09/01,278.6,4.66,343
1998/09/02,279.9,4.66,342.3
1998/09/03,284.7,4.77,339
1998/09/04,286.6,4.83,340
1998/09/07,288.2,4.93,344
1998/09/08,285.8,5.01,337
1998/09/09,284,5.03,335
1998/09/10,290.2,4.9,338
1998/09/11,293.5,4.93,334.9
1998/09/14,290.1,5.03,337
1998/09/15,289.7,5.02,338.7
1998/09/16,287.6,4.95,341
1998/09/17,291.2,4.95,337
1998/09/18,291.2,4.92,335
1998/09/21,288.7,4.99,333
1998/09/22,287.6,4.96,336
1998/09/23,289.5,4.85,338
1998/09/24,293.9,4.88,344.6
1998/09/25,293.9,5.03,344.3
1998/09/28,295.5,5.15,339
1998/09/29,294.5,5.16,336.3
1998/09/30,296.7,5.27,335.5
1998/10/01,299.6,5.35,337.8
1998/10/02,300.3,5.35,348
1998/10/05,296.4,5.29,346.6
1998/10/06,296,5.2,350
1998/10/07,301.3,5.07,346.9
1998/10/08,299.4,5.1,351.4
1998/10/09,296.5,5.13,362.3
1998/10/12,296,5.01,355.5
1998/10/13,296.3,4.79,350
1998/10/14,295.9,4.83,352.1
1998/10/15,299,4.83,351.5
1998/10/16,299.7,4.81,351
1998/10/19,295.9,4.91,350
1998/10/20,296,4.94,353
1998/10/21,295,4.88,349.6
1998/10/22,292.3,4.88,345.5
1998/10/23,292.7,4.88,345.7
1998/10/26,292.25,4.88,346
1998/10/27,293.4,4.86,346
1998/10/28,292.8,4.98,344.8
1998/10/29,293.4,4.95,349.5
1998/10/30,292.3,5.04,349.5
1998/11/02,290,5.07,348.8
1998/11/03,288.9,5.04,346.8
1998/11/04,290.5,5.02,350
1998/11/05,293.7,4.93,355.7
1998/11/06,292.8,4.94,348.6
1998/11/09,292.5,5.03,345
1998/11/10,293,5.01,343
1998/11/11,292.7,5.04,343
1998/11/12,296.5,4.99,344
1998/11/13,295.6,4.99,345
1998/11/16,294.7,5.13,347
1998/11/17,294.3,5.03,348
1998/11/18,297,4.93,358.1
1998/11/19,295.5,4.93,360
1998/11/20,295.8,4.97,364.2
1998/11/23,296.5,4.96,364.3
1998/11/24,296,4.9,357
1998/11/25,296.4,4.91,357
1998/11/26,296.3,4.89,358
1998/11/27,295.6,4.93,359.9
1998/11/30,292.7,4.92,362.5
1998/12/01,293.5,4.92,354.5
1998/12/02,292.8,4.85,352.8
1998/12/03,291.6,4.88,352.5
1998/12/04,292.25,4.7,350.5
1998/12/07,294.9,4.77,353
1998/12/08,293.4,4.77,352.5
1998/12/09,293.8,4.79,353.2
1998/12/10,294,4.8,352.2
1998/12/11,290.6,4.78,348.9
1998/12/14,291.1,4.8,351.2
1998/12/15,292.5,4.79,350.2
1998/12/16,294.8,4.88,345
1998/12/17,291.5,4.88,341.2
1998/12/18,289,5.06,345
1998/12/21,288.7,4.95,347.5
1998/12/22,287.85,4.95,353.6
1998/12/23,286.5,4.9,352
1998/12/24,286.1,4.91,359.5
1998/12/25,286.5,4.9,354
1998/12/28,286.5,4.92,351
1998/12/29,286,4.92,356
1998/12/30,286.9,4.92,357
1998/12/31,288,5.03,362
1999/01/04,287.1,5.03,367.5
1999/01/05,286.7,5.02,368.5
1999/01/06,287.5,4.93,363
1999/01/07,291.3,5.03,361
1999/01/08,291,5.15,373.5
1999/01/11,292.65,5.23,374.1
1999/01/12,288.3,5.28,376.4
1999/01/13,286.7,5.34,383
1999/01/14,286.6,5.22,382.7
1999/01/15,286.8,5.19,378
1999/01/18,286.7,5.17,381.2
1999/01/19,286.3,5.12,377
1999/01/20,287,5.12,374
1999/01/21,287.5,5.12,370.75
1999/01/22,286.3,5.15,371.5
1999/01/25,287.6,5.1,375.7
1999/01/26,285.9,5.09,376
1999/01/27,283.1,5.17,374
1999/01/28,283.9,5.11,367.2
1999/01/29,286.1,5.09,369
1999/02/01,288.5,5.22,365.15
1999/02/02,288.4,5.23,362.45
1999/02/03,287.3,5.31,363.5
1999/02/04,289.2,5.46,367.05
1999/02/05,288.3,5.52,367.65
1999/02/08,289.25,5.74,370.45
1999/02/09,287.4,5.64,371
1999/02/10,287,5.61,373
1999/02/11,287.5,5.5,371
1999/02/12,289.3,5.48,369.1
1999/02/15,289.25,5.55,368
1999/02/16,285.2,5.68,360
1999/02/17,284.6,5.73,357
1999/02/18,285.5,5.45,361
1999/02/19,288,5.43,360
1999/02/22,286.9,5.51,359
1999/02/23,287,5.63,357
1999/02/24,287.5,5.49,354
1999/02/25,287.5,5.48,355
1999/02/26,286.6,5.4,356.1
1999/03/01,286.25,5.57,358.2
1999/03/02,286.7,5.63,359
1999/03/03,286.8,5.54,360
1999/03/04,287.7,5.32,357.8
1999/03/05,287.9,5.24,360.5
1999/03/08,291,5.26,362
1999/03/09,291.7,5.2,363.5
1999/03/10,292.8,5.28,362
1999/03/11,293.9,5.24,359
1999/03/12,292.1,5.27,355.6
1999/03/15,286.7,5.34,354
1999/03/16,283.4,5.3,353.2
1999/03/17,283.7,5.1,354
1999/03/18,283,5.03,352
1999/03/19,284,5.03,349
1999/03/22,284.2,5.01,353
1999/03/23,284.3,5.05,346.9
1999/03/24,283.8,5.11,349
1999/03/25,283.2,5.11,351
1999/03/26,279.5,5.08,356.7
1999/03/29,280.1,5.11,355.9
1999/03/30,279,5.09,353
1999/03/31,279.8,5.1,354
1999/04/01,280.2,5.01,355
1999/04/02,279,4.96,357.5
1999/04/05,278.2,5.02,356.8
1999/04/06,279.75,5,355
1999/04/07,280.1,4.92,355.5
1999/04/08,280.4,4.96,354.3
1999/04/09,281.3,4.96,354.9
1999/04/12,282.6,4.9,356
1999/04/13,283.1,4.94,358.1
1999/04/14,281.2,4.91,358.2
1999/04/15,283.75,4.92,361
1999/04/16,283.6,4.87,364.1
1999/04/19,284.3,5.01,363
1999/04/20,284.1,5.05,363
1999/04/21,283.6,5.15,360.5
1999/04/22,283.3,5.13,362.3
1999/04/23,283.3,5.16,366
1999/04/26,281,5.19,366.5
1999/04/27,281.75,5.15,361.6
1999/04/28,282.5,5.11,362.6
1999/04/29,285.8,5.17,365.7
1999/04/30,286.4,5.25,367.2
1999/05/03,286.1,5.39,367
1999/05/04,285.3,5.4,361
1999/05/05,287.1,5.36,355.5
1999/05/06,289.1,5.31,352
1999/05/07,282.5,5.37,348.8
1999/05/10,277.8,5.37,351.2
1999/05/11,278,5.41,345
1999/05/12,276.8,5.4,346.9
1999/05/13,277.5,5.39,347
1999/05/14,275.7,5.37,347.5
1999/05/17,274.2,5.53,346
1999/05/18,273.8,5.37,347
1999/05/19,272.9,5.37,348
1999/05/20,274.2,5.31,350
1999/05/21,272.75,5.27,350
1999/05/24,272.2,5.29,347
1999/05/25,270.3,5.19,345
1999/05/26,268.9,5.04,345.5
1999/05/27,270.3,5.05,347.4
1999/05/28,270,5.04,351
1999/05/31,270.1,4.95,352.2
1999/06/01,267.4,4.88,350.5
1999/06/02,265.2,4.92,347.1
1999/06/03,265.5,4.97,347
1999/06/04,265.1,4.97,347.5
1999/06/07,265.4,4.93,348
1999/06/08,262,4.93,349
1999/06/09,259.1,4.97,353.1
1999/06/10,258.2,4.94,352.5
1999/06/11,260.4,5.03,352.7
1999/06/14,260.25,5.09,353.2
1999/06/15,258.9,5.1,351.5
1999/06/16,258.2,5.1,351.5
1999/06/17,258.2,5.02,342.5
1999/06/18,259.3,5.02,345.7
1999/06/21,258.8,5.05,344.3
1999/06/22,258.1,4.95,346
1999/06/23,260.4,5,351.1
1999/06/24,260.7,5.03,354
1999/06/25,259.4,5.09,350.5
1999/06/28,260.3,5.11,351
1999/06/29,260.5,5.07,351.5
1999/06/30,262.25,5.14,350.2
1999/07/01,263.2,5.17,351.7
1999/07/02,263,5.25,350.6
1999/07/05,261.85,5.26,347
1999/07/06,257,5.33,343.5
1999/07/07,256.9,5.26,348
1999/07/08,256.25,5.19,351.2
1999/07/09,256.8,5.21,352.5
1999/07/12,255.4,5.22,353.5
1999/07/13,255.6,5.22,350.3
1999/07/14,253.75,5.22,347.1
1999/07/15,253.8,5.12,345
1999/07/16,253.5,5.06,348
1999/07/19,253,5.09,347
1999/07/20,253.1,5.07,347.2
1999/07/21,254.9,5.03,349
1999/07/22,255.7,5.05,347
1999/07/23,254.5,5.11,352.4
1999/07/26,253.5,5.13,347.6
1999/07/27,253.8,5.14,350.5
1999/07/28,253.9,5.13,355.5
1999/07/29,256.5,5.16,354.5
1999/07/30,255.7,5.23,360
1999/08/02,254.9,5.4,365.5
1999/08/03,255.8,5.43,372.7
1999/08/04,255.9,5.36,375.5
1999/08/05,255.5,5.44,372.5
1999/08/06,256,5.48,374
1999/08/09,257,5.41,373
1999/08/10,257.3,5.39,373
1999/08/11,258.7,5.31,378.5
1999/08/12,260.5,5.31,375.8
1999/08/13,260.4,5.37,375.5
1999/08/16,259.8,5.34,372.5
1999/08/17,261.3,5.29,384.1
1999/08/18,259.4,5.23,413.6
1999/08/19,258.25,5.24,409.2
1999/08/20,257.2,5.2,393
1999/08/23,254,5.18,400.8
1999/08/24,253,5.22,412
1999/08/25,252.3,5.11,406
1999/08/26,252.5,5.12,418
1999/08/27,253.5,5.08,425.1
1999/08/30,253.7,5.11,421.8
1999/08/31,255.3,5.11,423.2
1999/09/01,253.6,5.09,434
1999/09/02,255.2,5.15,426.5
1999/09/03,254,5.12,433
1999/09/06,254.5,5.2,413
1999/09/07,255.7,5.11,410.6
1999/09/08,255.9,5.13,414
1999/09/09,257,5.18,425.1
1999/09/10,256.3,5.17,423.7
1999/09/13,256.2,5.2,429
1999/09/14,257.2,5.19,426
1999/09/15,256.5,5.15,409.6
1999/09/16,255.8,5.12,413
1999/09/17,255,5.07,420.5
1999/09/20,254.75,5.1,415.5
1999/09/21,260.4,5.09,413.3
1999/09/22,264,5.09,413.4
1999/09/23,266,5.24,414.1
1999/09/24,268.5,5.26,424
1999/09/27,282.25,5.25,418.3
1999/09/28,308.8,5.22,420.5
1999/09/29,301.5,5.33,431.9
1999/09/30,298.5,5.75,444.9
1999/10/01,304.3,5.58,447.5
1999/10/04,317,5.57,446
1999/10/05,326,5.58,451.3
1999/10/06,324.5,5.62,445
1999/10/07,322.3,5.53,443
1999/10/08,319.5,5.51,438
1999/10/11,318,5.56,426
1999/10/12,316.5,5.52,425.7
1999/10/13,320.75,5.51,429
1999/10/14,312.5,5.53,432.8
1999/10/15,314.4,5.57,443
1999/10/18,310.75,5.34,442.25
1999/10/19,307.75,5.31,435.5
1999/10/20,304.6,5.23,440
1999/10/21,303,5.19,440
1999/10/22,301.9,5.18,434.4
1999/10/25,298,5.2,434
1999/10/26,288,5.23,436.4
1999/10/27,292.85,5.23,434.9
1999/10/28,298,5.17,436
1999/10/29,298.3,5.19,435
1999/11/01,289.5,5.26,440.5
1999/11/02,290.5,5.19,447
1999/11/03,290.5,5.19,446.2
1999/11/04,292,5.2,432.6
1999/11/05,289.5,5.21,435.5
1999/11/08,289,5.2,430
1999/11/09,292,5.07,430.7
1999/11/10,297.8,5.04,436
1999/11/11,293.7,5.08,447.1
1999/11/12,290.8,5.12,437.4
1999/11/15,291,5.09,434
1999/11/16,294,5.05,435
1999/11/17,294,5.08,440.5
1999/11/18,293.75,5.14,447
1999/11/19,294.5,5.09,441
1999/11/22,294,5.14,440
1999/11/23,297.75,5.11,444
1999/11/24,298.4,5.17,431.7
1999/11/25,298,5.26,419
1999/11/26,297.75,5.22,412
1999/11/29,290.7,5.19,414
1999/11/30,290.5,5.19,416.5
1999/12/01,289.25,5.17,417
1999/12/02,284.5,5.2,420.4
1999/12/03,279.6,5.17,422.9
1999/12/06,276.1,5.08,430
1999/12/07,282.8,5.1,431
1999/12/08,282,5.1,435.5
1999/12/09,277.75,5.14,447
1999/12/10,278.8,5.12,442
1999/12/13,279.6,5.1,445
1999/12/14,279.7,5.12,454
1999/12/15,282.5,5.12,459.5
1999/12/16,281.7,5.18,450.5
1999/12/17,283.3,5.18,473
1999/12/20,284,5.2,492.8
1999/12/21,286.75,5.21,490
1999/12/22,286.8,5.19,485.9
1999/12/23,286.7,5.15,496
1999/12/24,287.5,5.22,510
1999/12/27,287.5,5.2,513.5
1999/12/28,289.3,5.18,505.5
1999/12/29,290.2,5.2,528
1999/12/30,287.8,5.19,553
1999/12/31,287.5,5.36,541
2000/01/03,288.5,5.4,547.4
2000/01/04,282.2,5.4,530
2000/01/05,280.75,5.34,546
2000/01/06,280.85,5.33,560
2000/01/07,281.5,5.15,546.4
2000/01/10,281.1,5.11,500
2000/01/11,283,5.15,518
2000/01/12,282.1,5.13,516.3
2000/01/13,284,5.15,475
2000/01/14,283.8,5.09,475
2000/01/17,285.25,5.1,457.1
2000/01/18,288.35,5.1,465
2000/01/19,289.15,5.1,476.5
2000/01/20,288.25,5.11,471.2
2000/01/21,288.7,5.11,456.5
2000/01/24,287.4,5.2,467.5
2000/01/25,285.6,5.2,465
2000/01/26,285.7,5.23,472
2000/01/27,286.6,5.25,470.2
2000/01/28,282.75,5.2,470.5
2000/01/31,282.85,5.34,470.7
2000/02/01,282.25,5.25,476.5
2000/02/02,284.5,5.24,478
2000/02/03,287.15,5.18,479
2000/02/04,314.8,5.17,481.7
2000/02/07,300.8,5.22,484.8
2000/02/08,298,5.5,490.5
2000/02/09,305,5.22,493.6
2000/02/10,316.45,5.26,494.8
2000/02/11,310.2,5.34,478.6
2000/02/14,307,5.34,478.7
2000/02/15,301,5.27,475
2000/02/16,301.5,5.21,478
2000/02/17,300.5,5.2,473.7
2000/02/18,303.8,5.25,478
2000/02/21,305,5.21,500
2000/02/22,304.75,5.23,503
2000/02/23,299.6,5.22,520.9
2000/02/24,298.1,5.25,515
2000/02/25,292.1,5.22,505.5
2000/02/28,291.75,5.14,477
2000/02/29,291.75,5.04,484
2000/03/01,290.75,5.05,489.1
2000/03/02,287.7,5.06,490
2000/03/03,288.3,5.08,495
2000/03/06,287.4,5.02,500
2000/03/07,291.6,5.1,495.1
2000/03/08,288.1,5.06,497.3
2000/03/09,290.75,5.07,496.5
2000/03/10,288.5,5.08,487
2000/03/13,290,5.09,483
2000/03/14,288.5,5.05,467.5
2000/03/15,288.5,5.06,472.5
2000/03/16,286,5.09,462.5
2000/03/17,284,5.11,498.5
2000/03/20,285.5,5.08,540
2000/03/21,289.5,5.09,550
2000/03/22,287.5,5.02,520.2
2000/03/23,285.15,5.1,502.9
2000/03/24,284.5,5.11,510.2
2000/03/27,279.8,5.07,505.5
2000/03/28,279.1,5.09,501
2000/03/29,276,5.08,503
2000/03/30,276.25,5.05,510
2000/03/31,278.7,4.95,509
2000/04/03,277.9,4.94,507.8
2000/04/04,284.3,5,504
2000/04/05,281,5.02,508.5
2000/04/06,280,5.12,511.9
2000/04/07,279.7,5.09,530.8
2000/04/10,281.5,5.1,549.4
2000/04/11,281.25,5.08,546
2000/04/12,281.75,5.12,562
2000/04/13,281.3,5.1,567
2000/04/14,282.5,5.1,545
2000/04/17,281,5.14,549.4
2000/04/18,280.75,5.13,544
2000/04/19,280.4,5.09,552.5
2000/04/20,279.5,5.1,544.5
2000/04/21,279.5,5.09,547
2000/04/24,279.3,4.96,560
2000/04/25,278,4.96,566
2000/04/26,275.4,4.93,558.4
2000/04/27,276.8,4.99,548
2000/04/28,273.25,4.93,547.9
2000/05/01,273.25,4.94,550
2000/05/02,275.5,4.96,543
2000/05/03,278,5.01,547
2000/05/04,279.75,5.01,537
2000/05/05,278.7,5,538
2000/05/08,276.25,5.09,540
2000/05/09,277,4.98,547
2000/05/10,277.5,5,570.3
2000/05/11,275.7,5.02,562
2000/05/12,275.9,5,567.1
2000/05/15,275.4,4.99,560
2000/05/16,275.3,4.99,575
2000/05/17,273.1,4.99,561.5
2000/05/18,273.1,5.07,575
2000/05/19,274,4.97,567
2000/05/22,275.5,4.99,560
2000/05/23,274.1,4.96,549
2000/05/24,273.3,4.98,546
2000/05/25,270,4.99,529.4
2000/05/26,271.8,4.96,537
2000/05/29,271.9,4.9,542.8
2000/05/30,272.7,4.91,546
2000/05/31,271.9,4.92,547
2000/06/01,272.55,4.9,549.8
2000/06/02,281,4.91,552.7
2000/06/05,285.1,4.9,564.7
2000/06/06,288.8,4.98,575
2000/06/07,287,5.01,575
2000/06/08,284.2,5.05,571.5
2000/06/09,283.6,5.06,580.6
2000/06/12,286.5,5.05,577.5
2000/06/13,285.5,5.02,572
2000/06/14,291.5,5,563
2000/06/15,289.6,4.99,564
2000/06/16,289,5.05,561.8
2000/06/19,286,5.04,564
2000/06/20,285.95,5.05,578.5
2000/06/21,285.85,5.01,590.9
2000/06/22,285.3,5,603.2
2000/06/23,282.9,4.95,566
2000/06/26,283.75,4.95,567.5
2000/06/27,285.7,4.94,562.5
2000/06/28,292.45,4.96,576.6
2000/06/29,288.9,4.94,571.3
2000/06/30,289.75,4.97,573
2000/07/03,287.65,4.99,566
2000/07/04,286.5,5.02,562.5
2000/07/05,283.9,4.99,568
2000/07/06,283.25,4.98,572
2000/07/07,283.3,4.97,565.6
2000/07/10,283.7,4.98,563.2
2000/07/11,282.25,4.96,566
2000/07/12,280.4,4.97,570.3
2000/07/13,280,4.95,570
2000/07/14,281,4.96,572.9
2000/07/17,283.3,4.96,579.7
2000/07/18,282.4,4.99,582
2000/07/19,278.9,5,592.9
2000/07/20,280,5.01,590.4
2000/07/21,280.1,4.96,585.7
2000/07/24,279,4.97,594.3
2000/07/25,278.8,4.92,607
2000/07/26,279.5,4.93,600.3
2000/07/27,278.25,4.97,610.1
2000/07/28,278.15,4.94,604.5
2000/07/31,277,4.95,611.1
2000/08/01,277,4.95,605.9
2000/08/02,277.3,4.98,605.2
2000/08/03,273.7,4.97,595
2000/08/04,273,4.97,584.8
2000/08/07,273.5,4.95,590.5
2000/08/08,273,4.9,591.5
2000/08/09,272.5,4.92,590.7
2000/08/10,272.5,4.89,587.8
2000/08/11,274.9,4.88,584.2
2000/08/14,274.5,4.88,583.5
2000/08/15,274.4,4.9,579.6
2000/08/16,276.95,4.86,567
2000/08/17,277.35,4.85,568.7
2000/08/18,276.4,4.84,573.7
2000/08/21,275,4.85,573.8
2000/08/22,273.5,4.83,563
2000/08/23,271,4.84,567.7
2000/08/24,272.7,4.82,569
2000/08/25,274,4.77,577.3
2000/08/28,273.85,4.83,577.8
2000/08/29,273.1,4.87,579.3
2000/08/30,273.9,4.9,577.5
2000/08/31,277.5,4.92,581
2000/09/01,276.5,4.9,583.8
2000/09/04,276.75,4.96,582.3
2000/09/05,275.3,4.96,574.3
2000/09/06,274.1,4.95,570.9
2000/09/07,273.55,4.94,576.1
2000/09/08,272.7,4.94,591.9
2000/09/11,273.2,4.9,590.5
2000/09/12,272.8,4.89,583
2000/09/13,272.55,4.86,571.7
2000/09/14,272.1,4.88,577.3
2000/09/15,272.2,4.86,575.9
2000/09/18,271.55,4.87,573.5
2000/09/19,272,4.85,576.2
2000/09/20,269.2,4.85,585.1
2000/09/21,270.5,4.86,585.4
2000/09/22,271.9,4.82,601.8
2000/09/25,274.05,4.85,596.5
2000/09/26,274.1,4.88,592
2000/09/27,278.35,4.89,599
2000/09/28,275.3,4.9,600
2000/09/29,274,4.93,601.1
2000/10/02,273.15,4.92,597.6
2000/10/03,272,4.86,590.8
2000/10/04,270.5,4.87,594.4
2000/10/05,270.1,4.88,590.5
2000/10/06,269.4,4.84,583.7
2000/10/09,270.35,4.86,589.5
2000/10/10,272.5,4.86,594
2000/10/11,271,4.86,588.8
2000/10/12,276.4,4.88,588
2000/10/13,272.4,4.86,583
2000/10/16,271.8,4.9,578
2000/10/17,271,4.86,599
2000/10/18,270.4,4.85,594
2000/10/19,270.6,4.83,600.6
2000/10/20,271.2,4.83,605.9
2000/10/23,270.1,4.82,612
2000/10/24,270.05,4.82,620
2000/10/25,266.5,4.76,605
2000/10/26,265.1,4.78,603.4
2000/10/27,264.3,4.74,610.6
2000/10/30,264.6,4.73,605.9
2000/10/31,264.8,4.74,612.5
2000/11/01,264,4.72,617.6
2000/11/02,264.4,4.73,608.1
2000/11/03,264.9,4.75,616.2
2000/11/06,264.75,4.7,608.7
2000/11/07,264.15,4.73,602
2000/11/08,264.9,4.75,601.3
2000/11/09,265.5,4.71,606.2
2000/11/10,264.4,4.72,612.9
2000/11/13,264.2,4.73,608.1
2000/11/14,264.4,4.68,605
2000/11/15,265,4.66,607
2000/11/16,265.6,4.66,612.5
2000/11/17,265.55,4.66,615
2000/11/20,266.1,4.65,609.5
2000/11/21,265.6,4.64,609.9
2000/11/22,266.4,4.63,619
2000/11/23,265.75,4.62,626.9
2000/11/24,265.7,4.62,614
2000/11/27,269.8,4.61,629.5
2000/11/28,269.25,4.61,631
2000/11/29,266.7,4.68,637.1
2000/11/30,270.1,4.69,629
2000/12/01,269.15,4.62,633.1
2000/12/04,270.9,4.68,635
2000/12/05,270.1,4.64,629.6
2000/12/06,274.7,4.71,622
2000/12/07,273.5,4.71,607.6
2000/12/08,272.5,4.77,615.8
2000/12/11,270.3,4.73,620
2000/12/12,271.1,4.65,618
2000/12/13,268.95,4.66,603
2000/12/14,269.5,4.67,614
2000/12/15,270.65,4.63,612.1
2000/12/18,270,4.61,598.2
2000/12/19,270,4.57,601.6
2000/12/20,273.4,4.59,600.5
2000/12/21,274,4.59,597.4
2000/12/22,273.7,4.6,595
2000/12/25,273.55,4.59,603.7
2000/12/26,274.2,4.61,606
2000/12/27,275.3,4.61,602
2000/12/28,272.3,4.63,593.3
2000/12/29,272.15,4.59,593.5
2001/01/02,268.6,4.58,590
2001/01/03,268.4,4.59,593
2001/01/04,267.3,4.56,592.4
2001/01/05,267.85,4.5,595.1
2001/01/08,268.2,4.54,600.1
2001/01/09,267.6,4.56,599
2001/01/10,264.55,4.56,602.8
2001/01/11,263.9,4.56,604
2001/01/12,264,4.54,597
2001/01/15,263.4,4.56,597
2001/01/16,263.3,4.62,602
2001/01/17,263.45,4.6,605
2001/01/18,264.8,4.67,610
2001/01/19,264.6,4.71,598.6
2001/01/22,266.7,4.79,581.1
2001/01/23,266.3,4.75,576.9
2001/01/24,264.7,4.78,581.6
2001/01/25,264.7,4.78,586
2001/01/26,262.8,4.76,598.7
2001/01/29,262.9,4.79,593.3
2001/01/30,265.6,4.8,584.9
2001/01/31,265.6,4.8,582.4
2001/02/01,268.4,4.8,584.6
2001/02/02,267.25,4.78,585
2001/02/05,265.3,4.78,580.4
2001/02/06,263.4,4.76,580
2001/02/07,263.1,4.68,578
2001/02/08,260.65,4.65,582
2001/02/09,260.4,4.61,575
2001/02/12,261.1,4.55,573
2001/02/13,260.7,4.54,574
2001/02/14,259.65,4.55,577
2001/02/15,255.8,4.55,571
2001/02/16,258.7,4.51,564
2001/02/19,259.4,4.52,560
2001/02/20,256,4.48,555
2001/02/21,258.3,4.5,573
2001/02/22,258.8,4.42,581
2001/02/23,261.3,4.41,570
2001/02/26,266.6,4.42,568
2001/02/27,268,4.43,577
2001/02/28,267,4.44,576
2001/03/01,265.4,4.42,588
2001/03/02,262.5,4.47,593.5
2001/03/05,262.9,4.4,605
2001/03/06,260.5,4.41,603.5
2001/03/07,262.1,4.42,624.1
2001/03/08,266.2,4.42,625
2001/03/09,272,4.44,622.1
2001/03/12,272.3,4.5,617
2001/03/13,267.5,4.5,606.1
2001/03/14,262.8,4.42,603.7
2001/03/15,260.4,4.43,602
2001/03/16,258.5,4.45,592
2001/03/19,260.4,4.35,593
2001/03/20,261.4,4.3,593
2001/03/21,262.8,4.32,596
2001/03/22,261.7,4.34,608
2001/03/23,262.1,4.33,608
2001/03/26,262.4,4.35,614
2001/03/27,261.2,4.35,606
2001/03/28,259.8,4.37,596.1
2001/03/29,258.8,4.43,608
2001/03/30,257.7,4.37,604
2001/04/02,255.3,4.32,606
2001/04/03,256.8,4.29,604
2001/04/04,258.5,4.32,605.6
2001/04/05,258.3,4.3,606
2001/04/06,259.65,4.34,608
2001/04/09,258.25,4.35,612
2001/04/10,257.3,4.34,614
2001/04/11,258.5,4.32,612
2001/04/12,259.9,4.32,610
2001/04/13,259.9,4.37,610
2001/04/16,263.15,4.37,614.5
2001/04/17,260.75,4.37,616
2001/04/18,261,4.44,617
2001/04/19,265.25,4.37,612
2001/04/20,264.4,4.38,605
2001/04/23,263.25,4.44,593
2001/04/24,264.05,4.44,590
2001/04/25,262.1,4.45,582
2001/04/26,263.9,4.44,576.1
2001/04/27,263.8,4.37,584
2001/04/30,263.8,4.38,589.2
2001/05/01,264.1,4.36,581
2001/05/02,265.1,4.33,575
2001/05/03,265.9,4.36,574.8
2001/05/04,265.9,4.37,572.1
2001/05/07,265.85,4.34,579
2001/05/08,264.7,4.34,574.1
2001/05/09,269.65,4.31,578
2001/05/10,268.75,4.32,578
2001/05/11,267.8,4.4,579
2001/05/14,268.3,4.34,572
2001/05/15,268.15,4.33,572
2001/05/16,271.95,4.34,568
2001/05/17,273.3,4.31,559
2001/05/18,286,4.455,547.1
2001/05/21,285.15,4.475,559
2001/05/22,285,4.565,557
2001/05/23,283.5,4.54,553
2001/05/24,278.9,4.555,555
2001/05/25,277.4,4.565,552
2001/05/28,277.4,4.605,560.4
2001/05/29,273.6,4.55,555
2001/05/30,265.8,4.55,554
2001/05/31,265.8,4.52,563.2
2001/06/01,266.75,4.43,556
2001/06/04,265.3,4.39,548
2001/06/05,266.1,4.41,552
2001/06/06,266,4.32,543
2001/06/07,266.1,4.34,517
2001/06/08,273,4.34,503.1
2001/06/11,267.75,4.34,500.3
2001/06/12,271.6,4.37,494.5
2001/06/13,272.4,4.34,493
2001/06/14,275.4,4.38,504.1
2001/06/15,270.9,4.41,505
2001/06/18,272.7,4.47,502.5
2001/06/19,273.4,4.4,470.5
2001/06/20,272.4,4.43,475
2001/06/21,272.6,4.41,462.1
2001/06/22,272.3,4.35,478.5
2001/06/25,273.75,4.33,476.8
2001/06/26,276,4.3,470
2001/06/27,272,4.31,441
2001/06/28,269.1,4.36,440
2001/06/29,270.6,4.32,432.5
2001/07/02,269.1,4.3,451
2001/07/03,267.7,4.3,453
2001/07/04,267.7,4.28,437.5
2001/07/05,265.1,4.26,428
2001/07/06,266,4.27,435
2001/07/09,266.4,4.22,450
2001/07/10,266.1,4.26,431.1
2001/07/11,268.5,4.23,442
2001/07/12,266.6,4.25,441.1
2001/07/13,267.1,4.25,457.1
2001/07/16,266.9,4.26,456
2001/07/17,268.2,4.31,454.1
2001/07/18,270.5,4.21,463
2001/07/19,269.2,4.24,457.1
2001/07/20,269.9,4.27,440
2001/07/23,268.6,4.23,442.5
2001/07/24,269.5,4.23,440
2001/07/25,267.7,4.25,444.4
2001/07/26,266.4,4.25,442
2001/07/27,267.6,4.22,434.5
2001/07/30,265,4.25,444
2001/07/31,266.6,4.22,438.5
2001/08/01,267.3,4.21,445
2001/08/02,267.5,4.23,450
2001/08/03,268.2,4.23,451
2001/08/06,267.5,4.24,470
2001/08/07,267.4,4.23,471
2001/08/08,268.1,4.2,482
2001/08/09,273.3,4.18,485
2001/08/10,274,4.16,488
2001/08/13,275.8,4.21,482
2001/08/14,276.2,4.14,468
2001/08/15,275.8,4.15,447
2001/08/16,275.1,4.21,435
2001/08/17,279,4.16,442
2001/08/20,275.9,4.21,429
2001/08/21,274.8,4.27,418
2001/08/22,274.3,4.15,412
2001/08/23,275.3,4.2,434
2001/08/24,272.6,4.21,430
2001/08/27,272.6,4.22,435
2001/08/28,272,4.19,430.5
2001/08/29,273.5,4.2,424
2001/08/30,275,4.19,424
2001/08/31,274.2,4.19,438
2001/09/03,273.25,4.17,443
2001/09/04,271.9,4.18,455
2001/09/05,271.75,4.19,440
2001/09/06,272.65,4.17,438
2001/09/07,272.9,4.17,429
2001/09/10,271.5,4.16,435
2001/09/11,286,4.17,425
2001/09/12,278,4.17,428
2001/09/13,281,4.25,416
2001/09/14,285.3,4.22,418
2001/09/17,289.2,4.21,427
2001/09/18,287.5,4.28,426
2001/09/19,289.9,4.37,423.5
2001/09/20,288.4,4.41,415
2001/09/21,291.2,4.67,416
2001/09/24,289,4.5,421
2001/09/25,289.25,4.59,424
2001/09/26,292.5,4.56,418
2001/09/27,291.4,4.51,414
2001/09/28,292.45,4.58,417
2001/10/01,291.45,4.58,421
2001/10/02,289.2,4.63,442
2001/10/03,289.2,4.64,422
2001/10/04,289.6,4.6,425
2001/10/05,290.75,4.59,424
2001/10/08,291.65,4.63,426
2001/10/09,287.75,4.65,428
2001/10/10,284.6,4.63,435
2001/10/11,281,4.51,441
2001/10/12,284.2,4.41,435
2001/10/15,281.2,4.4,432
2001/10/16,281.1,4.44,435
2001/10/17,282.2,4.38,438
2001/10/18,279.2,4.34,436
2001/10/19,279.4,4.35,436
2001/10/22,275.3,4.25,445
2001/10/23,275.7,4.25,453
2001/10/24,275.2,4.22,455
2001/10/25,277,4.22,451
2001/10/26,277.1,4.21,453
2001/10/29,278.6,4.2,467
2001/10/30,280.1,4.2,468
2001/10/31,279.4,4.23,455
2001/11/01,279.7,4.25,462
2001/11/02,279.7,4.21,460
2001/11/05,278.6,4.21,452.5
2001/11/06,279.65,4.13,458
2001/11/07,280.2,4.1,457
2001/11/08,277.4,4.14,451
2001/11/09,277.2,4.15,452
2001/11/12,278,4.09,452.5
2001/11/13,277.5,4.09,461
2001/11/14,277.1,4.14,461
2001/11/15,274.9,4.15,462
2001/11/16,274.6,4.16,468
2001/11/19,272.75,4.13,477
2001/11/20,273.05,4.11,475
2001/11/21,273.1,4.07,479
2001/11/22,272.6,4.08,476
2001/11/23,272.65,4.05,470
2001/11/26,272.9,4.05,466
2001/11/27,273.4,4.09,471
2001/11/28,274.1,4.05,478
2001/11/29,273.8,4.06,475
2001/11/30,274.15,4.14,478
2001/12/03,277.3,4.1,478
2001/12/04,275.5,4.16,469
2001/12/05,273.9,4.23,477
2001/12/06,274.3,4.16,478
2001/12/07,274.3,4.21,477
2001/12/10,272.5,4.23,473
2001/12/11,272.5,4.28,475
2001/12/12,274,4.25,465
2001/12/13,274,4.29,463
2001/12/14,278.2,4.27,465
2001/12/17,277.6,4.3,460
2001/12/18,280.1,4.41,450
2001/12/19,275.7,4.4,456
2001/12/20,275.9,4.46,450
2001/12/21,277.9,4.36,450
2001/12/24,277.8,4.45,452
2001/12/25,279,4.51,452
2001/12/26,279,4.53,460
2001/12/27,276.8,4.53,464
2001/12/28,276.3,4.55,461
2001/12/31,278.7,4.52,468
2002/01/02,278.6,4.53,462
2002/01/03,278.2,4.61,467
2002/01/04,278.7,4.57,477
2002/01/07,278.5,4.64,475
2002/01/08,278.8,4.69,468
2002/01/09,283.1,4.74,467
2002/01/10,286.5,4.72,468
2002/01/11,287.3,4.8,471
2002/01/14,285.1,4.76,474
2002/01/15,284.3,4.75,475
2002/01/16,287.3,4.55,480
2002/01/17,284.2,4.61,491.5
2002/01/18,283.3,4.61,485
2002/01/21,282.3,4.49,496
2002/01/22,281.55,4.36,509
2002/01/23,279,4.33,505
2002/01/24,278.55,4.3,508
2002/01/25,279.2,4.26,506
2002/01/28,278.8,4.27,518
2002/01/29,281.6,4.31,522
2002/01/30,281.8,4.26,515
2002/01/31,282.1,4.3,510.8
2002/02/01,286,4.29,506
2002/02/04,289.4,4.23,508
2002/02/05,297.5,4.31,513
2002/02/06,296.4,4.29,516
2002/02/07,299.8,4.4,511
2002/02/08,303.5,4.38,509
2002/02/11,299.2,4.37,511
2002/02/12,300,4.45,514
2002/02/13,299,4.42,508
2002/02/14,299.8,4.47,508
2002/02/15,297.6,4.51,511
2002/02/18,297.5,4.55,518
2002/02/19,292.75,4.55,519
2002/02/20,291.2,4.52,533
2002/02/21,292.5,4.48,532
2002/02/22,292.5,4.41,525
2002/02/25,292.3,4.43,528
2002/02/26,297.5,4.4,528
2002/02/27,295.9,4.38,525
2002/02/28,296.7,4.43,527
2002/03/01,297.9,4.45,535.5
2002/03/04,296.6,4.5,532
2002/03/05,293.7,4.56,533
2002/03/06,293.1,4.6,534
2002/03/07,290,4.55,540.5
2002/03/08,289.5,4.52,554
2002/03/11,290.6,4.46,554
2002/03/12,293.8,4.5,545
2002/03/13,293.3,4.48,548
2002/03/14,290.9,4.49,553.1
2002/03/15,289.8,4.52,554
2002/03/18,292.2,4.5,550
2002/03/19,292.75,4.48,541.5
2002/03/20,292.2,4.5,536
2002/03/21,292.9,4.52,517.5
2002/03/22,297.5,4.52,518
2002/03/25,298,4.5,518
2002/03/26,296.4,4.53,515
2002/03/27,301.9,4.58,523
2002/03/28,302.4,4.59,529.7
2002/03/29,302.45,4.67,525.8
2002/04/01,303.1,4.63,522
2002/04/02,305.6,4.63,527
2002/04/03,302.5,4.67,534
2002/04/04,300.75,4.73,533
2002/04/05,299.8,4.65,532.1
2002/04/08,300.1,4.62,539
2002/04/09,298.3,4.57,546
2002/04/10,301.5,4.56,540
2002/04/11,302.35,4.54,542
2002/04/12,301.9,4.61,543
2002/04/15,299.6,4.57,540
2002/04/16,298,4.58,535
2002/04/17,301.8,4.46,547
2002/04/18,303.4,4.41,543
2002/04/19,302.1,4.45,546
2002/04/22,302.65,4.5,542
2002/04/23,303.4,4.49,542.5
2002/04/24,303.8,4.55,549
2002/04/25,307.4,4.57,544
2002/04/26,311.1,4.56,559.8
2002/04/29,310.8,4.61,559.5
2002/04/30,308.1,4.64,550
2002/05/01,308.5,4.62,551.5
2002/05/02,307.6,4.53,552
2002/05/03,311.7,4.53,552
2002/05/06,312.45,4.54,558
2002/05/07,311.2,4.6,558.5
2002/05/08,307.95,4.61,562
2002/05/09,309.35,4.62,562.6
2002/05/10,310.8,4.58,562
2002/05/13,310.55,4.62,560
2002/05/14,307.4,4.66,559
2002/05/15,308.8,4.61,559
2002/05/16,309.65,4.6,543.5
2002/05/17,310.75,4.63,537
2002/05/20,315.5,4.63,535
2002/05/21,315.9,4.66,528
2002/05/22,317.65,4.77,527.5
2002/05/23,321.75,4.82,523
2002/05/24,320.35,4.82,520
2002/05/27,320,4.88,518
2002/05/28,324.1,4.86,518
2002/05/29,324.9,4.79,517.5
2002/05/30,324.75,4.86,521
2002/05/31,326.3,4.92,526
2002/06/03,327.85,4.95,527
2002/06/04,324,5,530
2002/06/05,321.15,5.07,526
2002/06/06,325.1,5.06,522.5
2002/06/07,323.75,4.93,525
2002/06/10,318.8,4.98,524
2002/06/11,320.95,4.965,516
2002/06/12,319,4.91,514.3
2002/06/13,317.9,4.89,517
2002/06/14,319.15,4.89,520.8
2002/06/17,317,4.83,527
2002/06/18,319.8,4.85,521
2002/06/19,320.6,4.81,526.2
2002/06/20,323.7,4.85,527.6
2002/06/21,324.4,4.86,521
2002/06/24,322.2,4.87,522.7
2002/06/25,321.1,4.84,525
2002/06/26,319,4.85,527
2002/06/27,318,4.83,533
2002/06/28,314.25,4.83,540.5
2002/07/01,314.9,4.85,543
2002/07/02,312.75,4.82,551
2002/07/03,310.95,4.86,550
2002/07/04,310.5,4.93,554
2002/07/05,311.25,4.93,558
2002/07/08,312.6,4.9,555
2002/07/09,316.4,4.92,552.8
2002/07/10,315.95,4.96,545
2002/07/11,316.35,5.04,540.5
2002/07/12,315.75,5.04,542.9
2002/07/15,317.9,5.04,542.5
2002/07/16,318,5.035,547
2002/07/17,317.4,5.06,554.8
2002/07/18,317.65,5.01,560
2002/07/19,323.7,4.97,566
2002/07/22,322.85,4.97,563
2002/07/23,313,5.04,561
2002/07/24,310.5,5.01,545
2002/07/25,310,4.87,535.1
2002/07/26,303.5,4.83,537
2002/07/29,302.3,4.84,540
2002/07/30,304.5,4.665,550
2002/07/31,303.3,4.62,549.1
2002/08/01,304.4,4.65,546
2002/08/02,307.15,4.59,552
2002/08/05,307.9,4.57,554.9
2002/08/06,306.1,4.59,553.3
2002/08/07,313.8,4.62,547
2002/08/08,310.4,4.61,552
2002/08/09,314.35,4.66,569
2002/08/12,314,4.63,559
2002/08/13,315.4,4.66,570
2002/08/14,311.4,4.59,574
2002/08/15,314.45,4.59,559
2002/08/16,313.75,4.46,559
2002/08/19,306.5,4.48,558
2002/08/20,308.8,4.49,560
2002/08/21,307.75,4.4,565.1
2002/08/22,306.8,4.44,566
2002/08/23,306.75,4.42,559
2002/08/26,309.2,4.46,558
2002/08/27,312.5,4.41,557
2002/08/28,309.9,4.44,568
2002/08/29,313.75,4.5,584
2002/08/30,312.5,4.5,577
2002/09/02,312,4.54,588
2002/09/03,313.9,4.45,588.4
2002/09/04,314.4,4.47,590
2002/09/05,319,4.47,595
2002/09/06,320,4.47,589.7
2002/09/09,321,4.53,591.5
2002/09/10,317.5,4.51,582.1
2002/09/11,317.4,4.57,580
2002/09/12,319.25,4.55,579
2002/09/13,316.6,4.55,583
2002/09/16,317.2,4.59,591
2002/09/17,318.1,4.54,588
2002/09/18,320.15,4.55,590.7
2002/09/19,323.05,4.57,588
2002/09/20,321.9,4.61,575
2002/09/23,322.25,4.65,579.6
2002/09/24,325.9,4.63,578
2002/09/25,322,4.61,584
2002/09/26,319.7,4.64,581
2002/09/27,319.7,4.58,586
2002/09/30,323.5,4.51,584.4
2002/10/01,320.1,4.48,574
2002/10/02,322.8,4.52,581
2002/10/03,321.4,4.47,588
2002/10/04,322,4.49,589
2002/10/07,322.15,4.47,600
2002/10/08,318,4.48,599.6
2002/10/09,319.8,4.44,595
2002/10/10,316.6,4.37,588.8
2002/10/11,316.5,4.35,590
2002/10/14,317.7,4.27,591
2002/10/15,313.25,4.31,586.6
2002/10/16,314.3,4.3,586
2002/10/17,311.2,4.31,583.5
2002/10/18,312.6,4.36,582
2002/10/21,310.8,4.34,590
2002/10/22,312.75,4.35,588.5
2002/10/23,311.6,4.34,589.8
2002/10/24,311.4,4.41,592
2002/10/25,313.6,4.4,594
2002/10/28,315.35,4.36,595
2002/10/29,316.5,4.4,598.5
2002/10/30,316.15,4.4,595.3
2002/10/31,317.55,4.5,594
2002/11/01,320.1,4.48,596
2002/11/04,318,4.5,601.5
2002/11/05,317.5,4.48,604.6
2002/11/06,318,4.48,609
2002/11/07,320.85,4.49,596
2002/11/08,321.3,4.49,593
2002/11/11,321.4,4.54,587
2002/11/12,324.2,4.52,585.4
2002/11/13,318.75,4.56,582
2002/11/14,318.1,4.59,584
2002/11/15,320.3,4.55,584.7
2002/11/18,319.1,4.55,593.6
2002/11/19,318.8,4.56,594.5
2002/11/20,317.6,4.53,597.4
2002/11/21,317.4,4.54,606
2002/11/22,320.8,4.53,602.5
2002/11/25,317.85,4.46,609.8
2002/11/26,317.9,4.53,606.1
2002/11/27,317.05,4.47,613
2002/11/28,317.65,4.43,618.3
2002/11/29,318.8,4.42,620
2002/12/02,317.55,4.42,616
2002/12/03,320.6,4.43,617.2
2002/12/04,322,4.43,614.6
2002/12/05,324.35,4.53,619
2002/12/06,326,4.56,622
2002/12/09,325.75,4.62,634
2002/12/10,323.5,4.63,629.5
2002/12/11,324.4,4.6,643.1
2002/12/12,331.2,4.6,649
2002/12/13,332.9,4.62,644
2002/12/16,336.4,4.72,643
2002/12/17,336.5,4.69,641
2002/12/18,343.15,4.7,664
2002/12/19,345,4.62,662
2002/12/20,340.35,4.69,673
2002/12/23,345.6,4.7,698
2002/12/24,346.6,4.62,688
2002/12/25,344.5,4.65,685
2002/12/26,349.25,4.64,672.5
2002/12/27,348.9,4.64,680
2002/12/30,343.5,4.7,678
2002/12/31,346.7,4.7,678
2003/01/02,345.25,4.65,685
2003/01/03,350.9,4.76,690
2003/01/06,351.1,4.8,691
2003/01/07,347,4.86,687
2003/01/08,353.25,4.89,664
2003/01/09,352.9,4.79,672
2003/01/10,354.3,4.84,666
2003/01/13,354.25,4.82,666
2003/01/14,351.25,4.85,671
2003/01/15,350.4,4.82,672
2003/01/16,357.75,4.75,678.5
2003/01/17,356.1,4.75,675
2003/01/20,356,4.82,681
2003/01/21,357.9,4.79,681
2003/01/22,360.5,4.79,689
2003/01/23,363.2,4.81,696
2003/01/24,368.25,4.83,693
2003/01/27,369.5,4.77,688
2003/01/28,369.1,4.87,705
2003/01/29,366,4.82,696
2003/01/30,369.75,4.86,695
2003/01/31,368.1,4.8,686
2003/02/03,371.1,4.87,685
2003/02/04,381.5,4.83,688
2003/02/05,371.75,4.83,689.5
2003/02/06,370.25,4.91,675
2003/02/07,369.4,4.73,658.4
2003/02/10,362.6,4.67,658.5
2003/02/11,363.3,4.63,650
2003/02/12,352.5,4.59,643
2003/02/13,356.5,4.57,645.9
2003/02/14,350.5,4.49,635
2003/02/17,346.5,4.53,634
2003/02/18,343.75,4.52,643
2003/02/19,349.7,4.49,636.5
2003/02/20,352.1,4.55,631
2003/02/21,351.05,4.62,617
2003/02/24,356.5,4.65,617
2003/02/25,351.55,4.66,609
2003/02/26,354,4.71,621
2003/02/27,345.25,4.64,622
2003/02/28,349.5,4.65,622.5
2003/03/03,349.75,4.56,620
2003/03/04,352.75,4.59,625
2003/03/05,353.5,4.65,623
2003/03/06,356.1,4.66,621
2003/03/07,350.2,4.63,633
2003/03/10,354.4,4.66,634
2003/03/11,350.6,4.67,639
2003/03/12,345.6,4.67,635.1
2003/03/13,334.2,4.67,634.5
2003/03/14,336.1,4.62,634.5
2003/03/17,336.5,4.53,631
2003/03/18,337.7,4.53,617
2003/03/19,336.15,4.45,603
2003/03/20,332,4.47,609
2003/03/21,325.8,4.42,603.5
2003/03/24,329.55,4.4,604
2003/03/25,328.25,4.34,605
2003/03/26,330,4.36,623.5
2003/03/27,329,4.38,634
2003/03/28,331.6,4.39,640
2003/03/31,337.1,4.38,640
2003/04/01,334.75,4.43,661
2003/04/02,329.75,4.46,650
2003/04/03,325,4.43,663
2003/04/04,325.35,4.39,658
2003/04/07,322.75,4.41,650
2003/04/08,322.95,4.41,653
2003/04/09,326.6,4.42,670
2003/04/10,326.15,4.47,673
2003/04/11,327.8,4.48,669
2003/04/14,324.65,4.48,666
2003/04/15,324.7,4.49,672
2003/04/16,326.2,4.53,684
2003/04/17,326.85,4.51,667
2003/04/18,326.75,4.49,638
2003/04/21,333.45,4.47,641
2003/04/22,332.75,4.47,639.5
2003/04/23,331,4.54,657
2003/04/24,334.25,4.57,664
2003/04/25,333,4.61,665
2003/04/28,333.85,4.63,655
2003/04/29,334,4.61,654.5
2003/04/30,339.25,4.58,654
2003/05/01,341.5,4.56,650
2003/05/02,340.7,4.64,649.5
2003/05/05,341.95,4.74,662
2003/05/06,344,4.77,667
2003/05/07,341.75,4.8,660.5
2003/05/08,348,4.79,666
2003/05/09,348.3,4.73,675
2003/05/12,351,4.78,664
2003/05/13,349.35,4.77,664
2003/05/14,352.25,4.84,669
2003/05/15,351.75,4.81,661.5
2003/05/16,354.5,4.85,656
2003/05/19,366,4.75,665
2003/05/20,367.75,4.77,663
2003/05/21,371.25,4.82,670
2003/05/22,368,4.76,669
2003/05/23,368.4,4.71,672.5
2003/05/26,370.8,4.64,672
2003/05/27,364.75,4.63,670
2003/05/28,364.3,4.66,665.5
2003/05/29,368.7,4.6,667
2003/05/30,364.6,4.63,674
2003/06/02,366,4.56,678
2003/06/03,365,4.52,682
2003/06/04,360.9,4.5,689
2003/06/05,367.95,4.5,679
2003/06/06,363.5,4.47,686
2003/06/09,361.1,4.49,684.5
2003/06/10,352,4.53,683
2003/06/11,354.5,4.51,687
2003/06/12,353.05,4.47,694
2003/06/13,356.5,4.49,694
2003/06/16,359.15,4.5,690
2003/06/17,362.45,4.57,697
2003/06/18,357.45,4.6,695
2003/06/19,361.75,4.61,686.75
2003/06/20,357,4.56,684
2003/06/23,352.2,4.57,677
2003/06/24,347,4.54,675
2003/06/25,347.15,4.55,680
2003/06/26,343.9,4.51,681
2003/06/27,344.9,4.55,678
2003/06/30,346.15,4.52,677
2003/07/01,350.5,4.5,693
2003/07/02,351.25,4.55,693
2003/07/03,350.9,4.56,685
2003/07/04,350.6,4.63,692
2003/07/07,348.15,4.67,697
2003/07/08,344.35,4.65,693
2003/07/09,344.3,4.72,698
2003/07/10,345.2,4.73,697
2003/07/11,344.9,4.8,705
2003/07/14,347.05,4.8,696
2003/07/15,341.9,4.78,692
2003/07/16,343.3,4.77,689
2003/07/17,344.6,4.64,710
2003/07/18,346.95,4.65,711
2003/07/21,351.5,4.66,708
2003/07/22,350.5,4.7,707
2003/07/23,359.4,4.74,712
2003/07/24,361.5,4.78,712
2003/07/25,362.45,5.04,712.5
2003/07/28,364.5,5.08,713
2003/07/29,361.5,5.06,707
2003/07/30,356.2,5.16,709
2003/07/31,354.75,5.14,699
2003/08/01,347.6,5.06,698
2003/08/04,349.3,5.13,697
2003/08/05,351.65,5.08,698
2003/08/06,351.5,5,698.5
2003/08/07,352.5,4.94,694.5
2003/08/08,356.3,4.96,699
2003/08/11,361.6,5.02,697
2003/08/12,358.15,4.98,703
2003/08/13,362.4,4.98,705
2003/08/14,365.5,4.86,705.25
2003/08/15,363.2,4.97,715
2003/08/18,358.25,5.01,699
2003/08/19,361.5,4.91,700
2003/08/20,365.9,4.92,704
2003/08/21,361,4.98,710
2003/08/22,362.8,5.01,709
2003/08/25,361.15,4.94,714
2003/08/26,364.4,4.98,709
2003/08/27,372.25,4.97,720
2003/08/28,369.4,4.98,728
2003/08/29,375.2,5.11,722
2003/09/01,375.5,5.11,728
2003/09/02,371.25,5.09,721
2003/09/03,373.6,5.14,727
2003/09/04,373.2,4.97,724
2003/09/05,376.9,5.05,722
2003/09/08,375,5.01,724
2003/09/09,382.4,5.1,732
2003/09/10,380.15,5.07,736
2003/09/11,380,5.24,738
2003/09/12,374.75,5.24,744
2003/09/15,373.8,5.31,735
2003/09/16,372.9,5.18,744.5
2003/09/17,376.5,5.16,745
2003/09/18,376.4,5.18,754
2003/09/19,381.6,5.26,756
2003/09/22,386.85,5.22,744
2003/09/23,384.45,5.24,739
2003/09/24,389.1,5.24,745
2003/09/25,385,5.19,757
2003/09/26,380.6,5.29,755
2003/09/29,382,5.19,753
2003/09/30,385,5.1,760
2003/10/01,384.2,5.05,759
2003/10/02,382.45,5.11,761
2003/10/03,369.35,5.08,767.5
2003/10/06,372.7,5.07,768.5
2003/10/07,376.25,4.8,750
2003/10/08,374.85,4.78,769
2003/10/09,369.75,4.84,763
2003/10/10,373.25,4.86,762.5
2003/10/13,374.4,4.83,760
2003/10/14,375.1,4.89,753
2003/10/15,372.9,4.95,755
2003/10/16,371.35,4.9,765
2003/10/17,371.3,4.92,761
2003/10/20,373.1,4.89,763
2003/10/21,381,4.92,769
2003/10/22,385.6,4.98,775
2003/10/23,384.5,5.04,776
2003/10/24,388.35,5.11,785
2003/10/27,387.65,5.14,787
2003/10/28,382.6,5.14,800
2003/10/29,386.3,5.17,799
2003/10/30,383.25,5.08,810
2003/10/31,384.05,5.12,805
2003/11/03,376.75,5.11,821
2003/11/04,379.25,5.04,825
2003/11/05,381.15,4.92,825
2003/11/06,379.7,5.03,841.5
2003/11/07,382.75,4.96,826
2003/11/10,386.2,4.94,827
2003/11/11,387.45,5.04,800
2003/11/12,393.8,5.07,802
2003/11/13,394.4,5.05,822
2003/11/14,397.25,5.3,823
2003/11/17,390,5.27,823
2003/11/18,398.25,5.38,816
2003/11/19,394.5,5.23,812
2003/11/20,394.3,5.36,811
2003/11/21,395.8,5.26,812
2003/11/24,391.25,5.25,838
2003/11/25,391,5.27,844
2003/11/26,396.25,5.23,841
2003/11/27,394.95,5.28,851
2003/11/28,397.5,5.34,851
2003/12/01,403,5.31,853
2003/12/02,403,5.34,857
2003/12/03,404.4,5.46,856
2003/12/04,402.5,5.48,850
2003/12/05,406.1,5.45,853
2003/12/08,406.75,5.44,858
2003/12/09,408,5.45,859
2003/12/10,405.15,5.54,860
2003/12/11,404.75,5.62,865
2003/12/12,408.9,5.57,860
2003/12/15,409,5.57,856
2003/12/16,407,5.6,856
2003/12/17,412.25,5.63,848
2003/12/18,410.5,5.6,828
2003/12/19,409.1,5.68,832
2003/12/22,409.75,5.7,815
2003/12/23,410.5,5.69,828
2003/12/24,411.65,5.68,823
2003/12/25,411.6,5.71,820
2003/12/26,412,5.76,827
2003/12/29,414.4,5.76,831.5
2003/12/30,416,5.76,835
2003/12/31,414.8,5.91,845
2004/01/02,414.75,5.96,845.5
2004/01/05,423.25,5.93,846
2004/01/06,422,5.96,849
2004/01/07,420,6.21,856.5
2004/01/08,423.5,6.29,858
2004/01/09,426.25,6.2,853.5
2004/01/12,424.5,6.18,841
2004/01/13,423.75,6.45,839
2004/01/14,419,6.56,855
2004/01/15,408.25,6.55,852
2004/01/16,406.2,6.34,864
2004/01/19,407,6.2,880
2004/01/20,412.5,6.27,900
2004/01/21,410.4,6.33,873
2004/01/22,409.25,6.31,882
2004/01/23,407.8,6.19,879
2004/01/26,403.5,6.33,884
2004/01/27,410,6.35,891
2004/01/28,410,6.25,894
2004/01/29,399.5,6.53,918
2004/01/30,402.2,6.51,900
2004/02/02,398,6.24,902
2004/02/03,399.25,6.22,910
2004/02/04,400.5,6.02,899
2004/02/05,397,6.1,905
2004/02/06,402.8,6.13,895.5
2004/02/09,406.5,6.1,890
2004/02/10,406.2,6.25,893
2004/02/11,411.25,6.4,909
2004/02/12,412.15,6.38,914
2004/02/13,409.85,6.55,908
2004/02/16,411.4,6.58,907
2004/02/17,415.25,6.55,887
2004/02/18,410.25,6.56,891
2004/02/19,409.5,6.75,901
2004/02/20,397.25,6.62,912
2004/02/23,398.55,6.66,901
2004/02/24,403.75,6.52,888
2004/02/25,395.45,6.46,880
2004/02/26,395,6.59,880
2004/02/27,396.1,6.52,900
2004/03/01,399.5,6.71,908
2004/03/02,392.95,6.68,937
2004/03/03,393,6.92,928
2004/03/04,392.75,6.7,927
2004/03/05,400.9,6.75,920
2004/03/08,401.25,6.74,920
2004/03/09,402.25,6.95,933
2004/03/10,399.95,6.97,915
2004/03/11,402,7.1,886
2004/03/12,394.9,7.12,846
2004/03/15,399,7.18,846
2004/03/16,402.25,7.03,819
2004/03/17,407,7.11,840
2004/03/18,411,7.15,801
2004/03/19,411.75,7.25,785
2004/03/22,417,7.43,796
2004/03/23,419.5,7.54,809
2004/03/24,415.5,7.6,815
2004/03/25,416,7.67,809
2004/03/26,422.25,7.61,795
2004/03/29,417.75,7.58,782
2004/03/30,421.3,7.7,766
2004/03/31,426.25,7.6,780
2004/04/01,426,7.74,784
2004/04/02,419.55,7.9,796
2004/04/05,415.25,8.11,794
2004/04/06,419.5,8.11,815
2004/04/07,423,8.1,798
2004/04/08,419.25,8.22,804
2004/04/09,420.5,8.18,803
2004/04/12,418.95,8.07,820
2004/04/13,406.5,8.12,821
2004/04/14,400.5,8,833
2004/04/15,398.75,7.41,835
2004/04/16,400.15,7.04,843
2004/04/19,399.95,7.1,829
2004/04/20,394.75,7.12,845
2004/04/21,390,7.18,842
2004/04/22,394,6.8,829
2004/04/23,394.85,6.26,826.5
2004/04/26,396.35,6.11,827.5
2004/04/27,398.5,6.15,830
2004/04/28,385,6.19,830
2004/04/29,387.5,6.25,799
2004/04/30,387.2,5.84,796
2004/05/03,387.1,5.84,792
2004/05/04,392,6.02,792
2004/05/05,393.35,6,771
2004/05/06,387.4,6.04,777
2004/05/07,378.75,6.1,791
2004/05/10,378.25,5.79,805
2004/05/11,377.6,5.57,811
2004/05/12,378,5.77,805
2004/05/13,374.55,5.55,806
2004/05/14,376.7,5.54,809
2004/05/17,379,5.59,803
2004/05/18,376.9,5.71,787
2004/05/19,381.75,5.68,775
2004/05/20,379.75,5.66,785
2004/05/21,384.5,5.9,781
2004/05/24,386,5.8,776
2004/05/25,387.75,5.83,779
2004/05/26,388.25,5.97,774
2004/05/27,395.5,6.06,793.5
2004/05/28,393.8,6.05,809
2004/05/31,395.1,6.19,811
2004/06/01,394.25,6.09,818
2004/06/02,390.5,6.15,808
2004/06/03,388,6.04,815
2004/06/04,390.8,5.81,815
2004/06/07,393.5,5.72,822
2004/06/08,391,5.79,826
2004/06/09,383.75,5.88,830
2004/06/10,385.7,5.76,825.5
2004/06/11,384.7,5.62,828
2004/06/14,383,5.73,816
2004/06/15,388.9,5.69,814
2004/06/16,384.5,5.65,804.5
2004/06/17,387.45,5.72,799
2004/06/18,394.9,5.71,819
2004/06/21,394,5.9,817.5
2004/06/22,395,5.97,826
2004/06/23,394.5,5.84,823
2004/06/24,401.75,5.86,831.5
2004/06/25,402.3,5.86,826
2004/06/28,400.5,6.14,826
2004/06/29,391.9,6.12,834
2004/06/30,394,5.92,845
2004/07/01,395.8,5.84,834
2004/07/02,397.55,5.82,845
2004/07/05,397.45,5.93,861
2004/07/06,391.75,5.98,881
2004/07/07,401.4,5.98,878
2004/07/08,406.75,5.95,857.5
2004/07/09,407.2,6.11,862
2004/07/12,406.9,6.38,850.5
2004/07/13,402,6.44,835.5
2004/07/14,404.75,6.49,841
2004/07/15,403.95,6.37,847
2004/07/16,406.2,6.59,852
2004/07/19,405.7,6.63,862
2004/07/20,399.75,6.68,862
2004/07/21,397.75,6.6,865
2004/07/22,394.7,6.54,870
2004/07/23,389.7,6.37,867.5
2004/07/26,390.25,6.36,857.5
2004/07/27,387.75,6.3,846
2004/07/28,388.9,6.2,843
2004/07/29,388,6.22,843
2004/07/30,391,6.34,825
2004/08/02,391.8,6.3,833
2004/08/03,393.5,6.52,840
2004/08/04,392,6.58,843
2004/08/05,392.6,6.65,843
2004/08/06,399.5,6.68,836
2004/08/09,400,6.73,837
2004/08/10,398,6.73,835
2004/08/11,395.8,6.69,847
2004/08/12,394.55,6.66,841.5
2004/08/13,398.65,6.5,847
2004/08/16,402.5,6.51,850
2004/08/17,404.2,6.59,853.5
2004/08/18,404.2,6.69,871
2004/08/19,406.5,6.7,846
2004/08/20,412.95,6.82,858
2004/08/23,408.25,6.8,858
2004/08/24,402.8,6.84,827
2004/08/25,406.45,6.68,836
2004/08/26,406.5,6.54,844
2004/08/27,402.85,6.59,838.5
2004/08/30,406.5,6.65,841
2004/08/31,409.45,6.55,845.5
2004/09/01,408.2,6.69,836
2004/09/02,405.8,6.74,832.5
2004/09/03,400.15,6.76,840
2004/09/06,401.5,6.74,844
2004/09/07,397.5,6.54,837
2004/09/08,399.3,6.5,835.5
2004/09/09,398.75,6.2,846
2004/09/10,401.55,6.16,846
2004/09/13,403.45,6.15,841
2004/09/14,405.25,6.11,846.5
2004/09/15,404.25,6.17,841
2004/09/16,404.25,6.18,834
2004/09/17,405.5,6.24,828
2004/09/20,405,6.25,830
2004/09/21,408.75,6.22,829
2004/09/22,407,6.23,823
2004/09/23,409.75,6.34,826.5
2004/09/24,407.55,6.32,845
2004/09/27,408.25,6.39,846
2004/09/28,412,6.38,844.5
2004/09/29,412.65,6.49,847.5
2004/09/30,418,6.58,845
2004/10/01,418.85,6.65,850.5
2004/10/04,413.7,6.88,871.5
2004/10/05,418,6.89,874
2004/10/06,417.5,6.72,864
2004/10/07,417.8,7.05,870.5
2004/10/08,422.45,7.17,857.5
2004/10/11,421.45,7.16,856
2004/10/12,414.75,7.25,850.5
2004/10/13,416,7.21,851
2004/10/14,417.9,6.96,857.5
2004/10/15,418.45,6.97,861
2004/10/18,416.25,7.04,862
2004/10/19,419.5,7.04,860
2004/10/20,423.75,6.94,865
2004/10/21,423.45,7.15,874
2004/10/22,423.95,7.28,878
2004/10/25,428.25,7.25,869
2004/10/26,426.75,7.28,869
2004/10/27,423.75,7.33,865.5
2004/10/28,423.9,7.31,828.5
2004/10/29,428.15,7.15,818.5
2004/11/01,426.75,7.1,828.5
2004/11/02,421.5,7.26,830
2004/11/03,427.15,7.27,831
2004/11/04,429.25,7,837.5
2004/11/05,433.25,7.18,838.5
2004/11/08,431.5,7.32,834.5
2004/11/09,434.95,7.46,839.5
2004/11/10,433.5,7.43,840
2004/11/11,434.5,7.49,839.5
2004/11/12,437.7,7.38,840
2004/11/15,436.45,7.43,843.5
2004/11/16,439.25,7.57,858
2004/11/17,444.25,7.53,865
2004/11/18,442.75,7.53,862.5
2004/11/19,446.65,7.63,858
2004/11/22,448.25,7.53,859
2004/11/23,446.75,7.56,850
2004/11/24,448.75,7.53,841.5
2004/11/25,451.5,7.52,850
2004/11/26,452.25,7.58,843
2004/11/29,453.3,7.64,839
2004/11/30,450.5,7.67,846
2004/12/01,453.3,7.77,858.5
2004/12/02,449,7.68,859
2004/12/03,455.45,7.98,857.5
2004/12/06,452.2,7.88,854
2004/12/07,450.5,7.99,853
2004/12/08,439.8,7.89,858
2004/12/09,437.4,7.82,866
2004/12/10,434.1,7.07,861
2004/12/13,438.7,6.74,866
2004/12/14,435.15,6.67,869.5
2004/12/15,439.75,6.79,861
2004/12/16,436.75,6.7,865
2004/12/17,440.8,6.81,865
2004/12/20,442.65,6.66,869
2004/12/21,441.5,6.74,869
2004/12/22,439.3,6.81,873.5
2004/12/23,441.5,6.87,869
2004/12/24,442.3,6.8,863
2004/12/27,444.35,6.87,862
2004/12/28,443.25,6.9,866.5
2004/12/29,436,6.95,853
2004/12/30,437.2,6.98,846
2004/12/31,438.1,6.8,865
2005/01/03,428.6,6.79,868
2005/01/04,427.3,6.79,874.5
2005/01/05,426.2,6.47,853
2005/01/06,420.95,6.41,854
2005/01/07,418.7,6.51,859
2005/01/10,418.75,6.42,863
2005/01/11,422,6.41,860
2005/01/12,425.75,6.41,872
2005/01/13,424.75,6.6,861
2005/01/14,422.9,6.69,860.5
2005/01/17,422,6.73,858
2005/01/18,422.8,6.57,862.5
2005/01/19,422.6,6.57,861
2005/01/20,422.3,6.61,861.5
2005/01/21,426.5,6.59,864
2005/01/24,426.9,6.52,868
2005/01/25,422.05,6.76,862.5
2005/01/26,426.25,6.84,872
2005/01/27,425.8,6.66,868.5
2005/01/28,426.4,6.77,866.5
2005/01/31,422.25,6.78,866
2005/02/01,420.7,6.76,868
2005/02/02,421.6,6.72,873
2005/02/03,416.7,6.7,885
2005/02/04,414.2,6.73,876
2005/02/07,413.8,6.65,876
2005/02/08,412.4,6.61,868
2005/02/09,412.75,6.52,855
2005/02/10,417.25,6.53,854
2005/02/11,420.5,6.56,860
2005/02/14,425.5,6.93,856
2005/02/15,425.25,7.17,858.5
2005/02/16,425,7.27,859
2005/02/17,427.1,7.31,860
2005/02/18,427.05,7.2,865
2005/02/21,427,7.32,860
2005/02/22,434.2,7.4,854
2005/02/23,434.25,7.38,855.5
2005/02/24,433.75,7.5,858
2005/02/25,434.55,7.41,862.5
2005/02/28,435.25,7.33,858
2005/03/01,432.4,7.24,857
2005/03/02,432.3,7.31,859
2005/03/03,429.9,7.2,862
2005/03/04,433.6,7.28,860
2005/03/07,434.25,7.21,861
2005/03/08,440.25,7.32,860
2005/03/09,440.25,7.33,868
2005/03/10,442,7.48,873
2005/03/11,445.5,7.55,871
2005/03/14,440.8,7.48,873
2005/03/15,440.5,7.51,876
2005/03/16,443.3,7.37,877
2005/03/17,438.05,7.36,867
2005/03/18,439,7.4,863
2005/03/21,431.1,7.35,868
2005/03/22,426.9,7.35,868
2005/03/23,424.5,7.08,865
2005/03/24,424.7,6.93,872
2005/03/25,425.5,6.93,873
2005/03/28,425.5,6.9,870
2005/03/29,426,6.91,875
2005/03/30,426,6.87,876
2005/03/31,428.1,6.96,880
2005/04/01,425.8,7.11,867
2005/04/04,423.95,7.14,863
2005/04/05,424.7,6.96,850
2005/04/06,426.4,7.01,859
2005/04/07,425.65,7.03,860
2005/04/08,424.75,7.08,864
2005/04/11,427.75,7.03,860
2005/04/12,428,7.13,865
2005/04/13,428.75,7.22,865
2005/04/14,423.65,7.15,865
2005/04/15,424.6,7.18,860
2005/04/18,427,7.02,861
2005/04/19,433.2,6.99,861
2005/04/20,434.4,7,859
2005/04/21,432.2,7.22,868
2005/04/22,434.2,7.3,872
2005/04/25,434.4,7.19,873
2005/04/26,436.75,7.25,876
2005/04/27,431.9,7.24,876
2005/04/28,430.8,7.23,874
2005/04/29,434.5,7.09,870
2005/05/02,429.6,6.93,867
2005/05/03,427.4,6.89,871
2005/05/04,428.85,6.82,873
2005/05/05,429.65,6.86,878
2005/05/06,425.35,6.97,884
2005/05/09,425.75,7.03,892
2005/05/10,426.25,6.91,895
2005/05/11,427,7.05,879
2005/05/12,422,7.08,885
2005/05/13,420,7.05,886
2005/05/16,419.25,6.92,892
2005/05/17,418.4,6.91,886
2005/05/18,421.25,6.93,880
2005/05/19,420.3,7,883
2005/05/20,417.4,7.19,880
2005/05/23,417,7.09,867
2005/05/24,417.75,6.92,870
2005/05/25,419.2,6.94,855
2005/05/26,417.5,6.98,859
2005/05/27,419.8,7.17,863
2005/05/30,418.4,7.12,862
2005/05/31,417,7.27,867
2005/06/01,415.2,7.23,871
2005/06/02,421.4,7.39,871
2005/06/03,422.1,7.46,865
2005/06/06,425.75,7.48,862
2005/06/07,424.1,7.44,864
2005/06/08,423.3,7.49,868
2005/06/09,423.4,7.39,872
2005/06/10,427,7.38,881
2005/06/13,428.6,7.24,887
2005/06/14,426.45,7.24,886
2005/06/15,428.4,7.25,882
2005/06/16,435.8,7.23,881
2005/06/17,438,7.29,884
2005/06/20,437.8,7.32,894.5
2005/06/21,438.5,7.3,904
2005/06/22,437.8,7.26,900
2005/06/23,441,7.28,912
2005/06/24,440.2,7.23,905
2005/06/27,439.25,7.25,908
2005/06/28,435.75,7.25,899
2005/06/29,437.1,7.19,902
2005/06/30,435,7.07,901
2005/07/01,427.3,7.04,912
2005/07/04,427.3,7.04,913
2005/07/05,423.5,6.84,903
2005/07/06,423.25,6.93,889
2005/07/07,424.25,6.87,888
2005/07/08,422.7,6.92,890
2005/07/11,425.5,6.96,886
2005/07/12,426.5,6.98,889
2005/07/13,424.1,7.07,894
2005/07/14,419.7,7.05,895
2005/07/15,421.2,7.02,894
2005/07/18,420.6,6.95,892
2005/07/19,419.5,6.95,897
2005/07/20,422.6,6.97,887
2005/07/21,425.4,6.94,889
2005/07/22,424.5,7.06,896
2005/07/25,425.6,7.11,903
2005/07/26,423,7.06,908
2005/07/27,425,7.08,907
2005/07/28,427.7,6.98,904.5
2005/07/29,429.8,7.03,908
2005/08/01,431.8,7.17,911
2005/08/02,431.9,7.22,904.5
2005/08/03,436.4,7.26,907
2005/08/04,437.5,7.23,911
2005/08/05,437.6,7.27,916
2005/08/08,434.6,7.2,918
2005/08/09,434.8,7.12,923
2005/08/10,437.1,7,928
2005/08/11,445.6,7.02,927
2005/08/12,445.8,7.08,922
2005/08/15,442.2,7.15,920
2005/08/16,445.9,7.06,912
2005/08/17,439.9,6.96,913
2005/08/18,439.3,7.02,919
2005/08/19,435.9,6.97,924
2005/08/22,437.9,6.98,929
2005/08/23,438.75,6.98,924
2005/08/24,437.1,7.04,913
2005/08/25,438.05,6.95,915
2005/08/26,437.2,6.92,925
2005/08/29,436.7,6.83,932
2005/08/30,430.9,6.72,933
2005/08/31,435,6.73,938
2005/09/01,443,6.73,942
2005/09/02,444.3,6.82,928
2005/09/05,444.9,6.97,923
2005/09/06,443.75,7,932
2005/09/07,444.4,7.04,927
2005/09/08,446.9,7.02,924
2005/09/09,448.9,7.03,921
2005/09/12,449,6.97,925
2005/09/13,445.85,7,926
2005/09/14,450.5,7.01,936
2005/09/15,454.9,6.95,940
2005/09/16,459.4,7,936
2005/09/19,464.6,7.05,935
2005/09/20,463.8,7.22,936
2005/09/21,471.8,7.31,923
2005/09/22,465.4,7.29,933
2005/09/23,462.9,7.4,934
2005/09/26,466.25,7.33,929
2005/09/27,462,7.27,928
2005/09/28,469,7.32,937
2005/09/29,472,7.27,950
2005/09/30,468.8,7.33,959
2005/10/03,465.8,7.48,966
2005/10/04,466.1,7.44,970
2005/10/05,464.6,7.37,967
2005/10/06,472.4,7.36,985
2005/10/07,473.8,7.39,976
2005/10/10,474.8,7.53,979
2005/10/11,475.2,7.7,973
2005/10/12,470.5,7.78,970
2005/10/13,471.5,7.8,972
2005/10/14,469.2,7.72,977
2005/10/17,473.5,7.7,986
2005/10/18,471.5,7.78,989
2005/10/19,464.65,7.77,992
2005/10/20,460.9,7.77,975
2005/10/21,466.5,7.6,987
2005/10/24,464.9,7.6,1000
2005/10/25,472.2,7.64,999
2005/10/26,470.3,7.65,987
2005/10/27,473.5,7.78,991
2005/10/28,473.1,7.77,998
2005/10/31,464.8,7.79,1000
2005/11/01,459,7.75,1012
2005/11/02,462.6,7.52,991
2005/11/03,460.3,7.44,962
2005/11/04,456.2,7.51,956
2005/11/07,459.1,7.56,957
2005/11/08,461.4,7.52,972
2005/11/09,465.95,7.56,955
2005/11/10,466.7,7.61,952
2005/11/11,468.3,7.68,960
2005/11/14,467.6,7.68,960
2005/11/15,467.9,7.74,960
2005/11/16,479,7.74,965
2005/11/17,484.6,7.74,967
2005/11/18,485.4,8.01,963
2005/11/21,490.8,8.07,968
2005/11/22,494,8.04,970
2005/11/23,491.7,8.12,975
2005/11/24,493,8.18,993
2005/11/25,495.7,8.11,985
2005/11/28,498.2,8.14,993
2005/11/29,499.7,8.19,1001
2005/11/30,493.5,8.35,1009
2005/12/01,503,8.3,1014
2005/12/02,503,8.24,1020
2005/12/05,509,8.51,1033
2005/12/06,511,8.54,1047
2005/12/07,514.8,8.62,1040
2005/12/08,520.6,8.69,1023
2005/12/09,525.7,8.79,1038
2005/12/12,527.9,8.93,1032
2005/12/13,518.5,8.98,1042
2005/12/14,505.4,8.78,1047
2005/12/15,502.7,8.46,1057
2005/12/16,502.9,8.38,1056
2005/12/19,503.5,8.51,1064
2005/12/20,492.3,8.52,1069
2005/12/21,494.6,8.53,1079
2005/12/22,503.4,8.23,1071
2005/12/23,502.6,8.39,1079
2005/12/26,504,8.51,1074
2005/12/27,507.6,8.55,1068
2005/12/28,515.5,8.57,1053
2005/12/29,515.7,8.74,1047
2005/12/30,517.2,8.89,1060
2006/01/03,533.2,8.82,1035
2006/01/04,534.2,8.81,1012
2006/01/05,524.7,8.82,1013
2006/01/06,539.3,9.16,1000
2006/01/09,548.75,9.12,1005
2006/01/10,542.2,8.72,1008
2006/01/11,548.6,9.09,1028
2006/01/12,547.8,9.14,1027
2006/01/13,556.5,8.9,1023
2006/01/16,561.8,9,1016.5
2006/01/17,554.1,8.99,1032
2006/01/18,543.6,9.1,1032
2006/01/19,557.6,9.24,1050
2006/01/20,553.4,9,1045
2006/01/23,558.8,8.8,1050
2006/01/24,558.3,9.04,1057
2006/01/25,563,8.86,1039
2006/01/26,559.7,9.02,1036
2006/01/27,559.1,9.19,1008
2006/01/30,568.7,9.47,1016
2006/01/31,568.5,9.55,1006
2006/02/01,568.7,9.56,1018
2006/02/02,572,9.81,1019.5
2006/02/03,567.2,9.81,1024
2006/02/06,569.4,9.76,1025
2006/02/07,548.4,9.84,1030
2006/02/08,550.4,9.72,1041
2006/02/09,563.5,9.69,1035
2006/02/10,550.5,9.29,1042
2006/02/13,538.6,9.42,1042
2006/02/14,547.25,9.58,1045
2006/02/15,539.5,9.35,1064
2006/02/16,545.8,9.09,1069
2006/02/17,551.7,9.32,1071
2006/02/20,555.6,9.2,1088
2006/02/21,553.5,9.36,1058
2006/02/22,553.9,9.42,1074
2006/02/23,549,9.52,1078
2006/02/24,558.5,9.56,1068.5
2006/02/27,554.8,9.6,1082
2006/02/28,561.3,9.49,1065
2006/03/01,563.4,9.72,1093
2006/03/02,568.3,9.64,1084
2006/03/03,564.6,9.75,1086
2006/03/06,555.1,9.75,1075
2006/03/07,552.5,10.2,1080
2006/03/08,543.5,10.18,1101
2006/03/09,545.6,10.02,1113
2006/03/10,539.9,10.07,1117
2006/03/13,545.7,9.8,1097
2006/03/14,551.6,9.91,1125
2006/03/15,553.5,9.93,1118
2006/03/16,554.8,10.12,1130
2006/03/17,553.4,10.2,1133
2006/03/20,554,10.3,1136
2006/03/21,551.4,10.31,1152
2006/03/22,550.1,10.34,1167
2006/03/23,549.7,10.31,1174
2006/03/24,560,10.48,1175
2006/03/27,566.5,10.48,1173
2006/03/28,564.3,10.67,1178
2006/03/29,573,10.72,1191
2006/03/30,588.2,10.87,1238
2006/03/31,583.2,10.81,1253
2006/04/03,588.3,11.14,1289
2006/04/04,586,11.68,1314
2006/04/05,588.4,11.49,1270
2006/04/06,594.8,11.73,1295
2006/04/07,588,11.68,1308
2006/04/10,599.6,11.7,1300
2006/04/11,593.1,12.13,1281
2006/04/12,598,12.06,1279
2006/04/13,596.1,12.73,1315
2006/04/14,599.3,12.45,1280
2006/04/17,613.6,12.76,1287
2006/04/18,621.2,12.77,1292
2006/04/19,639.5,12.93,1285
2006/04/20,614.9,13.41,1283
2006/04/21,633.6,13.92,1248
2006/04/24,620.8,14.65,1227
2006/04/25,629.8,12.32,1240
2006/04/26,638.5,12.93,1251
2006/04/27,633.5,11.93,1231
2006/04/28,654,12.52,1220
2006/05/01,657.6,12.8,1187
2006/05/02,667.1,12.65,1188
2006/05/03,667,13.67,1168
2006/05/04,676.9,13.9,1116
2006/05/05,682.2,14.27,1137
2006/05/08,678.3,13.7,1160
2006/05/09,700.3,13.94,1147
2006/05/10,707,13.95,1138
2006/05/11,718.8,13.91,1155
2006/05/12,714.3,14.45,1183
2006/05/15,680.6,14.42,1178
2006/05/16,689.1,14.74,1165
2006/05/17,689.5,14.32,1182
2006/05/18,681.9,13.15,1190
2006/05/19,657.2,13.53,1184
2006/05/22,655.8,13.13,1193
2006/05/23,671.1,12.64,1224
2006/05/24,641.5,12.38,1240
2006/05/25,650.4,12.46,1229
2006/05/26,651.6,12.93,1232
2006/05/29,650.1,12.48,1232
2006/05/30,652.4,12.68,1228
2006/05/31,643.3,12.7,1219
2006/06/01,629.2,12.75,1242
2006/06/02,637.8,12.99,1252
2006/06/05,637,12.49,1249
2006/06/06,629.8,11.98,1249
2006/06/07,626.6,12.11,1237
2006/06/08,611.8,12.32,1217
2006/06/09,607.1,11.86,1220
2006/06/12,605.5,11.85,1222
2006/06/13,562.5,11.09,1206
2006/06/14,559,11.15,1195
2006/06/15,569.5,10.92,1217
2006/06/16,580.5,9.6,1219
2006/06/19,568.8,9.59,1227
2006/06/20,576,10,1220
2006/06/21,586.5,10.23,1228
2006/06/22,580.3,9.89,1240
2006/06/23,583,10.24,1249
2006/06/26,584.95,10.42,1237
2006/06/27,581.4,10.18,1242
2006/06/28,579.7,10.3,1250
2006/06/29,597,10.26,1241
2006/06/30,612.6,10.18,1248
2006/07/03,624,10.19,1238
2006/07/04,621.5,10.65,1240
2006/07/05,628.1,10.96,1221
2006/07/06,633.2,11.25,1226
2006/07/07,629.8,11.18,1238
2006/07/10,623.3,11.38,1230
2006/07/11,640.6,11.52,1207
2006/07/12,650.5,11.31,1230
2006/07/13,659.3,11.04,1227
2006/07/14,664.4,11.48,1225
2006/07/17,642.4,11.53,1227
2006/07/18,630.7,11.62,1216
2006/07/19,641.7,11.43,1215
2006/07/20,628.8,10.88,1217
2006/07/21,620,10.48,1225
2006/07/24,612.1,11.17,1239
2006/07/25,618.7,10.89,1242
2006/07/26,621.8,10.73,1247
2006/07/27,633.5,10.84,1268
2006/07/28,635.4,10.89,1263
2006/07/31,634.2,11,1245
2006/08/01,646.7,11.32,1220
2006/08/02,650.2,11.3,1193
2006/08/03,644.3,11.29,1200
2006/08/04,645.7,11.68,1177
2006/08/07,647.6,12.17,1170
2006/08/08,643.5,12.05,1157
2006/08/09,649.9,12.31,1158
2006/08/10,634.8,12.24,1150
2006/08/11,632.2,12.18,1138
2006/08/14,628.8,12.54,1135
2006/08/15,624.6,12.04,1142
2006/08/16,628.4,11.87,1129
2006/08/17,614.1,12.04,1128
2006/08/18,614.6,12.01,1140
2006/08/21,627.4,12.28,1150
2006/08/22,623.3,11.93,1138
2006/08/23,621.6,12,1148
2006/08/24,621.1,12.36,1115
2006/08/25,622.5,12.22,1075
2006/08/28,613.3,12.44,1081
2006/08/29,612,12.31,1073
2006/08/30,619,12.34,1082
2006/08/31,626.4,12.02,1067
2006/09/01,625,12.14,1067
2006/09/04,626,12.48,1069
2006/09/05,638.1,12.87,1073
2006/09/06,633,12.91,1083
2006/09/07,616.2,12.91,1076
2006/09/08,610.3,12.95,1085
2006/09/11,591,13.02,1082
2006/09/12,587,12.54,1076
2006/09/13,589.2,12.1,1067
2006/09/14,576,11.08,1054
2006/09/15,579.1,10.98,1067
2006/09/18,588.1,11.15,1075
2006/09/19,574.9,10.69,1071
2006/09/20,576.1,10.81,1089
2006/09/21,583.8,11.13,1078
2006/09/22,587.8,10.77,1099
2006/09/25,586.2,10.87,1156
2006/09/26,591.2,11.05,1201
2006/09/27,599.9,11.12,1190
2006/09/28,602.4,11.19,1187
2006/09/29,597.8,11.35,1165
2006/10/02,594.7,11.59,1200
2006/10/03,574.2,11.53,1206
2006/10/04,566.1,11.4,1200
2006/10/05,573.5,11.46,1175
2006/10/06,573.3,10.77,1168
2006/10/09,576.2,10.77,1188
2006/10/10,572.5,11.06,1185
2006/10/11,572.8,11.09,1251
2006/10/12,578.1,11.26,1230
2006/10/13,589.5,11.12,1145
2006/10/16,595.5,11.2,1163
2006/10/17,589.9,11.33,1185
2006/10/18,589.4,11.6,1140
2006/10/19,598.8,11.83,1155
2006/10/20,591.4,11.67,1150
2006/10/23,581.3,11.75,1175
2006/10/24,583.6,12.06,1153
2006/10/25,590.9,11.86,1154
2006/10/26,595.8,11.66,1125
2006/10/27,599.3,11.78,1120
2006/10/30,604,11.91,1122
2006/10/31,606.1,12.11,1105
2006/11/01,617.6,12.02,1110
2006/11/02,623.1,12.08,1109
2006/11/03,627.5,12.24,1107
2006/11/06,622.6,12.43,1108
2006/11/07,624.4,12.52,1104
2006/11/08,615.4,12.58,1102
2006/11/09,633.2,12.61,1118
2006/11/10,628.2,12.56,1118
2006/11/13,625.6,12.44,1117
2006/11/14,620.4,13,1120
2006/11/15,622.1,12.99,1121
2006/11/16,618.2,12.87,1119
2006/11/17,621.5,12.77,1115
2006/11/20,622.2,12.86,1114
2006/11/21,626.5,12.85,1132
2006/11/22,629.7,12.77,1133
2006/11/23,630.75,12.72,1126
2006/11/24,637.7,13.01,1117
2006/11/27,640.8,13.04,1105
2006/11/28,639.5,13.09,1115
2006/11/29,636.1,13.41,1123
2006/11/30,647.8,13.46,1140
2006/12/01,645.3,13.7,1130
2006/12/04,645.4,13.54,1142
2006/12/05,643.2,13.94,1144
2006/12/06,630.8,13.98,1135
2006/12/07,631.8,14.08,1143
2006/12/08,624.4,13.8,1154
2006/12/11,629.7,13.58,1156
2006/12/12,629.3,13.87,1156
2006/12/13,628.4,13.65,1170
2006/12/14,625.3,13.79,1165
2006/12/15,614.5,13.82,1171
2006/12/18,615.2,13.77,1171
2006/12/19,622,13.74,1163
2006/12/20,619.9,12.81,1170
2006/12/21,618,12.42,1175
2006/12/22,620.5,12.62,1182
2006/12/25,620,12.44,1157
2006/12/26,624.4,12.36,1165
2006/12/27,626.8,12.56,1181
2006/12/28,634.5,12.54,1196
2006/12/29,636.3,12.63,1187
2007/01/02,640,12.76,1194
2007/01/03,627.2,12.82,1186
2007/01/04,621.5,12.87,1197
2007/01/05,606.9,13.14,1208
2007/01/08,609.4,12.53,1207
2007/01/09,613,12.58,1201
2007/01/10,611.2,12.18,1216
2007/01/11,611.4,12.26,1205
2007/01/12,626.4,12.44,1225
2007/01/15,626.2,12.33,1226
2007/01/16,624.9,12.32,1236
2007/01/17,631.4,12.83,1235
2007/01/18,627.5,12.85,1233
2007/01/19,635,12.55,1247
2007/01/22,632.4,12.77,1236
2007/01/23,646.1,12.61,1200
2007/01/24,648,12.82,1168
2007/01/25,645.6,12.88,1191
2007/01/26,646.1,13.21,1182
2007/01/29,642.6,13.2,1209
2007/01/30,646.9,13.32,1195
2007/01/31,652.7,13.32,1205
2007/02/01,657.2,13.13,1210
2007/02/02,647.9,13.32,1199
2007/02/05,648.2,13.5,1213
2007/02/06,653.4,13.63,1220
2007/02/07,651.3,13.39,1230
2007/02/08,660.4,13.45,1230
2007/02/09,666.3,13.61,1228
2007/02/12,661.7,13.61,1235
2007/02/13,664.15,13.76,1229
2007/02/14,668.8,13.85,1235
2007/02/15,669,13.65,1232
2007/02/16,668.7,13.85,1239
2007/02/19,671.2,13.99,1235
2007/02/20,658.4,13.94,1241
2007/02/21,678.9,13.94,1236
2007/02/22,677.4,14,1238
2007/02/23,682.5,13.82,1245
2007/02/26,687,14.22,1252
2007/02/27,679,14.2,1252
2007/02/28,669.6,14.54,1250
2007/03/01,664.2,14.71,1258
2007/03/02,642.6,14.08,1266
2007/03/05,635.3,14.13,1265
2007/03/06,646.8,13.58,1272
2007/03/07,645.7,12.89,1271
2007/03/08,650.8,12.59,1264
2007/03/09,649.9,12.92,1290
2007/03/12,650.7,12.95,1295
2007/03/13,643,12.94,1328
2007/03/14,643.6,12.92,1315
2007/03/15,646.4,13,1299
2007/03/16,652.4,12.72,1302
2007/03/19,653.2,12.76,1296
2007/03/20,657.8,12.97,1286
2007/03/21,663.7,13.1,1290
2007/03/22,663.3,13.13,1283
2007/03/23,656.6,13.27,1285
2007/03/26,663.3,13.34,1295
2007/03/27,663.6,13.4,1321
2007/03/28,665.1,13.15,1338
2007/03/29,660.8,13.37,1333
2007/03/30,663.1,13.26,1324
2007/04/02,663.4,13.34,1310
2007/04/03,663.5,13.27,1328
2007/04/04,674,13.37,1317
2007/04/05,674.2,13.26,1330
2007/04/06,674,13.37,1324
2007/04/09,670.5,13.59,1300
2007/04/10,676.8,13.69,1307
2007/04/11,676.8,13.7,1310
2007/04/12,675.5,13.75,1285
2007/04/13,685.1,13.85,1300
2007/04/16,690.3,13.82,1280
2007/04/17,687.6,13.85,1269
2007/04/18,689.3,14.04,1268
2007/04/19,682.4,14.02,1253
2007/04/20,691.1,13.92,1262
2007/04/23,688.8,13.95,1278
2007/04/24,683.1,13.67,1288
2007/04/25,685.4,13.92,1296
2007/04/26,674.7,14,1291
2007/04/27,680.7,13.74,1290
2007/04/30,678,13.79,1287
2007/05/01,673.1,13.3,1280
2007/05/02,672.6,13.51,1292
2007/05/03,682.1,13.38,1288
2007/05/04,688,13.24,1278
2007/05/07,687.7,13.2,1280
2007/05/08,684.6,13.4,1278
2007/05/09,679.9,13.41,1290
2007/05/10,665.7,13.51,1289
2007/05/11,670.3,13.5,1290
2007/05/14,669.7,13.36,1288
2007/05/15,671.4,13.01,1296
2007/05/16,661.4,13.19,1280
2007/05/17,657,13.14,1265
2007/05/18,660.9,13.17,1273
2007/05/21,662.6,12.88,1272
2007/05/22,658.8,12.83,1270
2007/05/23,660.6,12.92,1278
2007/05/24,654,13.05,1280
2007/05/25,655.4,12.93,1282.5
2007/05/28,655.3,13.01,1288
2007/05/29,656,12.83,1290
2007/05/30,652.9,12.95,1303
2007/05/31,660.2,12.92,1296.5
2007/06/01,670.7,13.14,1297.3
2007/06/04,670.5,13.14,1311.5
2007/06/05,669.4,13.41,1310
2007/06/06,670.1,13.66,1313
2007/06/07,658.7,13.68,1307
2007/06/08,647.8,13.75,1318
2007/06/11,653,13.7,1320
2007/06/12,646.5,13.43,1330
2007/06/13,650.1,13.09,1328
2007/06/14,651.2,13.18,1320
2007/06/15,655,13,1318
2007/06/18,655.6,13.08,1315
2007/06/19,660.6,13.12,1271
2007/06/20,654.5,13.22,1268
2007/06/21,651.2,13.19,1290
2007/06/22,653.6,13.32,1283
2007/06/25,651.1,13.17,1281
2007/06/26,640,13.09,1287
2007/06/27,643,13.045,1292
2007/06/28,648,12.835,1281
2007/06/29,648.9,12.2,1284
2007/07/02,656.6,12.27,1269
2007/07/03,653.1,12.45,1272
2007/07/04,653.8,12.39,1275
2007/07/05,649.4,12.6,1266
2007/07/06,655.5,12.56,1261
2007/07/09,659.8,12.63,1234
2007/07/10,663.1,12.48,1225
2007/07/11,660.7,12.69,1243.4
2007/07/12,667,12.68,1242.9
2007/07/13,666.9,12.91,1236.9
2007/07/16,664.6,12.87,1234.5
2007/07/17,664.4,13.07,1242
2007/07/18,672.5,13.01,1247.5
2007/07/19,677.5,12.91,1250.1
2007/07/20,683.3,12.88,1267.5
2007/07/23,681,13.18,1255.5
2007/07/24,681.8,13.22,1266.1
2007/07/25,674.9,13.28,1266.5
2007/07/26,661.3,13.23,1271.2
2007/07/27,661,13.23,1270
2007/07/30,664.8,13.09,1284.5
2007/07/31,663,12.77,1286.5
2007/08/01,666.9,12.68,1288.4
2007/08/02,664.6,12.86,1299.5
2007/08/03,672.9,12.82,1297.6
2007/08/06,671.5,12.95,1296
2007/08/07,672,12.95,1297
2007/08/08,674.2,13.04,1298.3
2007/08/09,661.2,12.96,1301.1
2007/08/10,672.4,13.06,1301.5
2007/08/13,669,13.09,1323.4
2007/08/14,668.8,12.63,1326.8
2007/08/15,667.2,12.83,1339.5
2007/08/16,652.4,12.77,1343.9
2007/08/17,656.9,12.69,1344
2007/08/20,657.8,12.48,1356
2007/08/21,657.1,11.79,1385
2007/08/22,660.7,11.72,1390.7
2007/08/23,659.5,11.73,1345.5
2007/08/24,668,11.54,1353.5
2007/08/27,667.2,11.61,1359.5
2007/08/28,662.2,11.67,1372.5
2007/08/29,667.1,11.94,1357
2007/08/30,664.7,11.73,1365
2007/08/31,672.6,11.74,1381
2007/09/03,672.1,11.87,1407
2007/09/04,681.7,11.78,1415
2007/09/05,681.4,12.04,1421
2007/09/06,695.2,12.11,1410
2007/09/07,700.5,12.24,1435
2007/09/10,702.5,12.19,1438
2007/09/11,712.4,12.39,1441
2007/09/12,711.5,12.51,1431
2007/09/13,708.2,12.49,1445
2007/09/14,706.7,12.68,1438
2007/09/17,717.4,12.61,1443
2007/09/18,723.4,12.5,1454
2007/09/19,721.3,12.52,1454
2007/09/20,733,12.76,1438
2007/09/21,730.8,12.96,1441
2007/09/24,730,12.91,1444
2007/09/25,731,13.37,1454
2007/09/26,727.7,13.5,1459
2007/09/27,734.1,13.43,1473
2007/09/28,743.7,13.45,1456
2007/10/01,746.8,13.36,1460
2007/10/02,731.1,13.52,1427
2007/10/03,727.2,13.76,1386
2007/10/04,737.3,13.69,1415
2007/10/05,742.3,13.32,1440
2007/10/08,732.9,13.28,1428
2007/10/09,737.6,13.37,1446
2007/10/10,740.6,13.39,1448
2007/10/11,747.4,13.25,1463
2007/10/12,749.2,13.46,1461
2007/10/15,758.9,13.53,1466
2007/10/16,759.8,13.74,1468
2007/10/17,754.6,13.78,1467
2007/10/18,766.2,13.77,1443
2007/10/19,764.8,13.58,1436
2007/10/22,754,13.61,1443
2007/10/23,759.3,13.77,1438
2007/10/24,763.5,13.49,1455
2007/10/25,768.9,13.44,1466
2007/10/26,785,13.58,1465
2007/10/29,791,13.57,1465
2007/10/30,781.2,13.87,1455
2007/10/31,795.8,14.22,1460
2007/11/01,787,14.47,1460
2007/11/02,807.1,14.12,1473
2007/11/05,806.1,14.47,1476
2007/11/06,823.8,14.1,1475
2007/11/07,831.8,14.61,1494
2007/11/08,831.2,14.67,1507
2007/11/09,831.3,15.48,1516
2007/11/12,803.2,15.28,1512
2007/11/13,800.2,15.37,1521
2007/11/14,811.4,15.42,1526
2007/11/15,788.2,14.58,1518
2007/11/16,786.9,14.55,1539
2007/11/19,781.3,14.93,1535
2007/11/20,803.3,14.46,1534
2007/11/21,801.9,14.43,1520
2007/11/22,804,14.19,1520
2007/11/23,823,14.72,1538
2007/11/26,822.2,14.44,1550
2007/11/27,811.1,14.51,1541
2007/11/28,804.9,14.76,1522
2007/11/29,792.8,14.69,1547
2007/11/30,782.5,14.43,1550
2007/12/03,791.1,14.4,1550
2007/12/04,802.8,14.19,1562
2007/12/05,795,13.97,1574.5
2007/12/06,802.3,14.1,1569
2007/12/07,795.2,14.31,1559
2007/12/10,809.1,14.22,1555
2007/12/11,797.1,14.43,1556
2007/12/12,813.4,14.34,1536.5
2007/12/13,797,14.65,1548
2007/12/14,794.5,14.45,1552.5
2007/12/17,791.3,14.64,1608.5
2007/12/18,801.8,14.06,1671.5
2007/12/19,801.8,13.79,1720
2007/12/20,796.3,13.8,1705
2007/12/21,810.4,14,1684
2007/12/24,811.5,14.1,1730
2007/12/25,806.6,14.19,1752
2007/12/26,824.6,14.32,1790
2007/12/27,824.4,14.52,1770
2007/12/28,838.6,14.38,1810
2007/12/31,833.2,14.68,1841
2008/01/01,833.3,14.58,1880
2008/01/02,856.8,14.73,1932
2008/01/03,863,14.77,1910
2008/01/04,861.1,14.77,1985
2008/01/07,857.5,15.22,1997
2008/01/08,877.3,15.33,2050
2008/01/09,877.4,15.26,2100
2008/01/10,892.7,15.12,2140
2008/01/11,895.4,15.66,2120
2008/01/14,904.8,15.67,2151
2008/01/15,894.5,16.16,2148
2008/01/16,877.2,16.2,2135
2008/01/17,877.4,16.37,2130
2008/01/18,884.2,16.1,2130
2008/01/21,866,15.78,2135
2008/01/22,890.3,15.85,2163
2008/01/23,889.1,16.15,2230
2008/01/24,907,15.55,2220
2008/01/25,913,16.02,2240
2008/01/28,927.5,16.04,2170
2008/01/29,923.5,16.38,2020
2008/01/30,928,16.42,1980
2008/01/31,925,16.69,2050
2008/02/01,910,16.66,2060
2008/02/04,904.4,16.79,2098
2008/02/05,886.85,16.87,2070
2008/02/06,900.4,16.76,1980
2008/02/07,908.8,16.66,1960
2008/02/08,918,16.3,1900
2008/02/11,924.4,16.47,1855
2008/02/12,905.7,16.78,1845
2008/02/13,904.7,17.16,1880
2008/02/14,907.8,17.51,1960
2008/02/15,902.3,17.17,1990
2008/02/18,906,17.26,2023
2008/02/19,927.2,17.21,2000
2008/02/20,944.5,17.1,2005
2008/02/21,944.5,17.09,1918
2008/02/22,945.1,17.49,1942
2008/02/25,939.4,17.8,1985
2008/02/26,948.5,17.84,2005
2008/02/27,957.8,18.01,2030
2008/02/28,969,18.07,2008
2008/02/29,972.1,18.65,2018
2008/03/03,983.4,19.23,2024
2008/03/04,963,19.79,2002
2008/03/05,987.9,19.79,1958
2008/03/06,977.7,20.29,1970
2008/03/07,973,19.74,2015
2008/03/10,973,20.75,2042
2008/03/11,973,20.16,2035
2008/03/12,983.1,20.12,2005
2008/03/13,994.9,19.66,2017
2008/03/14,992.8,19.65,1991
2008/03/17,1002.3,20.13,1955
2008/03/18,981.5,20.54,1947
2008/03/19,943.5,20.65,1965.5
2008/03/20,909.6,20.15,1913.5
2008/03/21,919.1,19.66,1917.5
2008/03/24,914.7,18.33,1860
2008/03/25,938.3,16.77,1891
2008/03/26,953.5,17.2,1915
2008/03/27,947.4,16.98,1948.5
2008/03/28,930,17.92,1949.5
2008/03/31,915.3,18.42,2010
2008/04/01,883.1,18.41,2074
2008/04/02,903.5,17.88,2092.5
2008/04/03,902.9,17.21,2039.5
2008/04/04,912.9,16.86,2026
2008/04/07,920,17.3,2076
2008/04/08,915,17.32,2114.5
2008/04/09,933.8,17.74,2142.5
2008/04/10,928.4,18.05,2135.5
2008/04/11,924.9,17.64,2190.5
2008/04/14,924.1,18.15,2153
2008/04/15,928,17.85,2156.5
2008/04/16,944.7,17.74,2175
2008/04/17,938.9,17.7,2118
2008/04/18,916,17.84,2059
2008/04/21,913.8,18.29,1986.5
2008/04/22,917.3,18.24,1999
2008/04/23,903.2,17.84,1996
2008/04/24,885.8,17.39,1995
2008/04/25,885.15,17.61,1983
2008/04/28,892.5,17.1,1998
2008/04/29,870.05,16.73,2066.5
2008/04/30,869.95,16.82,2039.5
2008/05/01,851.65,16.98,1991.5
2008/05/02,855.45,16.52,2022.5
2008/05/05,873.05,16.82,2010.5
2008/05/06,875.05,16.13,2023.5
2008/05/07,867.15,16.36,2038.5
2008/05/08,882.3,16.68,2052
2008/05/09,883.9,16.81,2082.5
2008/05/12,881.9,16.57,2039
2008/05/13,865.8,16.8,2050
2008/05/14,863.65,16.77,2033.5
2008/05/15,880.45,17.12,2011
2008/05/16,901.3,16.65,2002.5
2008/05/19,903.95,16.47,2055
2008/05/20,918.35,16.66,2052
2008/05/21,931.35,16.93,2059
2008/05/22,920.85,16.93,2069
2008/05/23,924.2,17.64,2065.5
2008/05/26,928.1,17.94,2017.5
2008/05/27,904.8,17.94,1997.5
2008/05/28,900.1,18.15,1967
2008/05/29,876.4,18.26,1941
2008/05/30,885.9,17.38,1958.5
2008/06/02,889.8,17.38,1996.5
2008/06/03,880.4,16.56,2023
2008/06/04,877.65,16.83,2012
2008/06/05,877.35,16.79,1969
2008/06/06,901.35,16.75,1919
2008/06/09,891.9,16.79,1881
2008/06/10,866.35,17.12,1842.5
2008/06/11,879.55,17.48,1837
2008/06/12,867.9,17.06,1798.5
2008/06/13,870.2,16.55,1742
2008/06/16,881.3,16.82,1702.5
2008/06/17,881.9,16.43,1746
2008/06/18,893.15,16.52,1765
2008/06/19,897.85,17.09,1742
2008/06/20,900.85,17.01,1724.5
2008/06/23,883.35,17.32,1750.5
2008/06/24,889.4,17.33,1646.5
2008/06/25,885.3,17.32,1555.5
2008/06/26,916.25,16.76,1563
2008/06/27,927.15,16.64,1594.5
2008/06/30,924.1,16.75,1572
2008/07/01,938.85,17.12,1547
2008/07/02,944.35,17.5,1517
2008/07/03,932.85,17.36,1469.5
2008/07/04,932.3,18.06,1504
2008/07/07,925.45,18.33,1481
2008/07/08,919.5,18.2,1361.5
2008/07/09,927.75,18.05,1385
2008/07/10,946.15,17.75,1349.5
2008/07/11,963.7,17.76,1369.5
2008/07/14,971.7,18.08,1450
2008/07/15,976.6,18.24,1425.5
2008/07/16,959.1,18.79,1423
2008/07/17,956.6,19.05,1410
2008/07/18,954.3,18.88,1433.5
2008/07/21,965.3,18.73,1466.5
2008/07/22,945,18.5,1476.5
2008/07/23,919.75,18.11,1439
2008/07/24,926.5,18.39,1392
2008/07/25,928.7,17.93,1376.5
2008/07/28,930.3,17.33,1390
2008/07/29,916.85,17.4,1361
2008/07/30,905.45,17.37,1333.5
2008/07/31,912.85,17.48,1225
2008/08/01,909.55,17.31,1170
2008/08/04,893.65,17.45,1138
2008/08/05,873.25,17.68,1202.5
2008/08/06,878.6,17.43,1164.5
2008/08/07,872.45,16.88,1049
2008/08/08,855.35,16.4,1118
2008/08/11,822.3,16.5,1089
2008/08/12,810.65,16.16,1134.5
2008/08/13,825.6,15.26,1244.5
2008/08/14,805.6,14.62,1213
2008/08/15,785.5,14.46,1192.5
2008/08/18,798.35,14.86,1172.5
2008/08/19,813.25,14.13,1108
2008/08/20,812.65,12.69,1080
2008/08/21,835.45,13.03,1000
2008/08/22,822.1,13.21,1020
2008/08/25,821.1,13.23,960
2008/08/26,823.8,13.81,950
2008/08/27,826.2,13.32,961.5
2008/08/28,833.25,13.45,1004
2008/08/29,829.8,13.56,990.5
2008/09/01,817.1,13.45,1018.5
2008/09/02,804.5,13.63,980.5
2008/09/03,800.25,13.58,978.5
2008/09/04,794.55,13.41,1017.5
2008/09/05,802.8,13.03,955
2008/09/08,801.35,12.88,884.5
2008/09/09,775.9,12.74,850.5
2008/09/10,752,12.22,893
2008/09/11,746.8,12.04,885.5
2008/09/12,763.45,11.22,831.5
2008/09/15,786.2,10.63,802.5
2008/09/16,777.55,10.55,788.5
2008/09/17,862.7,10.83,772.5
2008/09/18,847.25,11.08,809
2008/09/19,871.15,10.44,793.5
2008/09/22,900.2,12,817
2008/09/23,890.7,11.84,813
2008/09/24,880.6,12.55,812.5
2008/09/25,875.7,13.4,841.5
2008/09/26,878.4,13.21,863.5
2008/09/29,903.25,13.21,825
2008/09/30,869.95,13.16,845
2008/10/01,868.75,13.29,847
2008/10/02,835,13.07,812.5
2008/10/03,834.8,12.02,813.5
2008/10/06,857.45,12.52,816.5
2008/10/07,886.6,10.79,833.5
2008/10/08,906.5,11.09,808
2008/10/09,911.5,11.01,824.5
2008/10/10,847.4,11.51,808.5
2008/10/13,830.8,11.7,762.5
2008/10/14,835.25,12.01,812.5
2008/10/15,848,10.14,856
2008/10/16,804.5,10.66,860
2008/10/17,781.7,10.95,854.5
2008/10/20,795,10.23,853
2008/10/21,770.1,9.63,871
2008/10/22,727.65,9.37,796.5
2008/10/23,720,9.75,796
2008/10/24,733.3,10.07,793.5
2008/10/27,729.6,9.5,786
2008/10/28,744.3,9.66,788
2008/10/29,754.3,9.3,821
2008/10/30,735.5,9.01,803.5
2008/10/31,723.05,9.16,822
2008/11/03,721.9,9.82,826
2008/11/04,763.9,9.66,805.5
2008/11/05,739.15,9.81,822
2008/11/06,732.5,9.74,860.5
2008/11/07,735.95,10.18,863.5
2008/11/10,745.5,10.36,852.5
2008/11/11,731,10.03,847
2008/11/12,710.3,9.99,848.5
2008/11/13,736.55,10.18,842
2008/11/14,741.05,9.74,852
2008/11/17,735.9,9.29,850
2008/11/18,736.35,9.4,888.5
2008/11/19,732.4,9.48,911.5
2008/11/20,745.1,9.27,914.5
2008/11/21,798.5,9.6,924.5
2008/11/24,819.55,9.24,932
2008/11/25,821.05,8.95,945.5
2008/11/26,811.7,9.62,946
2008/11/27,814.55,10.46,962.5
2008/11/28,815.5,10.29,972
2008/12/01,769.55,10.24,990
2008/12/02,782,10.29,991
2008/12/03,772.65,10.24,956
2008/12/04,765.65,9.28,941
2008/12/05,755.9,9.55,935
2008/12/08,771.7,9.61,924.5
2008/12/09,775.1,9.46,946
2008/12/10,807.75,9.45,948.5
2008/12/11,820.7,9.96,937.5
2008/12/12,820.45,9.83,923.5
2008/12/15,838.55,10.22,926
2008/12/16,856.7,10.32,955.5
2008/12/17,865.3,10.23,962.5
2008/12/18,853.25,10.63,949
2008/12/19,836.85,11.18,953
2008/12/22,845.8,11.36,972
2008/12/23,837.95,10.97,983
2008/12/24,845.55,10.8,970.5
2008/12/25,844,10.8,957.5
2008/12/26,867.65,10.22,965
2008/12/29,875.15,10.33,973
2008/12/30,872.55,10.33,996.5
2008/12/31,878.2,10.65,989.5
2009/01/01,880.15,10.84,1032
2009/01/02,875.05,10.95,1066.5
2009/01/05,858,11.3,1074.5
2009/01/06,863.15,11.32,1059.5
2009/01/07,840.95,11.53,1062
2009/01/08,856.6,11.21,1087.5
2009/01/09,852.45,11.44,1097
2009/01/12,820.25,11.02,1068
2009/01/13,821.1,11.09,1080.5
2009/01/14,810.35,11.23,1072.5
2009/01/15,815.35,10.61,1039.5
2009/01/16,841.85,10.71,1044.5
2009/01/19,835.4,10.53,1050.5
2009/01/20,855.8,10.56,1068
2009/01/21,854.55,11.22,1055
2009/01/22,856.55,11.15,1030.5
2009/01/23,898.4,11.14,1042.5
2009/01/26,903.1,11.3,1059
2009/01/27,897,11.38,1066
2009/01/28,885.15,11.93,1058
2009/01/29,907.4,12.03,1039.5
2009/01/30,926.75,11.98,1050
2009/02/02,901.25,11.96,1049.5
2009/02/03,901.6,12.34,1054.5
2009/02/04,905.4,12.63,1055
2009/02/05,914.75,12.35,1043.5
2009/02/06,910.55,12.42,1057
2009/02/09,894.5,12.49,1122.5
2009/02/10,916.25,12.86,1112.5
2009/02/11,938.15,13.08,1121
2009/02/12,946.9,12.81,1114
2009/02/13,941.1,13.13,1120
2009/02/16,941.05,13.48,1141
2009/02/17,969.15,13.48,1123
2009/02/18,984,13.65,1112
2009/02/19,973.85,13.57,1123.5
2009/02/20,992.3,14.09,1133.5
2009/02/23,992.25,14.33,1153.5
2009/02/24,963.15,14.04,1154.5
2009/02/25,949.25,14.41,1140.5
2009/02/26,944.5,14.47,1162
2009/02/27,944.15,13.81,1174.5
2009/03/02,925.65,13.65,1186.5
2009/03/03,915.25,13.12,1204.5
2009/03/04,906.85,13.09,1236.5
2009/03/05,931.85,12.92,1204
2009/03/06,936.55,12.76,1216.5
2009/03/09,920.95,12.91,1201.5
2009/03/10,895.8,13.22,1204.5
2009/03/11,906.65,13.28,1159.5
2009/03/12,926.65,12.92,1152.5
2009/03/13,927.2,12.57,1168.5
2009/03/16,922.55,12.75,1178.5
2009/03/17,914.2,12.96,1173.5
2009/03/18,939.9,13.17,1139
2009/03/19,958.6,12.89,1087.5
2009/03/20,950.85,12.7,1094.5
2009/03/23,937.15,12.88,1098
2009/03/24,925.65,13.57,1088
2009/03/25,933.15,13.72,1117
2009/03/26,933.05,13.63,1125.5
2009/03/27,921.05,13.4,1133.5
2009/03/30,916.3,13.45,1144
2009/03/31,917.15,13.46,1145.5
2009/04/01,926.4,13.27,1114.5
2009/04/02,903.15,13.03,1130
2009/04/03,891.9,12.93,1111
2009/04/06,868.8,13.01,1109.5
2009/04/07,880.05,12.9,1100.5
2009/04/08,879.55,12.71,1128.5
2009/04/09,878.4,12.1,1137.5
2009/04/10,880.65,12.22,1142
2009/04/13,892.05,12.25,1148.5
2009/04/14,888.85,12.3,1152.5
2009/04/15,890.6,12.34,1149.5
2009/04/16,874.55,12.71,1132
2009/04/17,867.9,12.72,1131.5
2009/04/20,884.15,12.75,1139.5
2009/04/21,882.25,12.21,1187
2009/04/22,889.15,11.84,1208.5
2009/04/23,902,12.04,1238.5
2009/04/24,912.1,11.99,1233.5
2009/04/27,905.65,12.28,1290.5
2009/04/28,891.1,12.74,1262
2009/04/29,897.6,12.84,1242
2009/04/30,885.5,12.89,1248
2009/05/01,885.8,12.45,1261
2009/05/04,902.35,12.76,1261
2009/05/05,895.7,12.34,1249
2009/05/06,909.9,12.46,1204
2009/05/07,909.05,13.01,1215
2009/05/08,916.05,13.34,1201
2009/05/11,912.6,13.7,1200
2009/05/12,921.85,13.78,1204.5
2009/05/13,925.45,13.98,1159.5
2009/05/14,925.35,13.91,1158
2009/05/15,930.7,14.18,1156
2009/05/18,917.2,13.94,1184.5
2009/05/19,924.65,14,1196.5
2009/05/20,937.1,13.93,1182
2009/05/21,953.4,13.72,1172.5
2009/05/22,956.35,14.15,1197.5
2009/05/25,957.8,14.21,1181.5
2009/05/26,951.15,14.51,1185
2009/05/27,948,14.63,1143
2009/05/28,958.8,14.71,1132
2009/05/29,979,14.55,1096
2009/06/01,974.2,14.72,1105
2009/06/02,980.85,15.12,1104.5
2009/06/03,962.15,15.74,1110
2009/06/04,979.1,15.59,1127.5
2009/06/05,955.3,15.94,1156
2009/06/08,950.05,15.3,1160.5
2009/06/09,953.75,15.85,1171
2009/06/10,953.65,15.24,1180
2009/06/11,954,14.91,1169
2009/06/12,937.9,15.21,1172
2009/06/15,927.85,15.15,1174
2009/06/16,934.1,15.37,1185
2009/06/17,938.4,14.79,1215
2009/06/18,932.35,14.05,1192.5
2009/06/19,933.3,14.17,1170
2009/06/22,921.9,14.32,1179.5
2009/06/23,925.15,14.19,1207.5
2009/06/24,931.1,14.19,1233.5
2009/06/25,938.75,13.72,1265.5
2009/06/26,938.55,13.82,1282.5
2009/06/29,937.05,13.84,1260
2009/06/30,925.85,14.01,1261.5
2009/07/01,940.25,14.07,1243.5
2009/07/02,928.65,13.85,1237
2009/07/03,931.5,13.57,1238
2009/07/06,924,13.74,1265
2009/07/07,923.3,13.38,1256.5
2009/07/08,908.45,13.39,1220
2009/07/09,911.45,13.24,1228
2009/07/10,912.15,13.1,1234.5
2009/07/13,920,12.84,1236.5
2009/07/14,924.6,12.82,1253.5
2009/07/15,938.45,12.66,1236.5
2009/07/16,936.35,12.82,1239
2009/07/17,936.7,12.88,1232
2009/07/20,948.35,13.25,1240.5
2009/07/21,948.15,13.27,1244
2009/07/22,950.4,13.39,1237
2009/07/23,947.15,13.62,1224.5
2009/07/24,950.35,13.54,1229
2009/07/27,952.65,13.68,1249.5
2009/07/28,936.65,13.7,1252.5
2009/07/29,929,13.86,1255
2009/07/30,933.3,14.01,1283
2009/07/31,953.75,13.69,1276
2009/08/03,955.5,13.28,1284
2009/08/04,966.75,13.45,1315.5
2009/08/05,961.95,13.89,1313.5
2009/08/06,962.15,14.21,1323
2009/08/07,953.9,14.62,1344.5
2009/08/10,944.65,14.64,1335.5
2009/08/11,944.55,14.54,1327
2009/08/12,946.25,14.59,1315.5
2009/08/13,953.5,14.3,1332
2009/08/14,945.85,14.27,1318.5
2009/08/17,932.8,14.51,1297.5
2009/08/18,937.3,15,1272.5
2009/08/19,941.55,14.68,1273.5
2009/08/20,939.35,13.96,1267
2009/08/21,953.15,13.96,1295.5
2009/08/24,942.4,13.79,1277.5
2009/08/25,943.55,13.89,1278
2009/08/26,945.1,14.15,1293
2009/08/27,947.25,14.15,1313.5
2009/08/28,954.95,14.24,1326
2009/08/31,949.65,14.32,1344.5
2009/09/01,956.35,14.24,1332
2009/09/02,976.9,14.74,1336.5
2009/09/03,990.6,14.89,1358.5
2009/09/04,993.4,15.01,1358
2009/09/07,993.85,15.34,1348.5
2009/09/08,995.2,16.08,1341
2009/09/09,991.65,16.2,1355.5
2009/09/10,995.5,16.29,1347
2009/09/11,1004.85,16.41,1359
2009/09/14,999.15,16.27,1365
2009/09/15,1005.9,16.66,1358.5
2009/09/16,1016.7,16.74,1330.5
2009/09/17,1011.45,16.52,1312
2009/09/18,1006.15,16.97,1303.5
2009/09/21,1002.55,17.35,1337.5
2009/09/22,1013.8,17.18,1322.5
2009/09/23,1008.05,16.96,1332.5
2009/09/24,993.75,16.8,1355
2009/09/25,991.35,17.08,1359.5
2009/09/28,989.95,16.73,1353.5
2009/09/29,991.2,16.18,1340.5
2009/09/30,1006.7,16,1358.5
2009/10/01,998.5,16.14,1347.5
2009/10/02,1001.35,16.11,1368
2009/10/05,1016.75,16.59,1350.5
2009/10/06,1040.85,16.32,1391
2009/10/07,1043.7,16.12,1441
2009/10/08,1054,16.59,1453
2009/10/09,1048.25,17.32,1439
2009/10/12,1055.25,17.55,1440.5
2009/10/13,1063.35,17.72,1444.5
2009/10/14,1061.95,17.67,1456.5
2009/10/15,1049.85,17.68,1447.5
2009/10/16,1052.25,17.75,1473.5
2009/10/19,1062.7,17.85,1452
2009/10/20,1054.6,17.32,1436.5
2009/10/21,1058.95,17.41,1452
2009/10/22,1060,17.78,1479.5
2009/10/23,1054.45,17.48,1496.5
2009/10/26,1037.6,17.66,1487.5
2009/10/27,1038.8,17.65,1438.5
2009/10/28,1026.85,17.66,1437.5
2009/10/29,1044.55,17.07,1410
2009/10/30,1044.4,16.65,1419.5
2009/11/02,1058.85,16.09,1422
2009/11/03,1083.85,16.63,1422
2009/11/04,1092.2,16.27,1448
2009/11/05,1090.55,16.43,1445.5
2009/11/06,1094.65,17.21,1451.5
2009/11/09,1103.65,17.43,1416.9
2009/11/10,1105.1,17.39,1428
2009/11/11,1117.75,17.36,1414.5
2009/11/12,1103.4,17.57,1393.5
2009/11/13,1118.8,17.32,1418.5
2009/11/16,1139.95,17.58,1459
2009/11/17,1140.55,17.21,1475
2009/11/18,1144.25,17.4,1479
2009/11/19,1143.7,18.37,1460.1
2009/11/20,1149.55,18.39,1453.5
2009/11/23,1164.85,18.52,1467
2009/11/24,1169.3,18.5,1465.5
2009/11/25,1189.55,18.48,1521.5
2009/11/26,1192.6,18.55,1529.5
2009/11/27,1176.7,18.51,1549
2009/11/30,1178.45,18.82,1554
2009/12/01,1197.3,18.61,1575
2009/12/02,1214.55,18.25,1593
2009/12/03,1210.6,18.41,1568.5
2009/12/04,1161.2,19.08,1575.5
2009/12/07,1157.9,19.2,1609
2009/12/08,1129.65,18.93,1599
2009/12/09,1128.3,18.49,1612
2009/12/10,1131.65,18.18,1643.5
2009/12/11,1114.5,17.59,1623.5
2009/12/14,1124.15,17.38,1593.5
2009/12/15,1124,17.37,1546.5
2009/12/16,1137.55,17.16,1545
2009/12/17,1097.85,17.34,1533
2009/12/18,1112.1,17.38,1502.5
2009/12/21,1091.7,17.67,1507.5
2009/12/22,1083.25,17.12,1500.5
2009/12/23,1086.7,17.27,1548
2009/12/24,1104.45,16.99,1579.5
2009/12/25,1104,16.95,1572.5
2009/12/28,1106.45,17.09,1502.5
2009/12/29,1097.35,17.43,1478
2009/12/30,1091.55,17.5,1471
2009/12/31,1095.7,17.5,1500
2010/01/01,1096.35,17.09,1508.5
2010/01/04,1120,16.77,1524.5
2010/01/05,1118.65,16.83,1512.5
2010/01/06,1138.5,16.84,1512.5
2010/01/07,1131.9,17.52,1537
2010/01/08,1136.1,17.78,1531.5
2010/01/11,1152.6,18.18,1530
2010/01/12,1127.3,18.22,1530.5
2010/01/13,1138.4,18.44,1524
2010/01/14,1142.85,18.57,1512
2010/01/15,1129.9,18.23,1503.5
2010/01/18,1132.5,18.6,1530.5
2010/01/19,1137.7,18.66,1540
2010/01/20,1111.3,18.36,1543.5
2010/01/21,1094.75,18.61,1568.5
2010/01/22,1092.6,18.73,1576
2010/01/25,1097.85,17.86,1578
2010/01/26,1097.65,17.36,1574
2010/01/27,1086.35,17.05,1595
2010/01/28,1085.9,17.11,1587.5
2010/01/29,1081.05,16.71,1592
2010/02/01,1106.95,16.52,1607.5
2010/02/02,1114.8,16.18,1603
2010/02/03,1109.25,16.16,1620.5
2010/02/04,1063.05,16.67,1633.5
2010/02/05,1064.95,16.67,1629
2010/02/08,1063.35,16.35,1627
2010/02/09,1076.9,15.26,1604.5
2010/02/10,1072.45,15.13,1597.5
2010/02/11,1094.95,15.01,1607
2010/02/12,1092.4,15.42,1577
2010/02/15,1100.5,15.21,1597
2010/02/16,1119.55,15.64,1594
2010/02/17,1114.8,15.48,1620.5
2010/02/18,1123.5,15.52,1616.5
2010/02/19,1118.45,16.12,1641.5
2010/02/22,1113.3,16.01,1668.5
2010/02/23,1101.65,16.18,1670
2010/02/24,1096,16.27,1705.5
2010/02/25,1105.7,16.2,1697.5
2010/02/26,1116.1,15.83,1700.5
2010/03/01,1116.95,15.91,1711.5
2010/03/02,1134.25,16.07,1716.5
2010/03/03,1139.1,16.45,1720
2010/03/04,1131.6,16.42,1714
2010/03/05,1131.65,16.9,1726
2010/03/08,1122,17.16,1717.5
2010/03/09,1119.7,17.09,1690
2010/03/10,1107.8,17.32,1693.5
2010/03/11,1109.05,17.21,1714
2010/03/12,1102.05,17.2,1731
2010/03/15,1108.6,16.96,1740
2010/03/16,1124.7,17.14,1740
2010/03/17,1124.05,17.06,1743
2010/03/18,1125.45,17.05,1715.5
2010/03/19,1106.55,17.39,1707
2010/03/22,1101.8,17.48,1729
2010/03/23,1102.15,17.36,1739.5
2010/03/24,1087,16.93,1720
2010/03/25,1090.85,16.93,1668.5
2010/03/26,1105.6,16.98,1645
2010/03/29,1108.2,16.54,1652.5
2010/03/30,1102.6,16.57,1659
2010/03/31,1112.8,16.85,1693
2010/04/01,1125.5,17.31,1702
2010/04/02,1120,17.25,1736.5
2010/04/05,1129.7,17.46,1731.5
2010/04/06,1133.7,17.87,1715.5
2010/04/07,1147.5,17.87,1668
2010/04/08,1150.15,18.02,1666.5
2010/04/09,1159.9,17.89,1600
2010/04/12,1151.51,18.12,1509
2010/04/13,1150.15,18.03,1504.5
2010/04/14,1153.9,18.34,1526.5
2010/04/15,1157.95,18.2,1515.5
2010/04/16,1136.45,18.18,1518.5
2010/04/19,1134.6,18.39,1561
2010/04/20,1140,18.37,1543.5
2010/04/21,1145.3,17.67,1558.5
2010/04/22,1140.95,17.71,1545
2010/04/23,1156.9,17.82,1554
2010/04/26,1154.38,18.03,1542.5
2010/04/27,1172.43,17.96,1510
2010/04/28,1164.95,18.29,1512
2010/04/29,1166.1,18.27,1525.5
2010/04/30,1178.25,18.15,1525
2010/05/03,1181.9,18.07,1534
2010/05/04,1171.15,18.44,1539.5
2010/05/05,1174.2,18.59,1557
2010/05/06,1207.75,18.77,1572.5
2010/05/07,1207.8,17.84,1566.5
2010/05/10,1201.9,17.43,1574
2010/05/11,1232.05,17.61,1588
2010/05/12,1236.35,18.32,1587
2010/05/13,1231.83,18.47,1582.5
2010/05/14,1232.55,19.28,1566
2010/05/17,1222.75,19.48,1557.5
2010/05/18,1220.7,19.41,1568
2010/05/19,1190.75,19.25,1565
2010/05/20,1182.1,18.85,1539.5
2010/05/21,1175.15,18.92,1531.5
2010/05/24,1191.55,18.15,1501
2010/05/25,1200.1,17.59,1499
2010/05/26,1209.9,17.59,1506.5
2010/05/27,1211.1,17.86,1512.5
2010/05/28,1213.81,17.86,1523.5
2010/05/31,1215.71,18.01,1517
2010/06/01,1224.3,18.45,1529
2010/06/02,1222.85,18.35,1512
2010/06/03,1207.55,18.53,1524.5
2010/06/04,1219,18.37,1519.5
2010/06/07,1239.05,18.29,1527
2010/06/08,1234.63,17.94,1507
2010/06/09,1230.35,17.37,1509
2010/06/10,1217.3,18.1,1514.5
2010/06/11,1225.9,18.2,1512.5
2010/06/14,1221.15,18.07,1523
2010/06/15,1233.45,18.21,1537.5
2010/06/16,1230.6,18.18,1545
2010/06/17,1244.35,18.17,1528.5
2010/06/18,1256.35,18.5,1535.5
2010/06/21,1231.65,18.4,1556
2010/06/22,1239,18.67,1568
2010/06/23,1236.2,19.12,1596
2010/06/24,1244.05,18.7,1576.5
2010/06/25,1254.5,18.78,1577.5
2010/06/28,1237.05,18.46,1568.5
2010/06/29,1240.45,18.65,1569
2010/06/30,1241.35,19.03,1541.5
2010/07/01,1198.65,18.68,1539.5
2010/07/02,1210.6,18.49,1514
2010/07/05,1207.95,18.55,1525.5
2010/07/06,1192.25,17.75,1520
2010/07/07,1201.85,17.82,1529
2010/07/08,1196.45,17.76,1538.5
2010/07/09,1211.5,17.78,1527
2010/07/12,1194.85,18.01,1520.5
2010/07/13,1210.65,17.91,1506.5
2010/07/14,1207.5,18.11,1504.5
2010/07/15,1207.55,17.86,1510
2010/07/16,1193.15,18.2,1524
2010/07/19,1183.2,18.24,1528
2010/07/20,1191.8,18.28,1529.5
2010/07/21,1185.5,17.84,1522.5
2010/07/22,1194.45,17.56,1519.5
2010/07/23,1188.6,17.66,1528
2010/07/26,1182,17.64,1542.5
2010/07/27,1161.8,18.07,1549.5
2010/07/28,1163.05,18.08,1555.3
2010/07/29,1166.43,18.14,1551.5
2010/07/30,1180.4,17.62,1552.5
2010/08/02,1180.85,17.47,1545
2010/08/03,1184.7,17.71,1539
2010/08/04,1195.25,17.96,1550.5
2010/08/05,1194.1,18.31,1586.5
2010/08/06,1204.3,18.34,1605
2010/08/09,1200.4,18.27,1606.5
2010/08/10,1202.85,18.29,1611.5
2010/08/11,1195.75,18.41,1621.5
2010/08/12,1211.2,18.29,1618.5
2010/08/13,1213.55,18.25,1628
2010/08/16,1222.85,17.84,1635.5
2010/08/17,1222.9,18.02,1640.5
2010/08/18,1228.55,18.09,1626
2010/08/19,1230.1,18.35,1632
2010/08/20,1227.7,18.47,1645
2010/08/23,1223.4,18.32,1650
2010/08/24,1229.25,18.24,1674
2010/08/25,1239.1,17.98,1662.5
2010/08/26,1234.05,17.93,1690
2010/08/27,1236.2,18.34,1709.5
2010/08/30,1236.3,18.9,1693.5
2010/08/31,1245.65,18.88,1700
2010/09/01,1243.85,19.05,1681
2010/09/02,1250.75,19,1675
2010/09/03,1245.8,19.33,1704
2010/09/06,1249.55,19.32,1709.5
2010/09/07,1254.9,19.61,1689
2010/09/08,1254.7,19.82,1688.5
2010/09/09,1243.6,19.9,1659.5
2010/09/10,1245.95,19.75,1682
2010/09/13,1244.95,19.88,1673.49
2010/09/14,1268.35,19.68,1673
2010/09/15,1267.55,19.86,1677.99
2010/09/16,1274.55,20.02,1699.5
2010/09/17,1273.4,20.43,1674
2010/09/20,1276.85,20.56,1688
2010/09/21,1284.95,20.74,1702.49
2010/09/22,1290.85,20.72,1706
2010/09/23,1291.05,20.68,1708.5
2010/09/24,1295.95,20.92,1703
2010/09/27,1294,21.11,1780
2010/09/28,1308.1,21.08,1765.5
2010/09/29,1308.9,21.41,1768.24
2010/09/30,1308.5,21.39,1757
2010/10/01,1317.3,21.7,1736.5
2010/10/04,1314.25,21.86,1751
2010/10/05,1340.25,21.7,1679
2010/10/06,1348.4,22.05,1669.5
2010/10/07,1332.7,21.87,1637.74
2010/10/08,1346.3,22.82,1634.74
2010/10/11,1352.95,23.13,1662.5
2010/10/12,1349.6,22.45,1664.5
2010/10/13,1371.1,23.19,1658.24
2010/10/14,1380.3,23.24,1647.24
2010/10/15,1368.15,23.27,1659
2010/10/18,1369.3,23.98,1655.95
2010/10/19,1334.45,24.59,1645
2010/10/20,1345.35,24.27,1643.5
2010/10/21,1324.5,24.35,1656.49
2010/10/22,1327.2,23.32,1683.24
2010/10/25,1339.45,23.89,1708.24
2010/10/26,1339.4,23.11,1727
2010/10/27,1324.8,23.24,1718.24
2010/10/28,1343.35,23.6,1688.99
2010/10/29,1359.05,23.8,1680.99
2010/11/01,1350.75,23.53,1676
2010/11/02,1357,23.97,1676
2010/11/03,1347.65,24.7,1696.24
2010/11/04,1392.25,24.6,1704.24
2010/11/05,1393.4,24.91,1695.5
2010/11/08,1409.05,24.8,1695.49
2010/11/09,1389.69,26.33,1697
2010/11/10,1403.25,26.7,1706.74
2010/11/11,1408.9,27.67,1719.24
2010/11/12,1368.39,26.84,1721.5
2010/11/15,1358.89,27.21,1716.5
2010/11/16,1340.45,27.69,1712
2010/11/17,1336.85,26.01,1734
2010/11/18,1353.45,25.49,1753.49
2010/11/19,1353,25.47,1756.49
2010/11/22,1365.8,25.6,1744.49
2010/11/23,1376.8,26.91,1767.5
2010/11/24,1374.5,27.32,1766
2010/11/25,1374.12,27.8,1753.49
2010/11/26,1364.05,27.51,1725
2010/11/29,1366.44,27.58,1726.5
2010/11/30,1384.45,27.54,1727.99
2010/12/01,1386.69,26.66,1739.5
2010/12/02,1384.25,27.11,1765
2010/12/03,1414.49,28.06,1800
2010/12/06,1423.05,28.44,1802.24
2010/12/07,1401.39,28.5,1810.5
2010/12/08,1381.7,29.33,1798.85
2010/12/09,1387.26,30.15,1823.84
2010/12/10,1385.65,28.66,1830.49
2010/12/13,1393.15,28.31,1808.74
2010/12/14,1395.85,28.71,1824
2010/12/15,1379.4,28.67,1812.24
2010/12/16,1369.3,29.5,1783.49
2010/12/17,1374.65,29.4,1808.74
2010/12/20,1384.25,28.8,1783
2010/12/21,1385.29,28.84,1791.24
2010/12/22,1384.6,29.13,1788.49
2010/12/23,1379.79,29.32,1822.49
2010/12/24,1384.25,29.3,1831.5
2010/12/27,1383.6,29.2,1835.24
2010/12/28,1405.99,29.29,1839.99
2010/12/29,1410.55,29.21,1834.74
2010/12/30,1404.05,29.26,1855.24
2010/12/31,1419.45,30.21,1850.99
2011/01/03,1413.8,30.55,1823.74
2011/01/04,1380.21,30.43,1801.24
2011/01/05,1376.8,30.86,1827
2011/01/06,1371,30.66,1827.49
2011/01/07,1368.6,29.79,1827.5
2011/01/10,1374.55,29.25,1844
2011/01/11,1381.95,29.06,1829.99
2011/01/12,1386,28.7,1846.45
2011/01/13,1373.55,29.01,1787.24
2011/01/14,1361.35,29.53,1782.5
2011/01/17,1362.4,29.68,1779
2011/01/18,1367.25,28.71,1803
2011/01/19,1369.85,28.44,1804.99
2011/01/20,1345.5,28.26,1837.99
2011/01/21,1342.05,28.82,1845.74
2011/01/24,1334.3,28.76,1822.24
2011/01/25,1333.4,27.52,1839
2011/01/26,1345.49,27.44,1817.74
2011/01/27,1311.11,26.92,1802.49
2011/01/28,1334.79,26.82,1799.24
2011/01/31,1331.81,27.59,1762
2011/02/01,1340.25,26.88,1777.5
2011/02/02,1336.4,27.96,1754.5
2011/02/03,1352.85,28.03,1700
2011/02/04,1348.75,28.49,1690
2011/02/07,1348.75,28.37,1695
2011/02/08,1363.65,28.92,1720
2011/02/09,1362.39,29.12,1742
2011/02/10,1361.48,29.3,1737.24
2011/02/11,1355.75,30.32,1751.81
2011/02/14,1361.65,30.16,1749
2011/02/15,1373.05,30.19,1747.5
2011/02/16,1374.65,29.85,1737.07
2011/02/17,1383.24,30.62,1734.04
2011/02/18,1386.9,30.72,1765
2011/02/21,1405.95,30.67,1766.3
2011/02/22,1397.55,31.74,1765
2011/02/23,1409.95,32.54,1779.45
2011/02/24,1399.75,33.85,1788
2011/02/25,1408.71,33.07,1791
2011/02/28,1411.3,33.49,1781.5
2011/03/01,1433.5,32.02,1810.5
2011/03/02,1434.55,33.32,1780
2011/03/03,1416,33.79,1770.5
2011/03/04,1428.79,34.68,1772
2011/03/07,1432.55,34.62,1790.59
2011/03/08,1428.39,34.21,1788
2011/03/09,1429.1,35.53,1777.5
2011/03/10,1413.05,35.98,1766
2011/03/11,1417,35.99,1798.5
2011/03/14,1426.65,36.07,1811
2011/03/15,1393.95,35.22,1814.99
2011/03/16,1399.3,35.86,1816.5
2011/03/17,1402.4,35.87,1803
2011/03/18,1417.55,34.22,1819.45
2011/03/21,1425.05,34.2,1835.1
2011/03/22,1428.09,34.18,1872.5
2011/03/23,1436.2,35.21,1854.25
2011/03/24,1429.1,36.05,1852.5
2011/03/25,1428.65,36.31,1817.25
2011/03/28,1418.65,37.36,1763.5
2011/03/29,1416.8,37.12,1786.26
2011/03/30,1423.38,37.29,1789.55
2011/03/31,1430,37.1,1793.55
2011/04/01,1427.88,37.07,1770.1
2011/04/04,1436.55,37.44,1762.15
2011/04/05,1450.6,37.6,1763
2011/04/06,1457,37.68,1751.2
2011/04/07,1456.5,38.42,1765.5
2011/04/08,1473.1,39.23,1763.55
2011/04/11,1463,39.43,1762.5
2011/04/12,1453.2,39.57,1768.06
2011/04/13,1457.35,40.84,1748.35
2011/04/14,1472.9,40.17,1762
2011/04/15,1484.5,40.06,1780
2011/04/18,1495.08,40.62,1764.5
2011/04/19,1493.1,42.08,1799.5
2011/04/20,1500.35,42.99,1796.35
2011/04/21,1502.35,43.32,1827.15
2011/04/22,1507.68,43.89,1813.7
2011/04/25,1505.25,45.2,1813.5
2011/04/26,1507,46.56,1811.15
2011/04/27,1526.4,46.67,1804.9
2011/04/28,1534.95,46.9,1828.55
2011/04/29,1563.6,45.49,1819.5
2011/05/02,1544.5,47.76,1836.65
2011/05/03,1535.88,48.41,1825.24
2011/05/04,1515.45,47.95,1791.55
2011/05/05,1471.65,43.89,1792.39
2011/05/06,1494.75,41.64,1769.15
2011/05/09,1512.44,39.34,1752.2
2011/05/10,1515.24,34.67,1749.75
2011/05/11,1499.75,35.6,1726.7
2011/05/12,1502.35,37.78,1743.7
2011/05/13,1494.03,38.45,1746.45
2011/05/16,1489.2,35.06,1694.5
2011/05/17,1484.85,34.6,1677.75
2011/05/18,1495,35.34,1671.55
2011/05/19,1491.6,33.56,1689.2
2011/05/20,1511.55,33.91,1719.7
2011/05/23,1516.7,35.03,1720.15
2011/05/24,1524.4,34.95,1713.7
2011/05/25,1523.95,35.01,1718.55
2011/05/26,1517.99,35.04,1738.16
2011/05/27,1534.65,36.62,1725.5
2011/05/30,1537.95,37.86,1743.09
2011/05/31,1533.35,37.23,1734
2011/06/01,1540.2,38,1721.95
2011/06/02,1531.9,38.05,1729
2011/06/03,1540.5,38.45,1752
2011/06/06,1542,36.79,1760.8
2011/06/07,1543.75,36.15,1760.13
2011/06/08,1535.55,36.2,1769.98
2011/06/09,1542.35,36.74,1762.49
2011/06/10,1529.9,37.09,1772.26
2011/06/13,1514.73,36.78,1781
2011/06/14,1522.1,37.54,1789.65
2011/06/15,1530.2,36.15,1785.2
2011/06/16,1528.35,34.69,1804.24
2011/06/17,1539,35.33,1784.6
2011/06/20,1539.95,35.76,1781.75
2011/06/21,1545.7,35.48,1774
2011/06/22,1545.8,35.8,1788.5
2011/06/23,1518.85,35.99,1790.8
2011/06/24,1500.15,36.3,1776.5
2011/06/27,1495,36.26,1717.8
2011/06/28,1500.5,35.25,1712.35
2011/06/29,1511.55,34.26,1711.9
2011/06/30,1499.6,33.54,1748.6
2011/07/01,1484.5,33.87,1763.25
2011/07/04,1495.54,34.76,1782
2011/07/05,1515.7,34.65,1791
2011/07/06,1527.5,33.81,1803.45
2011/07/07,1530.55,34.08,1813.05
2011/07/08,1542.25,35.43,1835.6
2011/07/11,1553.6,35.85,1836.75
2011/07/12,1565.2,36.39,1870.95
2011/07/13,1581.75,36.63,1903.5
2011/07/14,1586.75,35.75,1859.33
2011/07/15,1592.1,36.11,1802.2
2011/07/18,1603.4,38.14,1817.5
2011/07/19,1587.85,38.11,1827.65
2011/07/20,1600.1,39.23,1818.55
2011/07/21,1587.9,40.51,1850.64
2011/07/22,1597.25,38.96,1839.35
2011/07/25,1614.05,40.08,1843.85
2011/07/26,1618.8,39.28,1877.95
2011/07/27,1613,40,1883.7
2011/07/28,1616.35,40.31,1851.43
2011/07/29,1626.14,40.85,1815.45
2011/08/01,1618.1,40.2,1854.95
2011/08/02,1659.25,39.66,1828.95
2011/08/03,1660.7,39.82,1801.05
2011/08/04,1647.9,39.25,1810.27
2011/08/05,1664.5,40.8,1808.97
2011/08/08,1716.85,41.68,1781.38
2011/08/09,1743.4,38.81,1807
2011/08/10,1794.5,38.32,1771
2011/08/11,1765.9,38.97,1771.7
2011/08/12,1745.99,37.63,1756.45
2011/08/15,1765,39.23,1679.8
2011/08/16,1785,38.66,1606.65
2011/08/17,1788.15,39.02,1555.13
2011/08/18,1823.85,39.84,1558.8
2011/08/19,1851.95,39.86,1525
2011/08/22,1897.1,40.18,1517.25
2011/08/23,1829.65,40.59,1517.95
2011/08/24,1750.55,42.85,1505.5
2011/08/25,1770.59,43.7,1478.46
2011/08/26,1828.05,41.86,1486.35
2011/08/29,1787.1,39.63,1505.75
2011/08/30,1834.44,41.09,1489.17
2011/08/31,1823.3,41.66,1516.5
2011/09/01,1824.55,40.84,1517.03
2011/09/02,1883.7,41.26,1543.55
2011/09/05,1898.99,41.47,1527.73
2011/09/06,1872.9,41.44,1552
2011/09/07,1816.46,43.2,1550.5
2011/09/08,1868.26,42.9,1529.5
2011/09/09,1857.31,41.93,1510.35
2011/09/12,1813.25,41.52,1491.65
2011/09/13,1833.3,42.28,1506.05
2011/09/14,1819.2,41.45,1538.6
2011/09/15,1788.64,40.21,1563.14
2011/09/16,1810.84,41.03,1591.3
2011/09/19,1777.64,40.63,1632.07
2011/09/20,1803.25,39.83,1643
2011/09/21,1781.29,40.58,1597
2011/09/22,1735.33,39.56,1586.5
2011/09/23,1655.29,39.68,1599.5
2011/09/26,1626.85,39.6,1634.3
2011/09/27,1649.45,35.76,1629
2011/09/28,1607.94,31.11,1655
2011/09/29,1614.05,30.66,1656.74
2011/09/30,1623.25,31.83,1626.49
2011/10/03,1660.09,29.86,1617.49
2011/10/04,1623.44,30.58,1641.5
2011/10/05,1640.4,29.89,1641
2011/10/06,1649.68,30.42,1637.75
2011/10/07,1638.59,30.11,1614.74
2011/10/10,1674.94,30.41,1580
2011/10/11,1662.24,31.9,1586.49
2011/10/12,1676.7,31.1,1548.5
2011/10/13,1666.2,32.03,1565.49
2011/10/14,1679.09,32.07,1542.49
2011/10/17,1669.15,32.55,1535.73
2011/10/18,1654.29,31.75,1522.98
2011/10/19,1641.3,32.1,1539.24
2011/10/20,1618.6,31.74,1531.99
2011/10/21,1640.52,32.02,1553.24
2011/10/24,1652.18,30.97,1556.49
2011/10/25,1703.35,30.49,1545.75
2011/10/26,1723.75,31.29,1518.99
2011/10/27,1743.95,31.68,1523
2011/10/28,1742.09,33.15,1521.74
2011/10/31,1713.25,33.35,1489.5
2011/11/01,1718.3,35.05,1512.5
2011/11/02,1735,35.33,1481.25
2011/11/03,1762.65,34.16,1470.99
2011/11/04,1753.29,33.36,1420
2011/11/07,1795.25,34.21,1402.49
2011/11/08,1784.5,34.46,1415.24
2011/11/09,1771.49,34.11,1404
2011/11/10,1758.34,34.87,1426.49
2011/11/11,1788.49,34.93,1424.5
2011/11/14,1780.5,34.05,1417.23
2011/11/15,1780.9,34.06,1420.99
2011/11/16,1761.49,34.66,1424.81
2011/11/17,1718.69,34.26,1429.24
2011/11/18,1722.35,34.53,1378.74
2011/11/21,1680.19,33.63,1366.75
2011/11/22,1698.69,31.66,1393
2011/11/23,1692.44,32.27,1394
2011/11/24,1694.25,31.66,1427.5
2011/11/25,1679.63,32.74,1416.74
2011/11/28,1711.7,31.72,1410.24
2011/11/29,1715.89,31.77,1401
2011/11/30,1745.1,30.96,1421.65
2011/12/01,1744.39,32.04,1459.24
2011/12/02,1744.39,31.93,1488.74
2011/12/05,1720.69,32.81,1493.74
2011/12/06,1727.34,32.74,1489.75
2011/12/07,1741.24,32.53,1492.18
2011/12/08,1708.19,31.96,1518.74
2011/12/09,1710.39,32.78,1522
2011/12/12,1665.44,32.49,1518.24
2011/12/13,1631.49,31.58,1530.75
2011/12/14,1574.3,32.18,1556.15
2011/12/15,1569.99,31.31,1542.24
2011/12/16,1597.49,30.73,1579
2011/12/19,1593.5,28.89,1607.75
2011/12/20,1614.79,29.09,1616.74
2011/12/21,1614.29,29.64,1610.25
2011/12/22,1603.84,28.75,1584.5
2011/12/23,1605.74,29.52,1615.5
2011/12/26,1604.96,29.38,1625.49
2011/12/27,1592.04,29.09,1617.74
2011/12/28,1552.14,29.05,1620.99
2011/12/29,1545.99,29.05,1646.99
2011/12/30,1563.8,28.64,1661.5
2012/01/02,1565.41,27.04,1650.99
2012/01/03,1603.69,27.74,1653.5
2012/01/04,1611.54,27.69,1645.74
2012/01/05,1622.5,27.8,1624.75
2012/01/06,1616.39,29.58,1630.74
2012/01/09,1611,29.16,1620.29
2012/01/10,1630.88,29.27,1620
2012/01/11,1641.3,28.7,1639.82
2012/01/12,1649.69,28.94,1684.5
2012/01/13,1638.49,29.87,1722.75
2012/01/16,1642.9,29.92,1720.5
2012/01/17,1651.29,30.2,1708.74
2012/01/18,1660.75,29.71,1705
2012/01/19,1657.2,29.92,1716.75
2012/01/20,1666.4,30.06,1677.5
2012/01/23,1676.5,30.46,1695.5
2012/01/24,1664.7,30.57,1696
2012/01/25,1711.4,32.08,1659.24
2012/01/26,1720.64,32.3,1608.75
2012/01/27,1738.39,31.93,1626.24
2012/01/30,1729.55,33.27,1654.49
2012/01/31,1739.03,33.43,1680.24
2012/02/01,1742.74,33.86,1688.1
2012/02/02,1759.39,33.45,1681.43
2012/02/03,1724.44,33.12,1670.68
2012/02/06,1719.8,33.7,1679.88
2012/02/07,1746,34.31,1669
2012/02/08,1732.99,33.59,1677.66
2012/02/09,1729.1,33.62,1651.7
2012/02/10,1719.39,34.17,1635
2012/02/13,1721.89,33.95,1618
2012/02/14,1719.6,33.85,1624
2012/02/15,1728.59,33.46,1644.85
2012/02/16,1728.3,33.68,1648
2012/02/17,1721.89,33.55,1631
2012/02/20,1733.5,33.37,1622.95
2012/02/21,1758.75,33.51,1635.23
2012/02/22,1777.15,33.19,1644.33
2012/02/23,1779.6,33.56,1634.85
2012/02/24,1772.89,34.35,1592.55
2012/02/27,1765.82,34.32,1600.95
2012/02/28,1785.29,35.35,1591.35
2012/02/29,1694.7,35.37,1607.1
2012/03/01,1715.94,35.36,1592.75
2012/03/02,1711.89,36.89,1577.1
2012/03/05,1706.3,34.59,1600.5
2012/03/06,1673.6,35.44,1580.5
2012/03/07,1684.34,34.75,1569
2012/03/08,1700.25,33.99,1578
2012/03/09,1712.59,32.88,1572.95
2012/03/12,1700.03,33.35,1572.87
2012/03/13,1674.89,33.86,1576.33
2012/03/14,1642.1,34.18,1554.5
2012/03/15,1657.73,33.57,1540.82
2012/03/16,1660.04,33.39,1546.7
2012/03/19,1662.55,32.1,1563.96
2012/03/20,1648.35,32.5,1568.5
2012/03/21,1649.89,32.53,1563.91
2012/03/22,1642.85,32.85,1566.5
2012/03/23,1661.73,32.09,1556.95
2012/03/26,1689.37,32.16,1530.87
2012/03/27,1679.44,31.53,1521.5
2012/03/28,1661.57,32.18,1523.5
2012/03/29,1660.88,32.81,1505.5
2012/03/30,1668.29,32.54,1494
2012/04/02,1677.25,31.98,1483
2012/04/03,1644.83,32.21,1460
2012/04/04,1619.73,32.22,1432.29
2012/04/05,1630.64,32.27,1428
2012/04/06,1637.99,32.62,1429
2012/04/09,1640.78,31.31,1448
2012/04/10,1659.85,31.66,1450
2012/04/11,1657.45,31.66,1461.95
2012/04/12,1674.98,31.49,1440.5
2012/04/13,1658.39,31.78,1420.18
2012/04/16,1651.6,31.51,1413.45
2012/04/17,1649.29,32.28,1426.96
2012/04/18,1640.07,31.46,1432.05
2012/04/19,1641.6,31.45,1422.65
2012/04/20,1642.09,31.68,1395
2012/04/23,1636.7,31.6,1409.84
2012/04/24,1640.39,31.72,1441.87
2012/04/25,1644.13,31.64,1425.24
2012/04/26,1654.9,30.76,1433.25
2012/04/27,1661.44,30.77,1458
2012/04/30,1663.88,30.7,1436
2012/05/01,1660.1,31.03,1428
2012/05/02,1652.89,31.22,1440
2012/05/03,1635.29,30.95,1450
2012/05/04,1642.42,30.89,1459.01
2012/05/07,1637.15,30.63,1490.01
2012/05/08,1604.39,30.03,1479
2012/05/09,1588.86,30.31,1478.5
2012/05/10,1593.26,30.02,1476.5
2012/05/11,1579.44,29.42,1453.5
2012/05/14,1556.35,29.22,1433.5
2012/05/15,1543.95,29.02,1427.45
2012/05/16,1538.05,28.88,1439.5
2012/05/17,1572,28.12,1422.5
2012/05/18,1591.8,27.7,1405
2012/05/21,1590.65,27.19,1385
2012/05/22,1566.95,27.99,1443
2012/05/23,1560,28.68,1450.5
2012/05/24,1557,28.42,1483.38
2012/05/25,1572.84,28.12,1472.73
2012/05/28,1572.83,27.75,1469
2012/05/29,1555.25,28.26,1438.6
2012/05/30,1561.84,28.48,1438.88
2012/05/31,1558.7,28.4,1418.24
2012/06/01,1625.64,27.78,1424.5
2012/06/04,1616.4,27.85,1411.12
2012/06/05,1616.49,27.65,1426.51
2012/06/06,1619.79,28.64,1412.11
2012/06/07,1588.39,28.19,1412.78
2012/06/08,1593.84,28.48,1400.59
2012/06/11,1596.05,29.39,1413.9
2012/06/12,1609.44,28.55,1410
2012/06/13,1617.74,28.47,1393.35
2012/06/14,1622.92,28.55,1378.25
2012/06/15,1626.26,28.95,1391.65
2012/06/18,1627.79,28.81,1400
2012/06/19,1617.46,28.62,1404.4
2012/06/20,1605.29,28.7,1410.45
2012/06/21,1564.69,28.69,1410.3
2012/06/22,1571.54,28.39,1392.5
2012/06/25,1583.99,28.09,1377
2012/06/26,1571.54,26.86,1397
2012/06/27,1573.69,26.9,1395.4
2012/06/28,1551.29,27.5,1402.6
2012/06/29,1598.2,27.06,1405
2012/07/02,1595.74,26.9,1405.6
2012/07/03,1614.65,26.34,1392.9
2012/07/04,1615.13,27.44,1380.1
2012/07/05,1602.75,27.48,1390.6
2012/07/06,1582.29,28.21,1389.9
2012/07/09,1586.65,28.11,1434.5
2012/07/10,1564.5,27.65,1463.6
2012/07/11,1576.29,27.05,1485.2
2012/07/12,1571.79,27.32,1499.9
2012/07/13,1588.44,26.75,1531
2012/07/16,1588.85,27.1,1538.4
2012/07/17,1581.25,27.19,1541.9
2012/07/18,1572.3,27.28,1537.1
2012/07/19,1580.55,27.25,1511.2
2012/07/20,1582.73,27.25,1510.5
2012/07/23,1575.4,27.16,1501.1
2012/07/24,1579.94,27.24,1532
2012/07/25,1603.88,27.29,1544.5
2012/07/26,1615.59,26.98,1565.4
2012/07/27,1622.78,26.95,1564.8
2012/07/30,1620.49,27.32,1576
2012/07/31,1613.29,27.5,1581.7
2012/08/01,1598.59,27.7,1589.07
2012/08/02,1589.74,28.14,1599.4
2012/08/03,1603.8,27.91,1639.2
2012/08/06,1610.39,27.4,1676.7
2012/08/07,1610.68,27.1,1700.9
2012/08/08,1611.29,27.77,1661
2012/08/09,1617.09,27.86,1617.4
2012/08/10,1619.55,28.07,1636.49
2012/08/13,1609.54,27.99,1621
2012/08/14,1598.04,28.1,1637.5
2012/08/15,1602.88,28.08,1605.3
2012/08/16,1614.3,27.79,1620.5
2012/08/17,1615.3,27.75,1627.9
2012/08/20,1620.09,27.79,1643.2
2012/08/21,1637.89,28.18,1659.95
2012/08/22,1653.39,28.05,1671
2012/08/23,1670.04,28.77,1680.7
2012/08/24,1669.85,29.32,1683.5
2012/08/27,1663.6,29.84,1709.3
2012/08/28,1666.53,30.51,1704.17
2012/08/29,1655.94,30.77,1686.8
2012/08/30,1655.54,30.69,1684
2012/08/31,1690.54,30.84,1669.04
2012/09/03,1691.79,30.68,1674.3
2012/09/04,1694.4,30.4,1642.6
2012/09/05,1693.04,31.69,1635.26
2012/09/06,1701.04,32.09,1638.5
2012/09/07,1736,32.32,1659.2
2012/09/10,1725.19,32.25,1639
2012/09/11,1731.64,32.62,1608
2012/09/12,1731,33.65,1604.5
2012/09/13,1766.29,33.28,1568.49
2012/09/14,1771.98,33.49,1554.5
2012/09/17,1760.95,33.27,1560.3
2012/09/18,1770.34,34.64,1539.1
2012/09/19,1769.19,34.63,1530
2012/09/20,1766.09,34.21,1547.5
2012/09/21,1772.44,34.78,1561.2
2012/09/24,1763.65,34.57,1564.5
2012/09/25,1760.04,34.59,1537.1
2012/09/26,1751.59,34.49,1539.24
2012/09/27,1777.29,33.94,1549.99
2012/09/28,1770.69,33.7,1538.99
2012/10/01,1773.79,33.93,1540.75
2012/10/02,1777.39,34.63,1552.25
2012/10/03,1778.54,34.46,1560.24
2012/10/04,1788.55,34.64,1580.75
2012/10/05,1780.48,34.56,1582.99
2012/10/08,1774.29,34.59,1569.24
2012/10/09,1763.54,34.93,1554.99
2012/10/10,1761.94,34.47,1573.49
2012/10/11,1768.19,33.96,1569.25
2012/10/12,1753.75,33.85,1573.75
2012/10/15,1735.49,33.97,1579.4
2012/10/16,1747.19,33.99,1614.7
2012/10/17,1749.69,33.43,1608.74
2012/10/18,1741.09,32.69,1608.25
2012/10/19,1720.4,32.93,1603.25
2012/10/22,1728.84,33.16,1608.49
2012/10/23,1708.09,32.78,1596.5
2012/10/24,1701.93,32.02,1600.75
2012/10/25,1711.19,32.39,1584.25
2012/10/26,1710.74,31.66,1576
2012/10/29,1709.24,31.66,1592.5
2012/10/30,1708.88,32.07,1604.25
2012/10/31,1720.05,32.05,1618.25
2012/11/01,1714.09,31.76,1633
2012/11/02,1677.35,31.81,1632.75
2012/11/05,1683.99,32.21,1611.49
2012/11/06,1715.34,32.23,1612.74
2012/11/07,1716.31,30.85,1602.49
2012/11/08,1729.99,31.15,1591
2012/11/09,1730.86,31.95,1586.99
2012/11/12,1727.74,31.76,1545.25
2012/11/13,1724.89,32.32,1534.25
2012/11/14,1726.05,32.58,1529.5
2012/11/15,1715.19,32.39,1529.5
2012/11/16,1713.09,32.46,1533.05
2012/11/19,1731.5,32.65,1530.49
2012/11/20,1728.04,32.59,1517.99
2012/11/21,1728.53,32.29,1537.32
2012/11/22,1729.05,33.1,1535
2012/11/23,1752.5,33.15,1560.5
2012/11/26,1748.49,33.33,1558.8
2012/11/27,1741.65,33.28,1557.75
2012/11/28,1719.31,34.1,1551.99
2012/11/29,1724.79,34.11,1573.7
2012/11/30,1714.4,34.02,1591
2012/12/03,1714.85,33.73,1622.8
2012/12/04,1696.74,34.21,1628.75
2012/12/05,1693.41,33.4,1654.25
2012/12/06,1698.62,33.61,1678.25
2012/12/07,1703.04,32.91,1683.25
2012/12/10,1709.85,32.84,1688.99
2012/12/11,1709.7,32.98,1667.25
2012/12/12,1711.55,33.04,1673.49
2012/12/13,1696.69,33.19,1693.38
2012/12/14,1695.03,32.94,1684.25
2012/12/17,1697.42,33.44,1677.99
2012/12/18,1669.54,32.51,1691.49
2012/12/19,1666.56,32.23,1658.99
2012/12/20,1647.14,32.25,1675.24
2012/12/21,1656.61,31.62,1682.24
2012/12/24,1656.99,30.99,1676.25
2012/12/25,1658.29,29.94,1680.49
2012/12/26,1659.76,29.98,1692.74
2012/12/27,1663.29,29.88,1705.99
2012/12/28,1654.9,29.86,1732.74
2012/12/31,1674.34,29.97,1715.74
2013/01/01,1674.54,30.16,1713
2013/01/02,1686.35,30,1685.99
2013/01/03,1662.95,30.31,1713.49
2013/01/04,1656.24,30.28,1717.99
2013/01/07,1646.64,30.97,1707.49
2013/01/08,1658.6,30.13,1677.5
2013/01/09,1657.29,30.21,1692
2013/01/10,1674.64,30.12,1687.75
2013/01/11,1662.44,30.34,1644.25
2013/01/14,1666.8,30.33,1610.74
2013/01/15,1678.5,30.82,1605.24
2013/01/16,1678.89,30.43,1604.5
2013/01/17,1687.26,31.01,1618.49
2013/01/18,1683.34,31.35,1595.92
2013/01/21,1689.55,31.42,1579.99
2013/01/22,1691.6,31.72,1569.74
2013/01/23,1685.14,31.84,1564.93
2013/01/24,1667.36,31.99,1585.75
2013/01/25,1658.31,32.19,1584.25
2013/01/28,1654.34,32.24,1591.24
2013/01/29,1663.45,31.63,1599.99
2013/01/30,1676.7,31.14,1593.4
2013/01/31,1662.99,30.84,1595
2013/02/01,1666.54,31.38,1588.5
2013/02/04,1674,32.02,1586.5
2013/02/05,1672.6,31.41,1588
2013/02/06,1677.11,31.8,1576.75
2013/02/07,1670.69,31.72,1553.5
2013/02/08,1666.89,31.78,1574.5
2013/02/11,1649.36,31.81,1577.37
2013/02/12,1650.4,31.44,1579.5
2013/02/13,1642.36,31.39,1578
2013/02/14,1634.46,30.99,1574.5
2013/02/15,1609.06,31.08,1578.96
2013/02/18,1609.55,30.75,1565.5
2013/02/19,1604.21,30.37,1590.59
2013/02/20,1562.29,29.75,1569.5
2013/02/21,1575.66,29.94,1531.5
2013/02/22,1580.3,29.42,1520
2013/02/25,1593.86,28.53,1531
2013/02/26,1613.11,28.64,1532
2013/02/27,1597.21,28.69,1547
2013/02/28,1579.76,29.01,1523
2013/03/01,1574.86,29.36,1532
2013/03/04,1573.34,28.99,1485
2013/03/05,1575.06,28.51,1401.5
2013/03/06,1583.31,28.55,1443.5
2013/03/07,1578.4,28.55,1421
2013/03/08,1577.74,28.66,1422.5
2013/03/11,1580.39,29.01,1422
2013/03/12,1592.09,28.87,1428.5
2013/03/13,1587.29,28.96,1413.37
2013/03/14,1589.8,28.95,1426
2013/03/15,1591.84,29.1,1466.5
2013/03/18,1604.8,28.87,1473
2013/03/19,1612.79,28.78,1506
2013/03/20,1605.89,28.73,1503.5
2013/03/21,1614.09,28.84,1471
2013/03/22,1607.95,28.87,1494
2013/03/25,1604.9,28.76,1496
2013/03/26,1598.59,29.13,1502.5
2013/03/27,1604.79,28.67,1477.5
2013/03/28,1596.17,28.81,1500
2013/04/01,1598.4,28.71,1502
2013/04/02,1575.24,28.63,1490.5
2013/04/03,1557.35,28.32,1476
2013/04/04,1552.71,28.01,1496.5
2013/04/05,1581.5,27.2,1486
2013/04/08,1573.09,26.92,1479
2013/04/09,1584.7,26.89,1450
2013/04/10,1558.14,27.3,1487.5
2013/04/11,1560.74,27.25,1457
2013/04/12,1478.35,27.93,1465.5
2013/04/15,1352.75,27.61,1458.61
2013/04/16,1367.79,27.6,1450
2013/04/17,1376.5,25.85,1447.5
2013/04/18,1390.75,22.58,1457.5
2013/04/19,1403.85,23.37,1452.5
2013/04/22,1425.14,23.27,1481.5
2013/04/23,1412.24,23.24,1458
2013/04/24,1430.8,23.17,1493
2013/04/25,1466.99,23.38,1488
2013/04/26,1462.5,22.9,1510
2013/04/29,1475.79,23.09,1526.5
2013/04/30,1476.6,24.33,1498.5
2013/05/01,1456.74,23.98,1502.5
2013/05/02,1466.24,24.51,1479.5
2013/05/03,1470.2,24.28,1478.5
2013/05/06,1468.89,23.53,1450.5
2013/05/07,1451.99,23.8,1445
2013/05/08,1472.19,24.07,1430
2013/05/09,1457.7,23.98,1440
2013/05/10,1447.7,23.89,1410
2013/05/13,1430.05,23.89,1356.5
2013/05/14,1425.39,23.65,1375.5
2013/05/15,1392.29,23.82,1328.5
2013/05/16,1385.69,23.6,1350
2013/05/17,1358.7,23.36,1301.5
2013/05/20,1393.65,22.57,1313.5
2013/05/21,1375.44,22.65,1338.67
2013/05/22,1368.54,22.23,1374.5
2013/05/23,1390.7,22.92,1363.54
2013/05/24,1385.55,22.38,1337
2013/05/27,1394.28,22.19,1338.5
2013/05/28,1379.85,22.56,1323.5
2013/05/29,1392.45,22.38,1358
2013/05/30,1413.25,22.63,1363.5
2013/05/31,1386.4,22.22,1372
2013/06/03,1411.1,22.46,1404.5
2013/06/04,1399.04,22.73,1401.5
2013/06/05,1402.8,22.21,1422
2013/06/06,1413.15,22.71,1423.5
2013/06/07,1383.89,22.45,1405
2013/06/10,1386.4,22.52,1412.5
2013/06/11,1378.99,22.59,1423.5
2013/06/12,1387.79,21.64,1440.5
2013/06/13,1385.44,21.91,1447.5
2013/06/14,1390.2,21.61,1442.92
2013/06/17,1384.35,21.86,1446
2013/06/18,1367.79,21.8,1425
2013/06/19,1350.69,22.04,1439.5
2013/06/20,1277.39,21.84,1434.5
2013/06/21,1296.75,21.64,1434
2013/06/24,1281.29,21.31,1436.5
2013/06/25,1276.74,19.56,1444.75
2013/06/26,1225.24,20.08,1446.5
2013/06/27,1199.79,19.65,1424.5
2013/06/28,1233.14,19.58,1435.71
2013/07/01,1252.8,18.51,1487
2013/07/02,1241.39,18.45,1499.5
2013/07/03,1251.19,19.61,1493
2013/07/04,1249.19,19.56,1497.5
2013/07/05,1223.31,19.32,1496.8
2013/07/08,1235.89,19.69,1523
2013/07/09,1248.84,19.51,1523.5
2013/07/10,1263.64,18.81,1502.3
2013/07/11,1284.69,19.04,1512.6
2013/07/12,1284.29,19.23,1506.4
2013/07/15,1281.99,19.33,1536.5
2013/07/16,1291.99,20.1,1533.2
2013/07/17,1275.39,19.86,1539.85
2013/07/18,1284.49,19.89,1518.8
2013/07/19,1295.74,19.98,1530.6
2013/07/22,1335.04,19.25,1513.7
2013/07/23,1347.49,19.34,1515.5
2013/07/24,1320.69,19.46,1514.2
2013/07/25,1333.04,20.52,1529
2013/07/26,1333.29,20.45,1491.5
2013/07/29,1326.99,20.14,1479
2013/07/30,1326.69,20.21,1489.5
2013/07/31,1322.49,19.95,1479.6
2013/08/01,1308.84,19.81,1467.6
2013/08/02,1311.5,19.71,1465.6
2013/08/05,1303.34,19.8,1427.7
2013/08/06,1281.29,19.58,1449.5
2013/08/07,1287.14,19.9,1433.6
2013/08/08,1311.39,19.69,1417.8
2013/08/09,1314,19.48,1462.5
2013/08/12,1335.79,19.56,1458.8
2013/08/13,1320.69,20.2,1428
2013/08/14,1334.59,20.53,1415.6
2013/08/15,1365.55,21.35,1418.3
2013/08/16,1375.79,21.41,1426.2
2013/08/19,1365.48,21.82,1404.73
2013/08/20,1370.67,22.96,1413.1
2013/08/21,1365.74,23.2,1398.8
2013/08/22,1375.24,23.12,1374.6
2013/08/23,1396.35,22.99,1388.5
2013/08/26,1404.4,22.84,1362.3
2013/08/27,1416.04,23.11,1380.6
2013/08/28,1417.64,23.95,1392.3
2013/08/29,1407.64,24.27,1395.6
2013/08/30,1395.69,24.47,1372.8
2013/09/02,1394.29,24.34,1380
2013/09/03,1412.04,23.83,1363.7
2013/09/04,1390.84,23.46,1377.5
2013/09/05,1366.99,24.13,1377
2013/09/06,1390.87,24.17,1387.9
2013/09/09,1386.19,23.44,1429.9
2013/09/10,1363.59,23.15,1431.1
2013/09/11,1366.14,23.82,1432.8
2013/09/12,1320.19,23.66,1444.1
2013/09/13,1326.26,22.94,1430.3
2013/09/16,1313.39,23.16,1445.1
2013/09/17,1309.04,21.74,1446.8
2013/09/18,1364.54,22.2,1470
2013/09/19,1364.39,21.7,1460
2013/09/20,1324.99,21.68,1470
2013/09/23,1321.54,22.87,1448.5
2013/09/24,1322.59,23.03,1449.5
2013/09/25,1332.99,21.79,1449.74
2013/09/26,1323.09,21.6,1447.74
2013/09/27,1335.71,21.68,1461.99
2013/09/30,1326.94,21.75,1448.75
2013/10/01,1285.99,21.67,1441.24
2013/10/02,1314.64,21.73,1428.24
2013/10/03,1316.69,21.64,1429.75
2013/10/04,1310.79,21.11,1430.74
2013/10/07,1321.29,21.71,1443.24
2013/10/08,1318.3,21.58,1437.49
2013/10/09,1306.59,21.7,1406.93
2013/10/10,1285.57,22.31,1411.8
2013/10/11,1272.62,22.25,1389.24
2013/10/14,1272.79,21.87,1384.9
2013/10/15,1280.19,21.62,1377.8
2013/10/16,1280.99,21.19,1384.24
2013/10/17,1319.09,21.25,1368.1
2013/10/18,1315.75,21.25,1350.25
2013/10/21,1315.14,21.34,1355.4
2013/10/22,1340.04,21.84,1357.2
2013/10/23,1331.74,21.88,1337.75
2013/10/24,1346.54,22.19,1354.25
2013/10/25,1351.74,22.63,1368.5
2013/10/28,1351.59,22.49,1357.99
2013/10/29,1343.69,22.66,1353.25
2013/10/30,1342.19,22.52,1371.74
2013/10/31,1323.19,22.47,1384.75
2013/11/01,1314.74,22.52,1379.75
2013/11/04,1314.36,22.64,1358.75
2013/11/05,1310.99,21.85,1361.49
2013/11/06,1317.79,21.81,1357.75
2013/11/07,1307.55,21.62,1345.73
2013/11/08,1287.8,21.68,1331
2013/11/11,1282.82,21.8,1315
2013/11/12,1267.61,21.63,1327.4
2013/11/13,1278.61,21.46,1323
2013/11/14,1287.01,21.33,1329
2013/11/15,1289.66,20.7,1329.7
2013/11/18,1273.74,20.56,1354.74
2013/11/19,1274.64,20.74,1371.5
2013/11/20,1242.59,20.76,1355.5
2013/11/21,1242.35,20.37,1367.5
2013/11/22,1242.99,20.32,1370.5
2013/11/25,1252.21,19.82,1400.5
2013/11/26,1242.9,19.92,1408.74
2013/11/27,1236.79,19.86,1412.75
2013/11/28,1243.54,20.3,1410.75
2013/11/29,1251.99,19.83,1413.5
2013/12/02,1219.66,19.64,1413.25
2013/12/03,1223.51,19.69,1433.5
2013/12/04,1243.21,19.95,1439.99
2013/12/05,1224.42,19.13,1426.25
2013/12/06,1228.24,19.12,1423.75
2013/12/09,1240.56,19.67,1425.25
2013/12/10,1260.25,19.33,1448
2013/12/11,1251.35,19.46,1461.9
2013/12/12,1223.6,19.84,1448.75
2013/12/13,1237.8,20.35,1452.25
2013/12/16,1240.08,20.27,1452
2013/12/17,1229.6,19.45,1423.25
2013/12/18,1217.62,19.65,1407
2013/12/19,1189.6,19.94,1405
2013/12/20,1202.64,19.87,1408
2013/12/23,1198.61,19.72,1377.75
2013/12/24,1203.39,19.24,1374.75
2013/12/25,1204.4,19.37,1379.25
2013/12/26,1210.3,19.43,1371.25
2013/12/27,1212.81,19.36,1375.75
2013/12/30,1196,19.5,1371.25
2013/12/31,1204.94,19.72,1379.25
2014/01/01,1205.29,20.03,1381.25
2014/01/02,1224.51,19.55,1380.9
2014/01/03,1236.16,19.41,1402
2014/01/06,1237.59,19.33,1411.75
2014/01/07,1231.49,20,1424.25
2014/01/08,1225.71,20.12,1424.5
2014/01/09,1227.49,20.15,1419.75
2014/01/10,1246.7,19.86,1413.25
2014/01/13,1253.06,19.51,1410.2
2014/01/14,1244.71,19.54,1420.2
2014/01/15,1241.36,20.11,1431.4
2014/01/16,1242.1,20.35,1432.9
2014/01/17,1253.33,20.21,1425.99
2014/01/20,1253.19,20.14,1447.07
2014/01/21,1241.11,20.05,1440.5
2014/01/22,1236.05,20.26,1454.5
2014/01/23,1263.95,20.26,1455.6
2014/01/24,1268.64,19.85,1474.24
2014/01/27,1256.6,19.73,1477.6
2014/01/28,1256.09,19.99,1477.75
2014/01/29,1267.79,19.86,1473.5
2014/01/30,1243.25,19.7,1457.8
2014/01/31,1243.19,19.56,1465.8
2014/02/03,1257.2,19.74,1471.5
2014/02/04,1254.52,19.13,1461.8
2014/02/05,1257.54,19.1,1459
2014/02/06,1257.26,19.33,1450.5
2014/02/07,1266.58,19.45,1439.6
2014/02/10,1274.29,19.87,1426
2014/02/11,1291.46,19.92,1431.25
2014/02/12,1290.64,19.98,1422.5
2014/02/13,1302.3,20.03,1412.4
2014/02/14,1318.5,20.23,1401.5
2014/02/17,1328.49,20.23,1391.8
2014/02/18,1320.99,20.45,1403.5
2014/02/19,1311.32,21.46,1409.2
2014/02/20,1322.51,21.64,1415.9
2014/02/21,1323.01,21.88,1432
2014/02/24,1336.6,21.52,1435.8
2014/02/25,1340.14,21.8,1443.5
2014/02/26,1330.7,21.81,1421
2014/02/27,1331.06,21.96,1433.8
2014/02/28,1325.79,21.82,1434.9
2014/03/03,1350.29,21.21,1449.4
2014/03/04,1334.5,21.26,1450.1
2014/03/05,1337.01,21.19,1459.9
2014/03/06,1350.74,21.41,1434.9
2014/03/07,1339.85,21.14,1432.05
2014/03/10,1338.54,21.16,1404.8
2014/03/11,1349.34,21.44,1404.8
2014/03/12,1366.58,20.89,1393.1
2014/03/13,1369.99,20.8,1392.3
2014/03/14,1381.74,20.82,1396.6
2014/03/17,1366.34,21.24,1406.15
2014/03/18,1355.64,21.13,1415.2
2014/03/19,1330.84,21.44,1417
2014/03/20,1327.89,21.13,1425.3
2014/03/21,1333.94,20.77,1422
2014/03/24,1309.12,20.55,1417.6
2014/03/25,1310.44,20.22,1431.5
2014/03/26,1303.49,20.26,1444.25
2014/03/27,1290.64,19.89,1452.2
2014/03/28,1293.5,19.92,1428.6
2014/03/31,1283.64,19.68,1432.4
2014/04/01,1279,19.66,1421.8
2014/04/02,1289.19,19.77,1432.05
2014/04/03,1287,19.71,1447.1
2014/04/04,1302.12,19.7,1474.5
2014/04/07,1296.04,19.94,1463
2014/04/08,1308.22,19.79,1457.3
2014/04/09,1311.4,19.89,1464
2014/04/10,1318.42,19.82,1461.1
2014/04/11,1317.97,19.99,1465
2014/04/14,1326.1,19.85,1485
2014/04/15,1302.04,20,1465.8
2014/04/16,1302.4,19.95,1471.5
2014/04/17,1294.35,19.92,1457
2014/04/18,1293.65,19.57,1448.2
2014/04/21,1289.54,19.6,1452.6
2014/04/22,1283,19.59,1444.7
2014/04/23,1283.29,19.59,1429.45
2014/04/24,1293.24,19.39,1422.7
2014/04/25,1302.84,19.36,1431.2
2014/04/28,1295.6,19.4,1437.2
2014/04/29,1295.98,19.6,1443.1
2014/04/30,1291.29,19.61,1443.9
2014/05/01,1283.49,19.56,1473.4
2014/05/02,1299.82,19.47,1476.35
2014/05/05,1309.5,19.11,1434.5
2014/05/06,1307.04,19,1424.3
2014/05/07,1288.94,19.46,1429.5
2014/05/08,1289,19.53,1432.5
2014/05/09,1288.83,19.52,1443.9
2014/05/12,1295.3,19.3,1466.95
2014/05/13,1292.74,19.13,1453.75
2014/05/14,1305,19.1,1451
2014/05/15,1296,19.5,1463.8
2014/05/16,1293.09,19.48,1464.4
2014/05/19,1291.6,19.72,1462.8
2014/05/20,1293.8,19.46,1472.2
2014/05/21,1291.4,19.26,1480.65
2014/05/22,1293.5,19.32,1502.9
2014/05/23,1292.61,19.36,1501.5
2014/05/26,1292.74,19.38,1494
2014/05/27,1263.39,19.46,1489
2014/05/28,1258.14,19.4,1491
2014/05/29,1255.6,19.4,1486.9
2014/05/30,1250.69,19.05,1496.7
2014/06/02,1244,19.02,1508.5
2014/06/03,1244.2,18.96,1506.8
2014/06/04,1242.8,18.68,1487.15
2014/06/05,1253.29,18.71,1476.25
2014/06/06,1252.23,18.76,1477.9
2014/06/09,1251.58,18.76,1492.7
2014/06/10,1260.49,19,1486.5
2014/06/11,1260.24,18.97,1481.6
2014/06/12,1272.86,19.02,1479.8
2014/06/13,1276.5,19.12,1477.5
2014/06/16,1271.29,19.14,1462.5
2014/06/17,1271.19,19.49,1469.9
2014/06/18,1277.5,19.62,1479.7
2014/06/19,1319.7,19.6,1472.5
2014/06/20,1314.32,19.69,1472.5
2014/06/23,1317.79,19.86,1454.4
2014/06/24,1317.6,20.7,1454.8
2014/06/25,1319,20.85,1452.5
2014/06/26,1317.6,20.83,1448
2014/06/27,1315.04,20.87,1454
2014/06/30,1327.19,20.98,1471.6
2014/07/01,1325.44,21.05,1472.4
2014/07/02,1327.14,21.01,1465.5
2014/07/03,1319.49,20.97,1461.7
2014/07/04,1320.05,21.01,1459.9
2014/07/07,1319.89,21.09,1457.3
2014/07/08,1318.6,21.09,1452
2014/07/09,1325.6,21.13,1439.5
2014/07/10,1334.9,21.04,1432
2014/07/11,1337.84,21,1422.5
2014/07/14,1306.84,21.05,1412.4
2014/07/15,1294.1,21.39,1416.5
2014/07/16,1298.87,21.39,1411.1
2014/07/17,1317.3,20.88,1410.6
2014/07/18,1310.59,20.65,1410.5
2014/07/21,1311.59,20.67,1420
2014/07/22,1307,21.06,1419.5
2014/07/23,1303.84,20.8,1416.7
2014/07/24,1293,20.89,1401.8
2014/07/25,1307.79,20.88,1401.6
2014/07/28,1303.99,20.87,1404
2014/07/29,1298.1,20.31,1400.5
2014/07/30,1294.7,20.67,1391.4
2014/07/31,1282.09,20.58,1379.5
2014/08/01,1293.6,20.52,1378.75
2014/08/04,1288.04,20.59,1364.3
2014/08/05,1287.74,20.35,1360.3
2014/08/06,1305.99,20.28,1360.3
2014/08/07,1313.2,20.16,1360.2
2014/08/08,1309.34,19.69,1343.4
2014/08/11,1307.84,20.01,1343.4
2014/08/12,1308.34,19.91,1333.25
2014/08/13,1312.36,19.91,1318.7
2014/08/14,1312.74,20.01,1324.4
2014/08/15,1304.39,19.85,1313.9
2014/08/18,1297.19,19.82,1305.75
2014/08/19,1295.29,19.79,1297
2014/08/20,1291.94,19.59,1300.2
2014/08/21,1276.99,19.63,1293.1
2014/08/22,1280.83,19.43,1274.3
2014/08/25,1276.34,19.45,1259.6
2014/08/26,1280.64,19.41,1215.8
2014/08/27,1282.45,19.4,1239.5
2014/08/28,1289.74,19.34,1251.6
2014/08/29,1287.07,19.34,1273.7
2014/09/01,1287.04,19.42,1263.6
2014/09/02,1265.4,19.55,1250.5
2014/09/03,1268.57,19.43,1259.8
2014/09/04,1260.84,19.45,1259.3
2014/09/05,1268.59,19.1,1254.3
2014/09/08,1255.44,19.13,1237.4
2014/09/09,1255.94,19,1253.3
2014/09/10,1248.4,19.14,1258.8
2014/09/11,1240.49,18.98,1276
2014/09/12,1228.13,19.03,1258
2014/09/15,1232.74,18.9,1248.6
2014/09/16,1234.94,18.64,1240.3
2014/09/17,1222.99,18.57,1248
2014/09/18,1225.19,18.57,1262.2
2014/09/19,1216.19,18.7,1253.8
2014/09/22,1214.69,18.47,1237.7
2014/09/23,1222.69,18.47,1228.5
2014/09/24,1216.69,17.76,1233.5
2014/09/25,1222.44,17.7,1216.2
2014/09/26,1219.01,17.74,1203.75
2014/09/29,1215.69,17.65,1187.3
2014/09/30,1208.74,17.46,1209.4
2014/10/01,1213.39,17.61,1192
2014/10/02,1213.3,17.46,1202.8
2014/10/03,1190.7,16.94,1198.74
2014/10/06,1206.65,17.14,1191.71
2014/10/07,1208.74,17.05,1211.15
2014/10/08,1221.2,16.8,1193.9
2014/10/09,1223.75,17.29,1201.25
2014/10/10,1222.98,17.14,1183.5
2014/10/13,1236.8,17.34,1208.99
2014/10/14,1232.35,17.3,1223
2014/10/15,1240.57,17.34,1198.1
2014/10/16,1238.7,17.45,1216.5
2014/10/17,1237.69,17.42,1223.05
2014/10/20,1246.1,17.4,1212
2014/10/21,1249.14,17.32,1196.5
2014/10/22,1240.55,17.23,1237.6
2014/10/23,1231.89,17.38,1211.5
2014/10/24,1230.96,17.5,1217.9
2014/10/27,1225.14,17.07,1229.9
2014/10/28,1227.7,17.15,1214.8
2014/10/29,1211.54,17.13,1232
2014/10/30,1198.64,17.08,1245.3
2014/10/31,1173.92,17.15,1234.1
2014/11/03,1164.88,17.04,1238.3
2014/11/04,1167.9,16.42,1224.5
2014/11/05,1141.1,16.14,1204.5
2014/11/06,1140.9,16.11,1188.9
2014/11/07,1176.25,15.99,1186.5
2014/11/10,1150.13,15.33,1194.6
2014/11/11,1164.4,15.37,1193.98
2014/11/12,1160.45,15.72,1177.74
2014/11/13,1161.58,15.57,1185.8
2014/11/14,1187.85,15.68,1182.6
2014/11/17,1186.24,15.63,1187.2
2014/11/18,1197.25,15.6,1211.25
2014/11/19,1182.83,16.26,1192.7
2014/11/20,1193.44,16.1,1213.25
2014/11/21,1201.09,16.16,1199.9
2014/11/24,1197.1,16.1,1202.5
2014/11/25,1200.69,16.22,1197.75
2014/11/26,1197.59,16.39,1205.1
2014/11/27,1191.25,16.43,1213.4
2014/11/28,1167.04,16.65,1213.5
2014/12/01,1210.43,16.47,1214.49
2014/12/02,1198.56,16.21,1224.6
2014/12/03,1209.19,15.41,1237.74
2014/12/04,1205.32,16.42,1235
2014/12/05,1191.64,16.43,1229
2014/12/08,1202.8,16.39,1253.99
2014/12/09,1230.39,16.41,1263.74
2014/12/10,1226.7,16.25,1257.8
2014/12/11,1227.55,16.33,1274.4
2014/12/12,1222.21,17.04,1268.5
2014/12/15,1192.21,17.05,1277.8
2014/12/16,1196.21,17.08,1261.6
2014/12/17,1188.2,16.98,1247.5
2014/12/18,1197.65,16.12,1258.75
2014/12/19,1195.35,15.67,1253
2014/12/22,1174.66,15.69,1220.05
2014/12/23,1175.2,15.85,1235.25
2014/12/24,1173.3,16.03,1223
2014/12/26,1194.65,15.62,1230
2014/12/29,1182.71,15.67,1236
2014/12/30,1199.86,15.68,1251.05
2014/12/31,1183.55,15.7,1220.35
2015/01/01,1181.6,16.01,1213
2015/01/02,1188.68,15.75,1205.25
2015/01/05,1203.7,16.26,1190.6
2015/01/06,1218.45,15.66,1194.15
2015/01/07,1210.05,15.64,1203.98
2015/01/08,1208.63,15.73,1204.45
2015/01/09,1222.65,16.14,1171.25
2015/01/12,1233.26,16.51,1169.98
2015/01/13,1230.36,16.48,1165.95
2015/01/14,1229.55,16.31,1161.98
2015/01/15,1261.16,16.49,1161.05
2015/01/16,1279.81,16.53,1158.5
2015/01/19,1276.7,17,1167.98
2015/01/20,1293.56,16.83,1172.9
2015/01/21,1293.06,16.88,1183.75
2015/01/22,1301.23,17.74,1184.5
2015/01/23,1294.15,17.65,1181.74
2015/01/26,1280.86,17.93,1176.95
2015/01/27,1292.08,18.11,1174.5
2015/01/28,1284.35,18.29,1160.15
2015/01/29,1256.5,18.25,1143.25
2015/01/30,1282.8,17.87,1127.9
2015/02/02,1274.69,18.02,1116.4
2015/02/03,1259.71,17.95,1111.34
2015/02/04,1269.65,16.92,1112.5
2015/02/05,1264.4,17.22,1104.5
2015/02/06,1233.22,17.2,1092.83
2015/02/09,1238.93,17.28,1113.84
2015/02/10,1233.8,17.36,1123.4
2015/02/11,1218.66,17.25,1134
2015/02/12,1222.2,16.69,1144
2015/02/13,1229.2,16.98,1136.9
2015/02/16,1231.1,16.9,1146.4
2015/02/17,1209,16.76,1153.4
2015/02/18,1212.61,16.82,1135.5
2015/02/19,1207.05,17.29,1115.55
2015/02/20,1201.91,17.2,1138.85
2015/02/23,1201.42,16.49,1158
2015/02/24,1199.51,16.48,1149.5
2015/02/25,1204.4,16.36,1155
2015/02/26,1208.3,16.23,1174
2015/02/27,1212.55,16.29,1170.98
2015/03/02,1206.7,16.21,1163.98
2015/03/03,1203.31,16.55,1154.5
2015/03/04,1199.45,16.52,1169.75
2015/03/05,1198.2,16.6,1149.25
2015/03/06,1166.72,16.35,1150.85
2015/03/09,1166.55,16.23,1157
2015/03/10,1161.18,16.19,1156.35
2015/03/11,1154.05,16.16,1164.55
2015/03/12,1153.3,15.86,1144.5
2015/03/13,1158.73,15.72,1147.5
2015/03/16,1153.84,15.61,1129.35
2015/03/17,1148.55,15.46,1132.35
2015/03/18,1166.75,15.57,1122.3
2015/03/19,1170.9,15.63,1148
2015/03/20,1182.18,15.61,1153.05
2015/03/23,1188.7,15.51,1152
2015/03/24,1192.73,15.9,1135.5
2015/03/25,1195.25,16.1,1126.5
2015/03/26,1203.98,16.73,1145
2015/03/27,1198.8,16.92,1142.5
2015/03/30,1185.7,16.88,1142
2015/03/31,1183.1,16.93,1128.5
2015/04/01,1204,17.07,1139.75
2015/04/02,1201.84,16.95,1121.71
2015/04/03,1210.15,16.66,1132
2015/04/06,1214.3,16.62,1148
2015/04/07,1208.2,16.89,1158.55
2015/04/08,1202.4,16.71,1162.78
2015/04/09,1194.46,17,1169.5
2015/04/10,1207.65,16.97,1152.95
2015/04/13,1198.27,16.81,1154.5
2015/04/14,1193.08,16.45,1152
2015/04/15,1201.3,16.11,1145.85
2015/04/16,1197.15,16.43,1147.5
2015/04/17,1204.15,16.31,1123
2015/04/20,1196.1,16.11,1116.98
2015/04/21,1202.28,16.29,1113.5
2015/04/22,1186.9,16.25,1108
2015/04/23,1193.6,16.22,1099.5
2015/04/24,1178.87,15.9,1108.25
2015/04/27,1201.55,15.98,1104.25
2015/04/28,1211.6,15.77,1095.25
2015/04/29,1204.3,15.87,1091.5
2015/04/30,1183.85,15.69,1100.5
2015/05/01,1178.1,16.37,1102.5
2015/05/04,1187.8,16.59,1110.45
2015/05/05,1192.83,16.59,1105.5
2015/05/06,1191.3,16.12,1094.65
2015/05/07,1184.3,16.14,1086.8
2015/05/08,1187.65,16.39,1078.25
2015/05/11,1183.7,16.53,1079
2015/05/12,1193.1,16.5,1081
2015/05/13,1215.23,16.31,1083
2015/05/14,1221.12,16.43,1056
2015/05/15,1223.1,16.29,1064.95
2015/05/18,1225.24,16.55,1071
2015/05/19,1207.34,17.13,1084.1899
2015/05/20,1209.17,17.43,1074.95
2015/05/21,1205.95,17.5,1077.45
2015/05/22,1205.88,17.67,1075.5
2015/05/25,1206.8,17.04,1080
2015/05/26,1186.55,17.08,1080.95
2015/05/27,1187.4,17.13,1079.85
2015/05/28,1187.7,17.11,1061.5
2015/05/29,1189.75,17.12,1036.25
2015/06/01,1188.65,16.71,1029.5
2015/06/02,1193.34,16.67,1019.74
2015/06/03,1184.75,16.67,1028.5
2015/06/04,1176.05,16.695,1032
2015/06/05,1171.25,16.7,1023.25
2015/06/08,1173.45,16.75,1020
2015/06/09,1176.2,16.52,1005
2015/06/10,1185.98,16.06,992
2015/06/11,1181.8,16.06,976.5
2015/06/12,1180.3,15.9125,977.5
2015/06/15,1185.9,15.94,979
2015/06/16,1181.45,15.975,976
2015/06/17,1185.05,16.03,982.5
2015/06/18,1200.92,15.92,979.25
2015/06/19,1199.76,16.09,981.5
2015/06/22,1184.7,16.01,982.74
2015/06/23,1177.94,16.1,986.5
2015/06/24,1174.8,16.16,981.5
2015/06/25,1172.83,16.07,956
2015/06/26,1174.58,16.1,951.5
2015/06/29,1179.95,15.76,947.5
2015/06/30,1172.2,15.93,950.5
2015/07/01,1168.5,15.84,959.5
2015/07/02,1165.75,15.76,984.5
2015/07/03,1167.44,15.75,984.1
2015/07/06,1169.65,15.74,996.65
2015/07/07,1155.15,15.53,991.95
2015/07/08,1157.85,15.69,989
2015/07/09,1159.15,15.67,993.65
2015/07/10,1163.56,15.73,990.5
2015/07/13,1157.6,15.04,1011.5
2015/07/14,1155.03,15.13,1029
2015/07/15,1149.25,15.37,1018.5
2015/07/16,1144.65,15.59,988
2015/07/17,1133.6,15.5,975
2015/07/20,1096.55,15.34,977
2015/07/21,1101.01,15.09,1001
2015/07/22,1092.95,14.97,1016
2015/07/23,1090.4,14.86,1006.5
2015/07/24,1098.35,14.65,1000.5
2015/07/27,1094.02,14.83,1012.5
2015/07/28,1094.95,14.78,1001
2015/07/29,1096.31,14.65,989
2015/07/30,1087.49,14.64,983.5
2015/07/31,1095.4,14.54,1002.85
2015/08/03,1085.75,14.67,981
2015/08/04,1087,14.7367,978
2015/08/05,1084.65,14.65,964.5
2015/08/06,1089.01,14.77,952.5
2015/08/07,1093.8,14.48,957
2015/08/10,1104.11,14.58,968.24
2015/08/11,1108.61,14.56,980.6
2015/08/12,1124.9,14.575,978.5
2015/08/13,1114.65,14.835,966
2015/08/14,1113.7,15.21,934
2015/08/17,1117.26,15.275,929.5
2015/08/18,1117.61,15.485,952.5
2015/08/19,1134.06,15.415,943.49
2015/08/20,1152.76,15.205,916
2015/08/21,1160.65,15.31,913.75
2015/08/24,1154.65,14.86,904.25
2015/08/25,1140.25,15.29,900
2015/08/26,1125.15,15.55,905
2015/08/27,1125.31,15.3,912.25
2015/08/28,1133.56,14.78,933.45
2015/08/31,1134.1,14.69,940.75
2015/09/01,1139.7,14.11,943.75
2015/09/02,1133.65,14.48,978.5
2015/09/03,1124.85,14.59,993
2015/09/04,1122.6,14.6,987
2015/09/07,1119.1,14.57,996
2015/09/08,1121.4,14.7,1003
2015/09/09,1105.7,14.77,1010.99
2015/09/10,1111.15,14.57,1009
2015/09/11,1107.5,14.55,1015.24
2015/09/14,1108.4,14.81,999.5
2015/09/15,1105,14.61,1005.75
2015/09/16,1119.15,14.67,999
2015/09/17,1131.2,14.61,993.5
2015/09/18,1139,14.41,983
2015/09/21,1133.1,14.39,998
2015/09/22,1124.6,14.89,989.5
2015/09/23,1130,15.12,981.74
2015/09/24,1153.62,15.16,972.5
2015/09/25,1145.86,15.16,959.24
2015/09/28,1131.65,14.72,952
2015/09/29,1127.06,14.76,945.99
2015/09/30,1114.6,15.12,935
2015/10/01,1113.16,15.08,910.24
2015/10/02,1137.74,14.56,898.5
2015/10/05,1135.6,14.61,879.5
2015/10/06,1146.7,14.51,873.99
2015/10/07,1145,14.46,854.5
2015/10/08,1138.56,15.24,860
2015/10/09,1157.13,15.61,850.24
2015/10/12,1163.6,15.87,847.5
2015/10/13,1168.4,16.07,853.2
2015/10/14,1184.81,15.66,850.99
2015/10/15,1182.7,15.82,840
2015/10/16,1176.9,15.82,840
2015/10/19,1170.3,15.89,838.74
2015/10/20,1175.7,16.12,850.5
2015/10/21,1166.7,16.08,834
2015/10/22,1165.65,16.04,831.08
2015/10/23,1163.86,15.82,838.73
2015/10/26,1162.8,15.88,831.02
2015/10/27,1166.55,15.68,842.99
2015/10/28,1155.7,15.81,878.93
2015/10/29,1145.51,15.8,853.5
2015/10/30,1142,15.83,845.6
2015/11/02,1133.35,15.84,856.75
2015/11/03,1117.21,15.92,849
2015/11/04,1107.06,15.56,840.18
2015/11/05,1103.55,15.52,848.65
2015/11/06,1088.26,15.39,855.03
2015/11/09,1091.71,15.27,873.1
2015/11/10,1089.51,15.04,843.67
2015/11/11,1085.76,14.96,858.55
2015/11/12,1084.65,14.73,872.9
2015/11/13,1083.26,14.54,870.36
2015/11/16,1082.46,14.41,867.37
2015/11/17,1069.96,14.29,877.5
2015/11/18,1070.76,14.27,881.5
2015/11/19,1082,14.24,878.74
2015/11/20,1077.71,14.22,884.74
2015/11/23,1068.94,14.18,870
2015/11/24,1075.11,14.17,890.6
2015/11/25,1071.01,14.23,889.5
2015/11/26,1071.3,14.17,883.3
2015/11/27,1058.41,14.11,888.4
2015/11/30,1064.02,14.2,875.65
2015/12/01,1069.11,14.15,873.8
2015/12/02,1053.31,14.25,875
2015/12/03,1062.17,14.06,843.41
2015/12/04,1086.61,14.085,832.24
2015/12/07,1069.99,14.197,847.4
2015/12/08,1074.31,14.017,831.74
2015/12/09,1072.81,14.105,829.16
2015/12/10,1071.14,14.549,818.5
2015/12/11,1074.51,14.22,823.74
2015/12/14,1062.6,14.157,818
2015/12/15,1060.36,14.14,817
2015/12/16,1072.56,14.116,829.5
2015/12/17,1051.36,13.91,858.1
2015/12/18,1065.81,13.704,874.53
2015/12/21,1078.06,13.75,880
2015/12/22,1071.96,14.174,860.5
2015/12/23,1070.1,13.7,870.4
2015/12/24,1075.13,14.07,869.66
2015/12/25,1075.5,14.263,850
2015/12/28,1068.65,14.255,879.73
2015/12/29,1068.61,14.295,907.79
2015/12/30,1060.7,14.33,907.5
2015/12/31,1060.91,14.34,920.99
2016/01/01,1060.24,13.92,932.2
2016/01/04,1074.3,13.95,932.24
2016/01/05,1077.26,13.86,956.49
2016/01/06,1094.3,13.83,951.24
2016/01/07,1109.1,13.79,932.25
2016/01/08,1103.84,13.85,926.99
2016/01/11,1093.86,13.96,942.63
2016/01/12,1086.66,14,943.4
2016/01/13,1093.11,14.3,938.7
2016/01/14,1077.6,13.93,926.5
2016/01/15,1088.71,13.854,944.1
2016/01/18,1088.6,13.79,938
2016/01/19,1086.72,14.12,925.7
2016/01/20,1100.62,13.83,913.3
2016/01/21,1101.21,13.921,929.99
2016/01/22,1097.91,13.93,938.8
2016/01/25,1107.66,14.022,931.74
2016/01/26,1120.17,14.161,949.5
2016/01/27,1125.19,14.06,979.1
2016/01/28,1114.74,14.01,998.81
2016/01/29,1117.64,14.239,978.99
2016/02/01,1128.46,14.5,977.9
2016/02/02,1128.71,14.478,975.74
2016/02/03,1142.53,14.23,960.6
2016/02/04,1155.36,14.259,951.5
2016/02/05,1173.29,14.32,955.4
2016/02/08,1190.76,14.29,976
2016/02/09,1188.46,14.68,983
2016/02/10,1197.11,14.873,966
2016/02/11,1246.51,14.97,979.5
2016/02/12,1237.66,15.31,988.5
2016/02/15,1209.3,15.232,954.5
2016/02/16,1199.96,15.276,944
2016/02/17,1208.76,15.74,944.5
2016/02/18,1231.95,15.71,941.99
2016/02/19,1227.81,15.331,967.17
2016/02/22,1208.36,15.225,959.5
2016/02/23,1227.06,15.288,972.5
2016/02/24,1228.96,15.409,954.5
2016/02/25,1234.26,15.33,939
2016/02/26,1222.21,15.17,950.5
2016/02/29,1237.76,15.29,942
2016/03/01,1231.86,15.244,952
2016/03/02,1239.91,15.14,966.2
2016/03/03,1263.31,14.68,988
2016/03/04,1259.06,14.88,995.99
2016/03/07,1267.01,14.843,994.5
2016/03/08,1260.71,14.93,988.25
2016/03/09,1252.56,15.238,982.5
2016/03/10,1271.06,15.49,975.5
2016/03/11,1248.06,15.644,1011.76
2016/03/14,1234.9,15.31,1015.35
2016/03/15,1232,15.289,1021
2016/03/16,1262.7,15.591,1006.49
2016/03/17,1257.15,15.468,1011.5
2016/03/18,1254.59,15.32,1008
2016/03/21,1243.29,15.256,1020
2016/03/22,1248,15.603,1045
2016/03/23,1219.8,15.88,1074.5
2016/03/24,1216.19,15.78,1075.5
2016/03/25,1216.1,15.818,1061
2016/03/28,1220.65,15.86,1054.78
2016/03/29,1241.8,15.22,1057.74
2016/03/30,1224.45,15.166,1074.99
2016/03/31,1231.95,15.15,1038
2016/04/01,1222.11,15.217,1046
2016/04/04,1214.65,15.344,1063
2016/04/05,1230.69,15.202,1044
2016/04/06,1221.85,15.416,1047
2016/04/07,1240.29,15.028,1045
2016/04/08,1240.01,14.87,1049
2016/04/11,1257.55,15.126,1024.24
2016/04/12,1255.56,15.056,1009.5
2016/04/13,1242.76,15.21,1018.24
2016/04/14,1227.01,15.342,1006
2016/04/15,1233.66,15.9,996.24
2016/04/18,1231.15,16.16,988
2016/04/19,1250.1,16.194,988
2016/04/20,1243.3,16.148,972
2016/04/21,1248.46,16.21,963.5
2016/04/22,1231.91,16.221,977.43
2016/04/25,1237.5,16.935,966.5
2016/04/26,1242.59,16.93,953.5
2016/04/27,1245.7,16.998,985.5
2016/04/28,1266.08,16.943,991
2016/04/29,1293.36,16.989,998.09
2016/05/02,1291.21,17.163,1005.5
2016/05/03,1285.6,17.21,998.5
2016/05/04,1279.11,17.53,987.5
2016/05/05,1277.66,17.82,985
2016/05/06,1288.3,17.531,973.49
2016/05/09,1263.46,17.416,970.5
2016/05/10,1266,17.364,964.5
2016/05/11,1277.31,17.326,967.84
2016/05/12,1263.11,17.452,983.78
2016/05/13,1273.2,17,975.74
2016/05/16,1273.46,17.098,971
2016/05/17,1279.6,17.395,960
2016/05/18,1257.9,16.961,980.75
2016/05/19,1254.1,17.09,974
2016/05/20,1251.91,17.126,974
2016/05/23,1248.49,17.231,1003
2016/05/24,1226.5,16.84,1020
2016/05/25,1223.78,16.48,1059.2
2016/05/26,1219.75,16.505,1065
2016/05/27,1212.15,16.36,1072
2016/05/30,1205.2,16.204,1081.5
2016/05/31,1214.69,16.26,1086
2016/06/01,1212.4,16.3,1096.5
2016/06/02,1210.49,16.22,1099.5
2016/06/03,1244.09,15.97,1086
2016/06/06,1244.86,15.981,1093.98
2016/06/07,1243.39,15.941,1098.98
2016/06/08,1261.76,15.976,1085.5
2016/06/09,1268.4,16.398,1092.5
2016/06/10,1273.8,16.458,1089
2016/06/13,1283.65,16.378,1080
2016/06/14,1285.46,17.019,1097.5
2016/06/15,1291.11,17.28,1077
2016/06/16,1278.59,17.315,1078.5
2016/06/17,1298.21,17.425,1092.2
2016/06/20,1289.75,17.375,1133
2016/06/21,1268.06,17.506,1127.5
2016/06/22,1265.91,17.14,1143
2016/06/23,1255.25,17.476,1157.2
2016/06/24,1315.48,17.479,1163.49
2016/06/27,1324.39,17.265,1159
2016/06/28,1312.11,17.244,1158.25
2016/06/29,1318.51,17.273,1141.99
2016/06/30,1321.78,17.689,1149.3
2016/07/01,1341.91,17.717,1150
2016/07/04,1350.4,17.752,1172
2016/07/05,1355.69,18.273,1137
2016/07/06,1363.51,18.69,1117
2016/07/07,1360.2,19.737,1107.5
2016/07/08,1366.4,20.31,1112.5
2016/07/11,1354.85,19.913,1113
2016/07/12,1331.25,20.068,1125
2016/07/13,1342.45,19.662,1110.5
2016/07/14,1334.7,20.262,1099
2016/07/15,1337.45,20.26,1099
2016/07/18,1328.39,20.12,1072
2016/07/19,1331.73,20.335,1068.5
2016/07/20,1315.51,20.3,1067.5
2016/07/21,1330.7,20.196,1074
2016/07/22,1322.01,20.022,1052
2016/07/25,1315.15,19.893,1048
2016/07/26,1319.84,19.39,1043
2016/07/27,1339.42,19.755,1058.5
2016/07/28,1335.47,19.605,1068.8
2016/07/29,1350.59,19.529,1095.74
2016/08/01,1352.85,19.619,1085
2016/08/02,1363.2,20.335,1082.6
2016/08/03,1357.5,20.146,1057.74
2016/08/04,1360.8,20.31,1053.8
2016/08/05,1335.09,20.4,1032.24
2016/08/08,1335.1,20.607,1032.49
2016/08/09,1340.3101,20.36,1031.1
2016/08/10,1346.27,20.28,1014.9
2016/08/11,1338.39,19.66,1021.1
2016/08/12,1335.71,19.712,1025.99
2016/08/15,1338.91,19.837,1048.24
2016/08/16,1345.7,20.06,1051.99
2016/08/17,1348.1801,19.93,1050.74
2016/08/18,1351.9301,19.69,1035.99
2016/08/19,1341.22,19.793,1022.24
2016/08/22,1338.27,19.77,1025.49
2016/08/23,1337.35,19.665,1026.7
2016/08/24,1323.25,19.733,1023.74
2016/08/25,1321.2,19.29,1003.49
2016/08/26,1320.85,18.865,981.49
2016/08/29,1323.01,18.78,976.1
2016/08/30,1310.65,18.51,963.3
2016/08/31,1308.45,18.495,964.74
2016/09/01,1313.47,18.61,960.49
2016/09/02,1324.65,18.84,944.99
2016/09/05,1326.33,18.565,941.8
2016/09/06,1349.5601,18.61,936.5
2016/09/07,1344.88,18.84,932.24
2016/09/08,1337.95,19.412,937
2016/09/09,1327.6899,19.49,941
2016/09/12,1327.15,20.025,943
2016/09/13,1318.61,19.76,934
2016/09/14,1322.6,19.594,929.49
2016/09/15,1313.8,19.033,936.24
2016/09/16,1310.0601,19.06,963.2
2016/09/19,1313.22,18.854,961.9
2016/09/20,1314.6,18.952,963.2
2016/09/21,1336.45,18.935,978.8
2016/09/22,1336.67,18.77,976.5
2016/09/23,1337.21,19.14,990.5
2016/09/26,1337.5601,19.26,987
2016/09/27,1327.14,19.8,992.99
2016/09/28,1321.23,19.84,996
2016/09/29,1320.05,19.65,1000.3
2016/09/30,1315.8,19.415,1002.6
2016/10/03,1311.45,19.141,998.7
2016/10/04,1267.8101,19.177,971.98
2016/10/05,1266.16,19.09,939.99
2016/10/06,1254.22,19.145,930.7
2016/10/07,1256.48,18.73,935.25
2016/10/10,1259.36,17.782,943.9
2016/10/11,1252.75,17.7,933.7
2016/10/12,1254.73,17.28,920.5
2016/10/13,1257.49,17.511,934.49
2016/10/14,1250.05,17.626,936.99
2016/10/17,1255.2,17.44,930.9
2016/10/18,1262.24,17.45,913.5
2016/10/19,1268.9,17.45,903
2016/10/20,1265.8,17.38,922.7
2016/10/21,1266.25,17.43,917.8
2016/10/24,1264.06,17.59,911
2016/10/25,1273.85,17.64,911
2016/10/26,1266.61,17.51,927
2016/10/27,1267.8,17.475,933.98
2016/10/28,1275.91,17.558,933.9
2016/10/31,1277.28,17.78,936
2016/11/01,1287.8,17.582,938.5
2016/11/02,1296.89,17.59,914.2
2016/11/03,1303.25,17.73,931.3
2016/11/04,1303.75,17.87,932.24
2016/11/07,1281.3199,18.32,923.8
2016/11/08,1275.26,18.44,893.49
2016/11/09,1277.8,18.32,926.6
2016/11/10,1259.6801,18.39,916.7
2016/11/11,1225.58,18.211,915.74
2016/11/14,1219.86,18.341,914.9
2016/11/15,1227.98,18.47,901.99
2016/11/16,1224.9,18.55,888.98
2016/11/17,1216.01,17.3,888.49
2016/11/18,1208.31,16.88,900.49
2016/11/21,1213.66,17.079,896.99
2016/11/22,1211.86,16.97,897.7
2016/11/23,1187.65,16.665,899.74
2016/11/24,1183.2,16.582,937.1
2016/11/25,1182.88,16.585,939.74
2016/11/28,1193.38,16.631,967.7
2016/11/29,1188.34,16.351,966.9
2016/11/30,1172.7,16.25,974.24
2016/12/01,1170.91,16.5,978.3
2016/12/02,1176.88,16.63,972.3
2016/12/05,1170.1801,16.59,972.25
2016/12/06,1169.64,16.48,983.2
2016/12/07,1173.9,16.506,981
2016/12/08,1170.46,16.7,974.4
2016/12/09,1157.75,16.73,961.7
2016/12/12,1162.12,16.712,957.7
2016/12/13,1157.96,17.1,976.5
2016/12/14,1144.12,17.007,978.5
2016/12/15,1128.34,16.84,995.7
2016/12/16,1133.99,17.07,977.74
2016/12/19,1138.66,16.906,973.49
2016/12/20,1131.8,16.825,983.6
2016/12/21,1131.41,15.96,985.24
2016/12/22,1128.6,16.08,994.4
2016/12/23,1133.11,15.97,995.98
2016/12/26,1133.56,16.08,1000.2
2016/12/27,1138.85,15.93,1003.2
2016/12/28,1142.05,15.78,1011.24
2016/12/29,1158.24,15.74,1000.75
2016/12/30,1151.46,15.72,1014.75
2017/01/03,1158.8199,15.95,1012.24
2017/01/04,1163.4,16.01,1010.4
2017/01/05,1180.39,16.15,994.99
2017/01/06,1172.72,15.934,1000.4
2017/01/09,1181.16,16.27,1010.1
2017/01/10,1187.64,16.42,1012.1
2017/01/11,1191.46,16.57,1001
2017/01/12,1195.5601,16.48,1000.5
2017/01/13,1197.26,16.563,999.24
2017/01/16,1202.8,16.788,1002.5
2017/01/17,1216.46,16.72,1005.99
2017/01/18,1203.54,16.767,1023.24
2017/01/19,1204.76,16.79,1027.9
2017/01/20,1209.56,16.76,1023.1
2017/01/23,1217.38,17.16,1015
2017/01/24,1208.74,17.02,985.25
2017/01/25,1200.22,17.01,993.99
2017/01/26,1188.49,17.068,974.74
2017/01/27,1191.21,17.2,959.8
2017/01/30,1194.96,17.08,944.8
2017/01/31,1210.51,16.95,932.25
2017/02/01,1209.11,16.76,942
2017/02/02,1215.8101,17.12,936
2017/02/03,1219.8,17.11,932.5
2017/02/06,1235.48,17.53,949
2017/02/07,1233.64,17.51,953.5
2017/02/08,1241.61,17.43,958
2017/02/09,1230.51,17.46,967.5
2017/02/10,1234.01,17.73,967
2017/02/13,1225.06,17.705,959
2017/02/14,1228.2,17.78,958.5
2017/02/15,1232.56,17.64,961
2017/02/16,1238.76,17.946,963.5
2017/02/17,1235.22,17.79,947
2017/02/20,1238,17.949,951.5
2017/02/21,1235.9,17.98,943
2017/02/22,1237.31,18.088,945
2017/02/23,1249.34,17.97,951.5
2017/02/24,1256.56,18.01,958.5
2017/02/27,1252.6801,17.94,959.5
2017/02/28,1248.52,18.023,956
2017/03/01,1248.86,18.16,951.5
2017/03/02,1234.72,18.35,936
2017/03/03,1234.22,18.259,967
2017/03/06,1225.56,18.306,968.5
2017/03/07,1215.5699,18.41,969
2017/03/08,1207.5,17.758,971.15
2017/03/09,1200.76,17.961,980
2017/03/10,1204.47,17.783,973.5
2017/03/13,1203.55,17.486,963
2017/03/14,1198.33,17.234,977.5
2017/03/15,1218.65,16.945,970.5
2017/03/16,1226.4,17.025,959
2017/03/17,1228.4,16.94,950
2017/03/20,1233.15,16.84,946.74
2017/03/21,1244.5,17.3,940
2017/03/22,1248.85,17.28,943.6
2017/03/23,1244.8,17.319,925
2017/03/24,1243.8,17.41,922.5
2017/03/27,1253.79,17.5,892.5
2017/03/28,1251.52,17.5,899
2017/03/29,1251.95,17.54,911.5
2017/03/30,1242.9,17.75,916.5
2017/03/31,1248.63,18.07,900.98
2017/04/03,1252.85,18.15,908.5
2017/04/04,1255.47,18.2,915
2017/04/05,1254.8,18.08,917
2017/04/06,1251.3,18.22,927.5
2017/04/07,1253.55,18.22,937.5
2017/04/10,1254.23,18.28,942
2017/04/11,1274.06,18.27,932
2017/04/12,1286.1,18.23,938.5
2017/04/13,1287.36,17.96,946
2017/04/14,1285.19,17.91,940
2017/04/17,1284.3,18.3,944
2017/04/18,1289.26,18.46,946.4
2017/04/19,1278.91,18.5,955.5
2017/04/20,1281.35,18.52,952.5
2017/04/21,1284,18.38,934.5
2017/04/24,1275.1801,18.254,943.5
2017/04/25,1263.36,18.08,927
2017/04/26,1268.65,18,952
2017/04/27,1263.7,17.88,950.5
2017/04/28,1267.65,17.9,956
2017/05/01,1256.3,17.55,942
2017/05/02,1256.79,17.46,932
2017/05/03,1237.97,17.22,933.5
2017/05/04,1227.25,17.19,940
2017/05/05,1227.59,16.84,923.5
2017/05/08,1225.8,16.8,935.5
2017/05/09,1220.9,16.39,919.99
2017/05/10,1218.65,16.28,924.5
2017/05/11,1224.35,16.3,922.5
2017/05/12,1228.33,16.235,918.5
2017/05/15,1230.21,16.14,923.5
2017/05/16,1236.4,16.14,921.25
2017/05/17,1260.35,16.29,926
2017/05/18,1246.55,16.457,912.5
2017/05/19,1255.05,16.59,916.5
2017/05/22,1260.06,16.82,919.5
2017/05/23,1250.76,16.85,920
2017/05/24,1258.1,16.54,921
2017/05/25,1255.36,16.82,901.5
2017/05/26,1266.66,17.12,910
2017/05/29,1266.6,17.03,910
2017/05/30,1262.71,17.188,910
2017/05/31,1268.09,17.12,903.5
2017/06/01,1265.26,17.35,899.75
2017/06/02,1279.58,17.37,901
2017/06/05,1279.45,17.361,916.5
2017/06/06,1293.5,17.286,901.5
2017/06/07,1286.41,17.258,915.5
2017/06/08,1278.5,17.502,921.5
2017/06/09,1265.9,17.505,922
2017/06/12,1265.02,17.67,918
2017/06/13,1265.35,17.55,926.3
2017/06/14,1260.68,17.38,933.5
2017/06/15,1253.5,17.16,925.5
2017/06/16,1253.13,16.92,923.5
2017/06/19,1242.75,16.86,929
2017/06/20,1242.81,16.87,922.49
2017/06/21,1246.05,16.71,929
2017/06/22,1250.21,16.58,935.5
2017/06/23,1256.4,16.452,943.7
2017/06/26,1243.95,16.46,942.5
2017/06/27,1246.97,16.436,960.5
2017/06/28,1248.82,16.527,959.5
2017/06/29,1245.24,16.69,963.5
2017/06/30,1241.2,16.555,967
2017/07/03,1220.36,16.66,971.5
2017/07/04,1223.6,16.77,976.5
2017/07/05,1226.45,16.59,979.74
2017/07/06,1224.65,16.57,965
2017/07/07,1212.8,16.09,957
2017/07/10,1213.95,16.07,976.5
2017/07/11,1217.31,16.05,972.5
2017/07/12,1219.5,16,975
2017/07/13,1216.95,15.58,977.5
2017/07/14,1228.58,15.63,974.5
2017/07/17,1233.9,15.776,976
2017/07/18,1241.96,15.88,978.5
2017/07/19,1240.37,15.66,972
2017/07/20,1244.24,15.95,987
2017/07/21,1254.4,16.07,992
2017/07/24,1254.86,16.25,986.5
2017/07/25,1248.55,16.24,995
2017/07/26,1260.6,16.29,1004.5
2017/07/27,1258.5,16.47,1007
2017/07/28,1268.75,16.45,1006
2017/07/31,1269.05,16.46,1003
2017/08/01,1268.55,16.62,1015.5
2017/08/02,1266.2,16.53,1004.74
2017/08/03,1268.15,16.66,990
2017/08/04,1257.85,16.79,986.5
2017/08/07,1257.31,16.7,976.99
2017/08/08,1260.24,16.55,978.5
2017/08/09,1277.15,16.613,964
2017/08/10,1286,16.23,959.5
2017/08/11,1288.81,16.237,948
2017/08/14,1281.86,16.417,941
2017/08/15,1271.38,16.906,935.5
2017/08/16,1282.71,17.078,930.5
2017/08/17,1287.61,17.063,940.2
2017/08/18,1284.1,17.02,922
2017/08/21,1290.83,16.592,916
2017/08/22,1284.33,17.081,919.5
2017/08/23,1289.6801,16.992,909.24
2017/08/24,1286.2,16.933,910.5
2017/08/25,1291.03,16.973,907.5
2017/08/28,1309.5,16.965,912.5
2017/08/29,1309.3,17.015,911
2017/08/30,1308.36,16.931,913
2017/08/31,1321.6,17.05,911.5
2017/09/01,1324.57,17.42,929
2017/09/04,1334.3,17.343,928
2017/09/05,1338.36,17.38,933
2017/09/06,1333.76,17.566,944
2017/09/07,1348.8,17.684,928.5
2017/09/08,1346.31,17.89,930
2017/09/11,1326.92,17.89,918
2017/09/12,1331.54,17.83,921.5
2017/09/13,1322.85,18.073,920.24
2017/09/14,1329.43,17.924,921
2017/09/15,1319.22,17.8,920
2017/09/18,1306.63,17.91,919.99
2017/09/19,1311.1801,17.729,917.4
2017/09/20,1301,17.743,914.5
2017/09/21,1291.01,17.58,916.24
2017/09/22,1296.98,17.21,915.24
2017/09/25,1310.15,17.32,931
2017/09/26,1293.51,17.129,924.8
2017/09/27,1280.72,16.95,918.5
2017/09/28,1286.91,16.952,934.3
2017/09/29,1279.1,17.181,922.5
2017/10/02,1270.72,16.767,931
2017/10/03,1271.6,16.74,936.8
2017/10/04,1274.31,16.83,925.74
2017/10/05,1267.65,16.605,931.8
2017/10/06,1275.3,16.542,925.7
2017/10/09,1283.9,16.596,931.3
2017/10/10,1287.46,16.582,931
2017/10/11,1291.7,16.58,950.7
2017/10/12,1293.4,16.779,923.6
2017/10/13,1304.47,16.94,933.1
2017/10/16,1294,17.077,938.3
2017/10/17,1284.81,17.16,933.15
2017/10/18,1280.77,17.17,940
2017/10/19,1289.4,17.35,947.2
2017/10/20,1280.33,17.185,948.7
2017/10/23,1281.6801,16.987,936.5
2017/10/24,1276.33,16.98,941.3
2017/10/25,1277.01,17.202,937.5
2017/10/26,1266.73,16.993,923.5
2017/10/27,1272.6,17.045,915.8
2017/10/30,1275.86,16.94,901.7
2017/10/31,1271.2,16.91,891.7
2017/11/01,1274.01,16.744,887.6
2017/11/02,1275.61,16.811,884.5
2017/11/03,1269.46,16.83,876.49
2017/11/06,1281.51,16.69,884.74
2017/11/07,1275.46,17.12,878.49
2017/11/08,1280.91,17.076,893.3
2017/11/09,1284.91,16.803,906.49
2017/11/10,1276.0601,17.226,913.7
2017/11/13,1277.61,16.952,918.5
2017/11/14,1280.63,17.01,915.4
2017/11/15,1278.41,16.993,916.4
2017/11/16,1278.4,16.898,913.99
2017/11/17,1294.33,17.042,918.49
2017/11/20,1276.63,17.01,917
2017/11/21,1280.41,16.99,923
2017/11/22,1292.05,17.08,924.49
2017/11/23,1290.9,17.306,925.74
2017/11/24,1287.83,16.91,943.6
2017/11/27,1294.4399,16.94,956.4
2017/11/28,1293.61,17.151,959.74
2017/11/29,1283.49,17.055,969.4
2017/11/30,1274.36,16.98,972.4
2017/12/01,1280.1899,17.03,965.4
2017/12/04,1276.14,16.83,971
2017/12/05,1266.15,16.529,984.1
2017/12/06,1263.86,16.42,993.4
2017/12/07,1246.3,16.436,996
2017/12/08,1247.76,16.32,998.2
2017/12/11,1241.87,16.09,996.74
2017/12/12,1243.46,15.966,1000.4
2017/12/13,1255.37,15.726,1013
2017/12/14,1252.78,15.838,995
2017/12/15,1255.1801,15.711,1006.3
2017/12/18,1261.31,15.723,1011.99
2017/12/19,1261.66,16.063,1010.5
2017/12/20,1265.59,15.87,1009.5
2017/12/21,1266.7,16.051,1003.5
2017/12/22,1274.61,16.132,996
2017/12/25,1274.86,16.12,1000
2017/12/26,1283.24,16.174,1005.8
2017/12/27,1287.01,16.1,985.99
2017/12/28,1294.75,16.35,989.4
2017/12/29,1302.45,16.36,989.5
2018/01/02,1318.09,16.536,979.8
2018/01/03,1312.76,16.684,969.24
2018/01/04,1322.9,16.84,964.5
2018/01/05,1319.81,16.946,970.4
2018/01/08,1320.49,17.184,973.7
2018/01/09,1312.58,17.129,996.6
2018/01/10,1316.81,17.228,1001.1
2018/01/11,1322.34,17.224,1002.5
2018/01/12,1338.34,17.14,1002.5
2018/01/15,1339.66,16.95,999.7
2018/01/16,1338.54,16.94,987
2018/01/17,1327.65,16.97,993.49
2018/01/18,1327.1,17.252,996.3
2018/01/19,1331.41,17.35,999.6
2018/01/22,1333.7,17.193,982.9
2018/01/23,1341.01,17.011,983
2018/01/24,1358.09,16.93,966.2
2018/01/25,1347.65,17,962.24
2018/01/26,1349.76,17.01,961
2018/01/29,1339.96,17.045,968.8
2018/01/30,1338.16,17.566,952.3
2018/01/31,1344.7,17.296,952
2018/02/01,1348.81,17.39,964.6
2018/02/02,1332.92,17.156,962.6
2018/02/05,1339.21,17.127,961.99
2018/02/06,1324.9301,17.31,958.5
2018/02/07,1318.11,17.23,954.3
2018/02/08,1318.88,16.593,943
2018/02/09,1316.64,16.739,953
2018/02/12,1322.83,16.638,940.49
2018/02/13,1329.47,16.372,954
2018/02/14,1350.6801,16.412,947
2018/02/15,1353.2,16.353,947
2018/02/16,1347.78,16.546,952.2
2018/02/19,1346.31,16.55,943
2018/02/20,1329.42,16.87,931.5
2018/02/21,1323.86,16.873,927.99
2018/02/22,1331.4301,16.668,929.5
2018/02/23,1328.87,16.657,923.5
2018/02/26,1333.1,16.461,912
2018/02/27,1318.14,16.49,910
2018/02/28,1317.66,16.613,912.5
2018/03/01,1316.16,16.536,931.5
2018/03/02,1322.17,16.658,924
2018/03/05,1319.95,16.42,926.5
2018/03/06,1334.06,16.405,925
2018/03/07,1325.49,16.466,927.5
2018/03/08,1321.96,16.49,924
2018/03/09,1323.64,16.431,936
2018/03/12,1322.66,16.73,935.5
2018/03/13,1326.02,16.497,932.5
2018/03/14,1324.6,16.494,922.5
2018/03/15,1315.86,16.595,917.5
2018/03/16,1313,16.49,926
2018/03/19,1316.56,16.539,905.5
2018/03/20,1310.81,16.498,906
2018/03/21,1331.8,16.37,910.74
2018/03/22,1328.58,16.3,903
2018/03/23,1346.76,16.302,890
2018/03/26,1353.06,16.185,890
2018/03/27,1344.31,16.524,899.5
2018/03/28,1324.61,16.36,906
2018/03/29,1324,16.52,908
2018/04/02,1340.96,16.656,912
2018/04/03,1332.45,16.486,910
2018/04/04,1332.96,16.26,924
2018/04/05,1326.15,16.319,921.5
2018/04/06,1332.89,16.61,905
2018/04/09,1335.87,16.373,892.99
2018/04/10,1339.1,16.278,887.5
2018/04/11,1352.91,16.351,888.5
2018/04/12,1335.08,16.348,882.75
2018/04/13,1345.01,16.449,896
2018/04/16,1345.54,16.55,903
2018/04/17,1346.91,16.628,899.24
2018/04/18,1348.92,16.43,909
2018/04/19,1345.1801,16.618,896.5
2018/04/20,1334.72,16.602,901
2018/04/23,1324,16.748,904
2018/04/24,1330.28,17.151,906.5
2018/04/25,1322.9399,17.208,901.5
2018/04/26,1316.88,17.11,899.25
2018/04/27,1321.89,16.53,900.5
2018/04/30,1314.95,16.7,900.4
2018/05/01,1303.6,16.52,902.5
2018/05/02,1304.46,16.475,896.5
2018/05/03,1311.24,16.496,901.5
2018/05/04,1314.65,16.308,903.9
2018/05/07,1313.92,16.116,894
2018/05/08,1314.08,16.35,899
2018/05/09,1312.4,16.409,900
2018/05/10,1321.01,16.485,887.4
2018/05/11,1317.6801,16.44,881.5
2018/05/14,1312.42,16.434,867.5
2018/05/15,1290.24,16.48,867
2018/05/16,1290.22,16.669,861.5
2018/05/17,1290,16.62,873
2018/05/18,1291.5,16.5,864.5
2018/05/21,1292.29,16.232,865.5
2018/05/22,1290.92,16.348,856
2018/05/23,1293,16.428,847.5
2018/05/24,1304.47,16.42,847.5
2018/05/25,1301.17,16.48,816
2018/05/28,1297.7,16.518,837
2018/05/29,1297.96,16.42,840
2018/05/30,1301.03,16.626,840.5
2018/05/31,1297.92,16.48,840.5
2018/06/01,1292.74,16.472,846.99
2018/06/04,1291.58,16.384,842.25
2018/06/05,1295.73,16.51,824.75
2018/06/06,1296,16.35,838.98
2018/06/07,1296.72,16.352,825.74
2018/06/08,1298,16.364,822
2018/06/11,1299.74,16.461,812.5
2018/06/12,1295.57,16.641,813.5
2018/06/13,1299.31,16.662,804.5
2018/06/14,1301.83,16.736,826.5
2018/06/15,1279,16.887,831
2018/06/18,1277.91,16.855,828.5
2018/06/19,1274.37,17,840.24
2018/06/20,1267.7,17.132,823
2018/06/21,1266.8101,16.513,825.5
2018/06/22,1268.49,16.4,824
2018/06/25,1265,16.274,834.5
2018/06/26,1258.64,16.264,812
2018/06/27,1251.62,16.306,822
2018/06/28,1247.88,16.434,827
2018/06/29,1252.25,16.304,821
2018/07/02,1241.58,16.25,825.99
2018/07/03,1252.4301,16.045,826.5
2018/07/04,1256.2,15.956,830.24
2018/07/05,1257.33,16.08,827.5
2018/07/06,1254.2,15.83,798
2018/07/09,1257.37,16.017,797.74
2018/07/10,1255.23,16.046,763
2018/07/11,1241.76,15.98,777.25
2018/07/12,1246.77,16,781.75
2018/07/13,1241,16.072,793.5
2018/07/16,1240.07,16.046,793
2018/07/17,1227.12,15.744,792
2018/07/18,1226.4301,15.9,775
2018/07/19,1222.4,15.78,790.3
2018/07/20,1231.37,15.74,799.5
2018/07/23,1224.15,15.548,785.5
2018/07/24,1224.15,15.53,796
2018/07/25,1231.16,15.262,788.5
2018/07/26,1222.27,15.471,782.5
2018/07/27,1222.97,15.368,783.5
2018/07/30,1221.3,15.441,776
2018/07/31,1223.41,15.557,783
2018/08/01,1215.49,15.367,790.8
2018/08/02,1207.56,15.456,778.74
2018/08/03,1213.03,15.481,782.5
2018/08/06,1206.1,15.514,787.5
2018/08/07,1210.64,15.346,798.5
2018/08/08,1213.2,15.301,800
2018/08/09,1211.97,15.38,791.74
2018/08/10,1210.85,15.26,796.5
2018/08/13,1193.24,15.328,809.74
2018/08/14,1193.63,15.384,821
2018/08/15,1174.28,15.412,831.98
2018/08/16,1173.5601,15.272,826.5
2018/08/17,1184.35,14.952,824
2018/08/20,1190.17,14.96,822.6
2018/08/21,1195.72,14.42,820.98
2018/08/22,1195.11,14.61,808.98
2018/08/23,1184.92,14.76,811.98
2018/08/24,1205.55,14.712,821.5
2018/08/27,1210.98,14.746,827
2018/08/28,1200.86,14.729,822
2018/08/29,1206.26,14.468,821.98
2018/08/30,1199.51,14.8,820.98
2018/08/31,1200.71,14.855,817.5
2018/09/03,1200.4,14.663,824
2018/09/04,1191,14.721,819
2018/09/05,1196.3,14.534,839
2018/09/06,1199.77,14.5,836.5
2018/09/07,1195.36,14.46,838.74
2018/09/10,1195.4301,14.08,837
2018/09/11,1197.55,14.16,831.5
2018/09/12,1205.45,14.12,825.5
2018/09/13,1200.7,14.1,830
2018/09/14,1193.31,14.16,820
2018/09/17,1200.53,14.089,830.5
2018/09/18,1197.61,14.21,827.5
2018/09/19,1203.58,14.163,823
2018/09/20,1206.76,14.04,830
2018/09/21,1199.09,14.15,832
2018/09/24,1198.48,14.121,832.5
2018/09/25,1200.91,14.202,836
2018/09/26,1194.0601,14.27,856.5
2018/09/27,1182.42,14.25,867
2018/09/28,1191.6899,14.224,863.8
2018/10/01,1187.73,14.42,867.5
2018/10/02,1202.6801,14.29,872.6
2018/10/03,1196.92,14.2,864.1
2018/10/04,1199.26,14.6,849
2018/10/05,1202.45,14.461,840.7
2018/10/08,1187.62,14.64,834.74
2018/10/09,1189.17,14.58,834.6
2018/10/10,1194.36,14.56,841.1
2018/10/11,1223.73,14.59,843.24
2018/10/12,1217.53,14.34,853.1
2018/10/15,1226.54,14.37,837.99
2018/10/16,1224.03,14.26,840.5
2018/10/17,1222.28,14.56,843.7
2018/10/18,1225.01,14.551,838.5
2018/10/19,1225.86,14.648,839.74
2018/10/22,1221.53,14.642,829.99
2018/10/23,1230.17,14.61,820.99
2018/10/24,1233.58,14.55,817
2018/10/25,1231.6,14.593,797.7
2018/10/26,1233.17,14.61,806.4
2018/10/29,1229.35,14.727,803.5
2018/10/30,1222.59,14.643,800.4
2018/10/31,1214.14,14.61,787
2018/11/01,1232.8,14.61,789.74
2018/11/02,1232.48,14.45,785.2
2018/11/05,1230.91,14.44,781.74
2018/11/06,1226.41,14.221,798.5
2018/11/07,1225.7,14.74,792.99
2018/11/08,1223.5,14.713,787.01
2018/11/09,1209.21,14.63,793.5
2018/11/12,1200.58,14.532,786.99
2018/11/13,1201.96,14.568,786.1
2018/11/14,1210.84,14.41,793.6
2018/11/15,1212.91,14.155,786.9
2018/11/16,1221.39,13.96,782.5
2018/11/19,1223.98,13.999,794.6
2018/11/20,1221.16,14.132,796
2018/11/21,1225.9399,14.286,789.4
2018/11/22,1226.7,14.41,791.74
2018/11/23,1222.44,14.422,791.5
2018/11/26,1222.28,14.313,794.4
2018/11/27,1214.31,14.49,798.3
2018/11/28,1221.03,14.48,822.5
2018/11/29,1223.61,14.24,822.2
2018/11/30,1221.88,14.228,814.5
2018/12/03,1231,14.139,824.7
2018/12/04,1238.16,14.32,819.8
2018/12/05,1237.48,14.304,810.5
2018/12/06,1237.61,14.171,799.5
2018/12/07,1247.71,14.37,793.5
2018/12/10,1244.51,14.516,804.5
2018/12/11,1242.85,14.504,805
2018/12/12,1245.4,14.472,797.5
2018/12/13,1242.06,14.617,791
2018/12/14,1238.12,14.528,788
2018/12/17,1245.8199,14.53,794
2018/12/18,1249.29,14.73,801
2018/12/19,1243.01,14.759,813.5
2018/12/20,1259.76,14.566,809.5
2018/12/21,1255.92,14.66,809.5
2018/12/24,1268.49,14.639,815
2018/12/26,1266.9,14.597,819.5
2018/12/27,1275.13,14.76,821.5
2018/12/28,1280.67,14.6,817.5
2018/12/31,1282.73,14.73,816
2019/01/01,1282.17,15.032,803
2019/01/02,1284.74,15.21,795.5
2019/01/03,1293.61,15.34,798
2019/01/04,1284.83,15.48,781.5
2019/01/07,1288.63,15.443,786.5
2019/01/08,1284.85,15.513,783.5
2019/01/09,1293.05,15.735,785.5
2019/01/10,1286.3199,15.691,802
2019/01/11,1287.5,15.643,802
2019/01/14,1291.6899,15.652,817.5
2019/01/15,1289.24,15.742,822.5
2019/01/16,1293.4399,15.561,819
2019/01/17,1291.4,15.598,840.5
2019/01/18,1281.11,15.649,849
2019/01/21,1279.53,15.577,856
2019/01/22,1284.64,15.589,864.5
2019/01/23,1282.01,15.52,870
2019/01/24,1280.56,15.32,856.82
2019/01/25,1303.14,15.22,834.75
2019/01/28,1303.46,15.331,836.75
2019/01/29,1311.86,15.351,826.75
2019/01/30,1319.51,15.314,813.25
2019/01/31,1320.56,15.744,815
2019/02/01,1317.9301,15.745,824.75
2019/02/04,1311.6899,15.841,837.5
2019/02/05,1314.95,16.061,837.5
2019/02/06,1306.15,16.065,818.5
2019/02/07,1310.03,15.911,828
2019/02/08,1313.99,15.862,830
2019/02/11,1308.26,15.84,846
2019/02/12,1310.51,15.66,859
2019/02/13,1306.12,15.71,858.5
2019/02/14,1312.48,15.823,844
2019/02/15,1321.01,15.704,855
2019/02/18,1326.15,15.704,855
2019/02/19,1341.08,15.565,848
2019/02/20,1338.41,15.623,837
2019/02/21,1323.11,15.775,845.5
2019/02/22,1327.71,15.8,847.5
2019/02/25,1327.0601,15.98,846
2019/02/26,1328.56,16.03,874.78
2019/02/27,1319.8,15.815,897.61
2019/02/28,1312.66,15.916,895
2019/03/01,1293.3123,15.888,905
2019/03/04,1286.415,15.933,887
2019/03/05,1287.1801,15.738,901
2019/03/06,1286.36,15.603,887.5
2019/03/07,1285.495,15.2028,886
2019/03/08,1298.01,15.0742,885
2019/03/11,1294,15.1222,876.5
2019/03/12,1301.76,15.0711,883
2019/03/13,1309.03,15.0162,900.5
2019/03/14,1296.0325,15.31,895.5
2019/03/15,1301.13,15.32,884.5
2019/03/18,1303.45,15.44,878.5
2019/03/19,1306.3,15.45,882.5
2019/03/20,1312.235,15.18,894.5
2019/03/21,1309.205,15.2777,894
2019/03/22,1313.13,15.44,886
2019/03/25,1321.8,15.35,864
2019/03/26,1315.42,15.445,848
2019/03/27,1309.46,15.465,869
2019/03/28,1290.15,15.4148,872.5
2019/03/29,1291.9,15.535,868
2019/04/01,1287.415,15.425,856.5
2019/04/02,1292.75,15.285,844
2019/04/03,1289.655,15.01,861
2019/04/04,1292.125,15.135,853.18
2019/04/05,1291.3,15.105,855.54
2019/04/08,1297.165,15.115,845.66
2019/04/09,1303.885,15.135,829.5
2019/04/10,1307.795,15.145,813.5
2019/04/11,1292.345,15.08,811.5
2019/04/12,1290,15.245,813.5
2019/04/15,1287.635,15.215,799
2019/04/16,1276.17,15.205,793.5
2019/04/17,1273.74,14.955,802
2019/04/18,1275.01,14.95,806
2019/04/22,1274.675,14.995,795.5
2019/04/23,1272.15,14.97,791.5
2019/04/24,1274.96,14.995,791.5
2019/04/25,1276.95,14.99,791.5
2019/04/26,1285.85,14.93,820.5
2019/04/29,1279.55,14.98,815.5
2019/04/30,1283.35,14.815,799
2019/05/01,1276.355,14.92,803.29
2019/05/02,1270.29,14.935,806.48
2019/05/03,1278.9399,15.06,802
2019/05/06,1280.075,14.905,813
2019/05/07,1284.3,14.935,808.5
2019/05/08,1280.53,14.675,807.5
2019/05/09,1283.74,14.625,799
2019/05/10,1285.6,14.925,792
2019/05/13,1299.655,14.9,799.5
2019/05/14,1296.775,14.905,810.5
2019/05/15,1296.415,14.835,802.5
2019/05/16,1286.4,14.755,805.5
2019/05/17,1277.15,14.75,810
2019/05/20,1277.495,14.765,806
2019/05/21,1274.725,14.785,814
2019/05/22,1273.365,14.795,811.5
2019/05/23,1283.05,14.555,833
2019/05/24,1284.645,14.39,830
2019/05/27,1284.8,14.465,827.5
2019/05/28,1279.06,14.445,836.5
2019/05/29,1279.2,14.445,832.5
2019/05/30,1288.5,14.585,804.5
2019/05/31,1305.25,14.56,813.5
2019/06/03,1324.77,14.59,806
2019/06/04,1324.88,14.3459,824.5
2019/06/05,1329.78,14.415,820.5
2019/06/06,1334.8,14.515,827.5
2019/06/07,1340.3,14.57,839.5
2019/06/10,1327.73,14.775,838
2019/06/11,1326.6625,14.815,843
2019/06/12,1333.16,14.7984,849
2019/06/13,1341.95,14.85,843.5
2019/06/14,1341.33,14.99,844
2019/06/17,1339.285,14.66,854
2019/06/18,1346.08,14.7,875.5
2019/06/19,1359.87,14.735,865
2019/06/20,1387.78,14.9,860
2019/06/21,1398.65,14.87,879
2019/06/24,1419.15,14.835,865.85
2019/06/25,1422.85,15.005,859.5
2019/06/26,1408.35,15.155,848.5
2019/06/27,1409.28,15.42,842.5
2019/06/28,1409.1,15.3511,853
2019/07/01,1384.0649,15.43,847.5
2019/07/02,1418.1949,15.365,862
2019/07/03,1418.54,15.24,860.5
2019/07/04,1415.19,15.255,859
2019/07/05,1399.55,15.3075,852.5
2019/07/08,1395.2,15.135,852
2019/07/09,1397.8,15.305,840.5
2019/07/10,1418.8,15.3,838.5
2019/07/11,1403.6,15.28,844.5
2019/07/12,1415.495,14.97,850
2019/07/15,1413.68,15.025,848.56
2019/07/16,1405.93,15.1,852.75
2019/07/17,1426.6,15.24,857.26
2019/07/18,1446,15.115,853.6
2019/07/19,1424.91,15.21,855
2019/07/22,1424.72,15.375,865.51
2019/07/23,1416.99,15.555,900
2019/07/24,1425.8,15.97,916.17
2019/07/25,1414.13,16.335,930.75
2019/07/26,1418.31,16.205,929.75
2019/07/29,1426.6851,16.34,957.75
2019/07/30,1430.6,16.395,985.25
2019/07/31,1413.55,16.59,958.37
2019/08/01,1445.0551,16.4,949.77
2019/08/02,1440.455,16.3875,946.25
2019/08/05,1463.6,16.455,930.25
2019/08/06,1473.87,16.575,944.16
2019/08/07,1500.8,16.255,950.86
2019/08/08,1500,16.325,948.15
2019/08/09,1496.84,16.21,936.84
2019/08/12,1511.155,16.39,943
2019/08/13,1501.14,16.445,930.25
2019/08/14,1516.085,17.1,937
2019/08/15,1522.955,16.9,945.75
2019/08/16,1513.75,16.94,957
2019/08/19,1495,17.055,953
2019/08/20,1506.85,16.965,925.26
2019/08/21,1502,17.205,930
2019/08/22,1498.6,17.265,930.61
2019/08/23,1526.1,17.08,882
2019/08/26,1526,16.86,876
2019/08/27,1542.395,17.12,886.5
2019/08/28,1538.8,17.11,890.25
2019/08/29,1527.4,17.01,876.5
2019/08/30,1519.85,17.39,876.5
2019/09/02,1530.34,17.63,889.75
2019/09/03,1546.7,18.16,891.75
2019/09/04,1552.35,18.33,899.25
2019/09/05,1519.1,18.24,889.5
2019/09/06,1506.7,18.35,893
2019/09/09,1498.65,18.45,888.5
2019/09/10,1485.5,19.23,883
2019/09/11,1497.3,19.57,887.25
2019/09/12,1498.7,18.63,889
2019/09/13,1488.45,18.16,887.75
2019/09/16,1497.9,17.96,891
2019/09/17,1502.2,18.01,915
2019/09/18,1493.65,18.08,923.75
2019/09/19,1499,18.095,926.26
2019/09/20,1516.75,17.425,918.72
2019/09/23,1521.865,17.85,920
2019/09/24,1531.8,18.015,925.625
2019/09/25,1503.75,17.74,932
2019/09/26,1505.6,17.77,946
2019/09/27,1496.56,17.98,935.655
2019/09/30,1472,18.63,928.79
2019/10/01,1478.58,18.58,929.163
2019/10/02,1499.26,17.905,908.495
2019/10/03,1504.75,17.8,886.64
2019/10/04,1504.35,17.5443,875.605
2019/10/07,1493.35,16.995,868.6618
2019/10/08,1505.26,17.235,873.83
2019/10/09,1505.3,17.555,880.293
2019/10/10,1494,17.555,889.38
2019/10/11,1489.45,17.55,893.825
2019/10/14,1492.8,17.435,910.245
2019/10/15,1480.92,17.71,916.825
2019/10/16,1489.37,17.7,914.8554
2019/10/17,1491.64,17.48,891.085
2019/10/18,1489.7,17.54,897.016
2019/10/21,1484.25,17.65,907.4
2019/10/22,1487.65,17.37,893.9404
2019/10/23,1491.85,17.39,892.5
2019/10/24,1503.25,17.52,900.02
2019/10/25,1504.33,17.5411,897.575
2019/10/28,1492.4449,17.565,909.6982
2019/10/29,1487.4,17.515,894.77
2019/10/30,1495.2,17.555,897
2019/10/31,1513.16,17.77,895.831
2019/11/01,1513.55,18.02,894.78
2019/11/04,1509.2367,17.855,921.71
2019/11/05,1484,17.7975,938.88
2019/11/06,1490.3621,17.86,943.877
2019/11/07,1467.8219,18.125,927.88
2019/11/08,1458.407,18.085,929.14
2019/11/11,1455.6505,18.045,927.515
2019/11/12,1456.9449,17.585,935.39
2019/11/13,1462.9354,17.6211,933.7
2019/11/14,1470.95,17.1079,908.77
2019/11/15,1467.1169,16.7957,936.23
2019/11/18,1470.7528,16.855,938.96
2019/11/19,1472.2814,16.7736,947.12
2019/11/20,1471.1514,16.9531,944.75
2019/11/21,1464.15,17.012,957.76
2019/11/22,1462.04,16.9487,962.5
2019/11/25,1454.8738,17.021,963
2019/11/26,1461.2,17.1358,978.5132
2019/11/27,1454.25,17.13,980.473
2019/11/28,1458.0917,17.0969,963
2019/11/29,1463.9,17.004,970.9125
2019/12/02,1462.34,16.8998,953.66
2019/12/03,1477.241,17.068,966.225
2019/12/04,1474.1,16.9418,978.0355
2019/12/05,1475.6029,16.87,973.9605
2019/12/06,1459.5071,17.02,983.3536
2019/12/09,1461.89,16.8995,1020.1955
2019/12/10,1463.96,17.1611,1004.0904
2019/12/11,1474.75,16.82,1018
2019/12/12,1469.33,16.9484,1015.5
2019/12/13,1475.5586,16.56,998.941
2019/12/16,1476.0013,16.601,1011.861
2019/12/17,1476.2,16.6545,1002.102
2019/12/18,1475.1862,16.8525,1001.5
2019/12/19,1479.0472,16.9258,983.3946
2019/12/20,1477.9497,16.9317,985.5943
2019/12/23,1485.27,17.0308,974.1445
2019/12/24,1498.81,17.0018,977.5396
2019/12/25,1498.6,17.0066,956.5
2019/12/26,1511.2979,17.0565,966.2524
2019/12/27,1510.4167,17.1925,963.07
2019/12/30,1515.123,17.4224,981.7406
2019/12/31,1517.01,17.785,961.515
2020/01/01,1516.89,17.8863,964.7869
2020/01/02,1528.85,17.7537,960.3873
2020/01/03,1551.4027,17.9159,968.826
2020/01/06,1565.8586,17.83,960.905
2020/01/07,1573.8876,17.83,967.7106
2020/01/08,1555.71,18.0131,963.11
2020/01/09,1552.2688,18.0343,968.7
2020/01/10,1562.033,18.1424,991.6446
2020/01/13,1548.0518,18.3874,1005.3903
2020/01/14,1546.1237,18.0831,977.8786
2020/01/15,1555.9351,17.8985,973.397
2020/01/16,1552.54,18.0917,963.373
2020/01/17,1556.2247,17.9638,925.861
2020/01/20,1561.28,17.7887,910.823
2020/01/21,1557.73,17.9905,898.851
2020/01/22,1558.62,17.9406,863.595
2020/01/23,1563.025,17.9982,860.3294
2020/01/24,1570.365,18.065,874.7563
2020/01/27,1581.65,17.7721,872.4395
2020/01/28,1565.86,17.818,864.278
2020/01/29,1576.7175,17.784,900.8033
2020/01/30,1573.92,18.082,862.55
2020/01/31,1589.8149,18.0838,868.87
2020/02/03,1576.05,17.4342,859.98
2020/02/04,1552.26,17.5401,763.02
2020/02/05,1556.405,17.8249,761.5
2020/02/06,1566.5601,18.0313,662.83
2020/02/07,1569.9058,17.6566,661.24
2020/02/10,1571.9,17.5781,624.5
2020/02/11,1567.42,17.5946,586.51
2020/02/12,1565.3267,17.8077,611
2020/02/13,1576.095,17.6735,642.5
2020/02/14,1584.3199,17.75,708
2020/02/17,1580.8,17.632,737.98
2020/02/18,1601.665,17.4633,735.7898
2020/02/19,1611.3447,17.6274,741.39
2020/02/20,1619.4056,17.73,723.1887
2020/02/21,1643.316,17.765,722.1662
2020/02/24,1660.4226,18.1613,717.5458
2020/02/25,1635.08,18.4,727.0966
2020/02/26,1639.5757,18.352,720.5
2020/02/27,1641.95,18.4628,735.3142
2020/02/28,1584.74,18.6224,733.7968
2020/03/02,1590.4301,17.9856,729.5433
2020/03/03,1639.4686,17.8823,745.7492
2020/03/04,1635.4479,17.6975,748.2502
2020/03/05,1670.3092,16.6615,774.876
2020/03/06,1673.85,16.7281,779.6844
2020/03/09,1679.6,17.18,783.8436
2020/03/10,1649.0699,17.18,775.25
2020/03/11,1634.525,17.41,770.533
2020/03/12,1576.785,17.313,746.4913
2020/03/13,1529.3101,16.97,757.4573
2020/03/16,1513.91,16.86,755.0734
2020/03/17,1528.275,16.753,759.75
2020/03/18,1486,15.82,757.7597
2020/03/19,1469.8,14.68,771.8075
2020/03/20,1497.64,12.9,774.6384
2020/03/23,1553.0649,12.59,772.1862
2020/03/24,1610.025,11.98,760.25
2020/03/25,1613.2939,12.11,765.9646
2020/03/26,1628.974,12.58,764.4129
2020/03/27,1617.5,13.25,748.6716
2020/03/30,1621.9293,14.27,763.5215
2020/03/31,1571.05,14.43,765.25
2020/04/01,1590.59,14.385,756.8949
2020/04/02,1612.4102,14.47,753.6439
2020/04/03,1616.45,14.115,756.6611
2020/04/06,1661.7017,13.97,768.0262
2020/04/07,1648.4656,14,798
2020/04/08,1645.77,14.505,818.1666
2020/04/09,1683.8199,14.39,832.4102
2020/04/10,1688.9,14.985,850.75
2020/04/13,1714.0699,15.003,832.4166
2020/04/14,1727.7,15.05,839.75
2020/04/15,1715.7102,15.45,838.25
2020/04/16,1717.6824,15.32,829.68
2020/04/17,1684.1899,15.45,818.9947
2020/04/20,1692.9242,15.81,838.25
2020/04/21,1685.7231,15.475,838.25
2020/04/22,1713.451,15.62,847.6544
2020/04/23,1731.33,15.13,838.8836
2020/04/24,1727.43,15.37,826.0888
2020/04/27,1714.2019,14.925,836.9166
2020/04/28,1707.5066,15.155,836
2020/04/29,1711.2502,15.3,832.6597
2020/04/30,1680.09,15.24,837.1559
2020/05/01,1699.1212,15.275,832.6586
2020/05/04,1701.4399,15.19,811.0777
2020/05/05,1705.9637,15.36,805.5
2020/05/06,1685.6268,15.02,811.5
2020/05/07,1717.6899,14.94,820.2964
2020/05/08,1700.65,14.84,818.7682
2020/05/11,1695.9811,15.02,804.2497
2020/05/12,1702.1411,14.92,805.5
2020/05/13,1715.2899,15.5,822
2020/05/14,1729.2729,15.45,829.139
2020/05/15,1741,15.55,799.9115
2020/05/18,1732.0699,15.41,803.5848
2020/05/19,1743.8083,15.64,790.9801
2020/05/20,1748.9836,15.87,805.5932
2020/05/21,1725.2075,16.62,816.608
2020/05/22,1734.07,17.175,815.7841
2020/05/25,1729.1925,17.4,802.9798
2020/05/26,1711.2485,17.5,799.85
2020/05/27,1708.8744,17.06,813.2348
2020/05/28,1718.504,17.18,835.4197
2020/05/29,1726.3,17.2,843.5932
2020/06/01,1740.0031,17.1,833.3566
2020/06/02,1727.0498,17.3,814.5984
2020/06/03,1697.51,17.42,828.3437
2020/06/04,1710.6176,17.84,826.133
2020/06/05,1685.23,18.27,832.0479
2020/06/08,1694.6018,18.09,824.1666
2020/06/09,1714.3199,17.67,838
2020/06/10,1736.2377,17.72,843.5529
2020/06/11,1727.1537,17.37,881.7953
2020/06/12,1729.7666,17.86,921.4475
2020/06/15,1724.6075,17.59,905.3333
2020/06/16,1726.9637,18.25,914.2365
2020/06/17,1726.29,17.705,945.3446
2020/06/18,1722.618,17.44,948.1387
2020/06/19,1742.8442,17.43,924.26
2020/06/22,1754.4644,17.395,902.7339
2020/06/23,1766.5139,17.58,907
2020/06/24,1761.4308,17.505,916.3333
2020/06/25,1761.4869,17.6,937.6457
2020/06/26,1770.6208,17.82,967.129
2020/06/29,1771.4926,17.95,997.9115
2020/06/30,1780.665,17.52,961.7202
2020/07/01,1770.005,17.88,986.5437
2020/07/02,1775.135,17.75,930.0791
2020/07/03,1774.7869,17.86,931.2405
2020/07/06,1783.5635,18.13,957.2537
2020/07/07,1794.26,17.94,936
2020/07/08,1810.1248,17.9,949.5516
2020/07/09,1802.8186,18.04,956.226
2020/07/10,1798.3121,18.21,931.756
2020/07/13,1802.7087,18.3,917.768
2020/07/14,1807.53,18.77,918.5
2020/07/15,1811.3073,18.66,915.8044
2020/07/16,1796.6324,18.67,927
2020/07/17,1808.9,19.08,928.8346
2020/07/20,1815.3971,19.2,928.75
2020/07/21,1841.5784,19.39,931
2020/07/22,1871.7535,19.17,929.5859
2020/07/23,1886.8636,19.31,940.7497
2020/07/24,1900.975,19.9,905.612
2020/07/27,1941.8771,21.33,889.2914
2020/07/28,1958.9288,23.03,894.5
2020/07/29,1970.3718,22.72,908.0185
2020/07/30,1959.5,22.74,901.4702
2020/07/31,1974.69,24.61,915.9265
2020/08/03,1976.6975,24.57,926.1019
2020/08/04,2018.0686,24.405,925
2020/08/05,2039.4,23.545,954.1539
2020/08/06,2063.1875,24.37,978.2024
2020/08/07,2034.6244,24.25,968.7297
2020/08/10,2027.2568,26,940.2676
2020/08/11,1911.2482,27.02,927.8012
2020/08/12,1917.8199,28.94,881.3031
2020/08/13,1953.0334,28.29,866.7192
2020/08/14,1943.7562,29.15,838.2509
2020/08/17,1985.5291,24.79,848.9117
2020/08/18,2000.95,25.56,847
2020/08/19,1929.54,27.555,879
2020/08/20,1942.6,26.41,884.3195
2020/08/21,1939.4042,27.4,888.3193
2020/08/24,1932.4495,27.65,896.1677
2020/08/25,1927.9399,26.72,882
2020/08/26,1953.453,27.22,896.9269
2020/08/27,1928.9099,26.6886,848.2994
2020/08/28,1964.4921,26.54,864.15
2020/08/31,1969.75,26.43,862.1737
2020/09/01,1970.1415,27.52,886
2020/09/02,1942.6206,27.045,873.2506
2020/09/03,1930.5197,27.49,865
2020/09/04,1932.45,28.22,857.053
2020/09/07,1928.8224,28.165,863.947
2020/09/08,1930.9283,27.495,860.13
2020/09/09,1946.6556,26.625,856.4628
2020/09/10,1954.0699,26.88,871.01
2020/09/11,1941.5,27,886.2499
2020/09/14,1956.3691,26.705,884.6668
2020/09/15,1955.5201,27.025,901.5
2020/09/16,1959.3182,26.92,869.6946
2020/09/17,1942.6,26.74,878.7348
2020/09/18,1949.6927,27.155,867.4995
2020/09/21,1912.5699,27.235,847.4453
2020/09/22,1899.2814,27.23,849
2020/09/23,1863.5499,27.1,858.4911
2020/09/24,1868.036,26.765,866.6089
2020/09/25,1860.05,24.73,869.3745
2020/09/28,1880.8511,24.415,892.7258
2020/09/29,1897.6899,22.87,889
2020/09/30,1885.4399,23.205,866.4134
2020/10/01,1905.0491,22.86,883.0371
2020/10/02,1898.7,23.71,865.1348
2020/10/05,1912.8979,24.175,879.6678
2020/10/06,1877.1262,23.21,888.7886
2020/10/07,1887.2233,23.89,925.3604
2020/10/08,1893.0909,23.7,925.3175
2020/10/09,1929.43,24.35,942.3966
2020/10/12,1921.9496,23.085,951.3693
2020/10/13,1890.818,23.84,945.8268
2020/10/14,1900.887,23.825,926.2134
2020/10/15,1907.824,25.12,961.124
2020/10/16,1898.97,25.11,963.502
2020/10/19,1904.2697,24.17,961.7415
2020/10/20,1906.3853,24.28,963.565
2020/10/21,1924.4941,24.31,964.8914
2020/10/22,1904.042,24.17,999.9916
2020/10/23,1900.7946,24.5,1014.4584
2020/10/26,1901.6938,24.645,1029.4187
2020/10/27,1906.83,25.07,1054.512
2020/10/28,1877.0619,24.75,1021.2574
2020/10/29,1867.1346,24.58,1022.5
2020/10/30,1877.95,24.32,1000.7055
2020/11/02,1895.0955,24.55,1026.4551
2020/11/03,1908.36,23.41,1008.8905
2020/11/04,1903.21,23.275,1007.3605
2020/11/05,1948.56,23.63,1036.4965
2020/11/06,1951.51,24.0383,1034.3658
2020/11/09,1861.86,24.1654,1044.2129
2020/11/10,1876.5,23.91,1036.0653
2020/11/11,1864.71,25.3275,1009.2593
2020/11/12,1875.7566,25.5929,1001.9995
2020/11/13,1888.0398,24.0698,1014.6239
2020/11/16,1888.5177,24.21,1023.89
2020/11/17,1878.6031,24.2494,1023.52
2020/11/18,1871.41,24.23,1031
2020/11/19,1867.3678,24.6296,1049.3517
2020/11/20,1870.4858,24.7515,1065.8424
2020/11/23,1835.85,24.4678,1065.9478
2020/11/24,1807.51,24.3126,1068.4
2020/11/25,1805.2983,24.0895,1069.9271
2020/11/26,1810.5699,24.1444,1111.5
2020/11/27,1788.1288,23.5759,1101.4823
2020/11/30,1777.019,23.2524,1116.6425
2020/12/01,1814.8685,23.3,1064.5966
2020/12/02,1831.01,23.45,1031.4004
2020/12/03,1840.36,22.695,1075.8177
2020/12/04,1837.61,22.6044,1093.9384
2020/12/07,1863.69,24.0021,1118.2472
2020/12/08,1871.36,24.1018,1073.4282
2020/12/09,1839.11,24.0655,1079.137
2020/12/10,1835.31,24.1656,1083.0807
2020/12/11,1839.0272,24.505,1109.5179
2020/12/14,1827.1699,24.56,1126.5782
2020/12/15,1853.46,23.9212,1098.5
2020/12/16,1864.1456,23.9495,1098.2903
2020/12/17,1885.8693,23.9122,1098.179
2020/12/18,1880.66,23.8176,1065.5486
2020/12/21,1876.21,24.4829,1070.8127
2020/12/22,1859.56,25.3358,1072.6758
2020/12/23,1872.0759,26.05,1127.505
2020/12/24,1876.5649,25.768,1094.4015
2020/12/25,1875.825,26.1633,1100.9401
2020/12/28,1871.19,25.1224,1097.3834
2020/12/29,1877.9918,25.53,1123.5822
2020/12/30,1893.3682,25.84,1156.8687
2020/12/31,1896.4875,25.85,1175
2021/01/01,1898.1,26.16,1241.538
2021/01/04,1942.2753,26.1788,1234.606
2021/01/05,1949.35,26.61,1252.5525
2021/01/06,1918.81,26.3584,1302.7919
2021/01/07,1912.499,26.36,1261.4203
2021/01/08,1848.26,27.211,1253.1024
2021/01/11,1844.6613,27.57,1274.478
2021/01/12,1855.6292,27.3,1274.0575
2021/01/13,1843.41,27.104,1272.4164
2021/01/14,1846.3694,25.37,1237.0724
2021/01/15,1826.59,24.9209,1268.5
2021/01/18,1836.89,25.5748,1216.2823
2021/01/19,1839.3369,25.14,1188.7222
2021/01/20,1870.9063,25.5304,1184.1788
2021/01/21,1869.91,24.7353,1204.6226
2021/01/22,1852.55,25.33,1167
2021/01/25,1854.9915,25.19,1126
2021/01/26,1850.31,25.8068,1129.7489
2021/01/27,1843.99,25.9451,1135.3798
2021/01/28,1840.36,25.4,1168.7512
2021/01/29,1846.09,25.3,1202.7325
2021/02/01,1860.16,25.4425,1195.0479
2021/02/02,1837.3502,25.24,1204.8116
2021/02/03,1833.7607,26.37,1212.61
2021/02/04,1792.26,27.0015,1212.0015
2021/02/05,1811.6156,28.97,1213.1586
2021/02/08,1830.16,26.6117,1207
2021/02/09,1837.06,26.8642,1196.5
2021/02/10,1842.2161,26.2924,1182.92
2021/02/11,1825.36,26.8282,1168.0775
2021/02/12,1823.46,27.2524,1167.5
2021/02/15,1818.5129,27.2,1147.21
2021/02/16,1794.31,26.993,1184.5
2021/02/17,1776.26,26.9472,1175.5016
2021/02/18,1775.4897,27.35,1154.5551
2021/02/19,1782.31,27.59,1187.3009
2021/02/22,1808.66,27.22,1210.5721
2021/02/23,1805.06,27.3471,1209.5
2021/02/24,1804.36,27.0158,1208.7
2021/02/25,1769.8792,27.2118,1232.5396
2021/02/26,1733.49,28.157,1225.3199
2021/03/01,1723.8389,27.62,1229.6888
2021/03/02,1738.0878,27.98,1198.5
2021/03/03,1710.95,27.4,1170
2021/03/04,1697.19,26.62,1156
2021/03/05,1700.86,26.5128,1170.5
2021/03/08,1681.2439,26.75,1192.9
2021/03/09,1715.36,26.08,1203
2021/03/10,1726.048,25.3075,1206.2682
2021/03/11,1721.41,25.19,1187.2728
2021/03/12,1726.4069,25.09,1213.8138
2021/03/15,1731.8362,25.9,1203.2539
2021/03/16,1730.9399,26.1639,1229.5
2021/03/17,1744.4399,26.0766,1243.8633
2021/03/18,1736.4093,25.9129,1228.6587
2021/03/19,1744.7402,26.26,1219.17
2021/03/22,1738.6899,25.96,1198.01
2021/03/23,1727.1104,26.335,1198.5
2021/03/24,1734.1899,26.05,1230.0341
2021/03/25,1726.8199,26.245,1237.5
2021/03/26,1731.9664,25.775,1224.9948
2021/03/29,1711.9946,25.08,1252.6631
2021/03/30,1684.7961,25.08,1249
2021/03/31,1707.0074,25.02,1246.9219
2021/04/01,1730.182,25.045,1235.4
2021/04/02,1728.84,24.67,1209.58
2021/04/05,1728.4399,24.015,1206.0502
2021/04/06,1743.5699,24.39,1225
2021/04/07,1737.28,24.97,1239.4971
2021/04/08,1755.9399,24.97,1218.0009
2021/04/09,1743.1,24.9,1190.8882
2021/04/12,1732.5137,25.17,1196
2021/04/13,1743.8298,25.12,1166.5
2021/04/14,1736.0035,25.43,1174.21
2021/04/15,1763.2084,25.24,1191.7802
2021/04/16,1776.3064,24.845,1191.2756
2021/04/19,1769.3101,25.33,1179.488
2021/04/20,1777.2533,25.41,1177.5
2021/04/21,1793.4617,25.86,1186.6289
2021/04/22,1783.9399,25.955,1192.0096
2021/04/23,1777.18,25.81,1189.4496
2021/04/26,1780.1899,25.87,1157
2021/04/27,1776.6899,26.575,1162
2021/04/28,1781.3237,26.17,1172.75
2021/04/29,1771.2433,25.99,1161.3755
2021/04/30,1768.59,26.21,1150.0085
2021/05/03,1792.3615,26.24,1150.9604
2021/05/04,1778.4832,26.17,1150
2021/05/05,1786.444,26.0836,1165
2021/05/06,1815.1783,25.9,1153.3439
2021/05/07,1830.4771,26.87,1122.1147
2021/05/10,1835.4399,26.53,1058.085
2021/05/11,1836.9399,26.5,1034
2021/05/12,1815.4399,27.295,1053.2061
2021/05/13,1826.5699,27.43,1079.0997
2021/05/14,1842.19,27.31,1084.1302
2021/05/17,1866.1324,27.63,1092.17
2021/05/18,1868.22,27.03,1111
2021/05/19,1869.5699,27.06,1090.3835
2021/05/20,1876.6899,27.415,1067
2021/05/21,1880.3,28.17,1072.3575
2021/05/24,1881.0699,28.205,1082.5594
2021/05/25,1899.264,27.75,1090
2021/05/26,1896.4399,27.74,1097.2318
2021/05/27,1896.08,27.52,1091.7539
2021/05/28,1902.64,27.8,1084.9919
2021/05/31,1906.36,27.98,1075.5457
2021/06/01,1900.1899,27.69,1104
2021/06/02,1907.944,27.86,1117.6934
2021/06/03,1870.5699,27.88,1104.3276
2021/06/04,1889.97,28.0513,1128.8799
2021/06/07,1898.9962,27.9,1138.3975
2021/06/08,1892.8199,28.2,1102.5
2021/06/09,1888.2983,27.45,1074.96
2021/06/10,1898.1375,27.78,1066.1025
2021/06/11,1876.64,27.875,1079.9445
2021/06/14,1865.995,27.635,1092.4458
2021/06/15,1858.6949,27.751,1061.5
2021/06/16,1811.9525,27.965,1064.2051
2021/06/17,1773.3149,27.89,1050.6639
2021/06/18,1763.34,27.834,1064.6418
2021/06/21,1782.9482,27.637,1060.4694
2021/06/22,1778.5125,26.9635,1049
2021/06/23,1778.7305,25.92,1056.9495
2021/06/24,1775.1827,25.79,1049.2949
2021/06/25,1780.34,25.9384,1025.6094
2021/06/28,1778.175,25.748,1005.175
2021/06/29,1761.09,25.8615,980
2021/06/30,1769.8025,25.9326,980.2513
2021/07/01,1776.6,26.074,995.196
2021/07/02,1786.7902,26.0935,1017.5069
2021/07/05,1791.6121,25.745,1018.193
2021/07/06,1796.6873,26.1044,1026.5
2021/07/07,1803.405,26.011,1022.3455
2021/07/08,1802.5551,26.46,997.21
2021/07/09,1807.98,26.4551,994.375
2021/07/12,1805.8774,26.134,973.4288
2021/07/13,1807.4351,26.121,996
2021/07/14,1827.0616,25.9055,1013.26
2021/07/15,1829.1866,26.08,1011.4
2021/07/16,1810.89,26.175,996.3931
2021/07/19,1812.3425,25.9615,979.3685
2021/07/20,1810.0304,26.235,1007.7604
2021/07/21,1803.3145,26.3245,1006.545
2021/07/22,1806.6899,25.66,1012.4427
2021/07/23,1801.34,25.205,1002.4848
2021/07/26,1797.265,24.908,998.9373
2021/07/27,1798.7321,25.228,1025.5
2021/07/28,1806.8809,25.455,1018.9962
2021/07/29,1827.955,25.16,998.6031
2021/07/30,1813.5815,25.1646,979.8526
2021/08/02,1813.385,24.6745,977.0156
2021/08/03,1809.9399,24.9285,955.5
2021/08/04,1811.405,25.53,960.8726
2021/08/05,1804.0131,25.46,939.1677
2021/08/06,1762.69,25.43,947
2021/08/09,1729.4575,25.55,932.9517
2021/08/10,1728.7104,25.3571,941
2021/08/11,1751.5627,25.1304,910.7304
2021/08/12,1752.4375,24.3325,953.6931
2021/08/13,1779.1515,23.431,996.8622
2021/08/16,1787.2383,23.32,988.9024
2021/08/17,1785.9556,23.5245,982
2021/08/18,1787.59,23.1551,980.5615
2021/08/19,1780.179,23.74,967.0412
2021/08/20,1780.8668,23.8235,950.7268
2021/08/23,1805.1975,23.6351,963.3954
2021/08/24,1802.6055,23.4805,972.0013
2021/08/25,1790.6801,23.23,967.0842
2021/08/26,1792.155,23.01,961.8624
2021/08/27,1816.6689,23.66,984.2665
2021/08/30,1810.1653,23.8355,979.345
2021/08/31,1813.4281,23.86,1026.1146
2021/09/01,1813.655,23.54,1008.372
2021/09/02,1809.4005,23.995,1007.2855
2021/09/03,1826.19,24.06,1020.1049
2021/09/06,1823.1028,23.885,1055.1621
2021/09/07,1794.1333,24.17,1054.4991
2021/09/08,1788.925,23.8811,1035.5055
2021/09/09,1794.6949,24.69,1040.0144
2021/09/10,1787.3383,24.67,1050.3177
2021/09/13,1793.4891,24.2984,1048.5305
2021/09/14,1804.2655,23.96,1040.5
2021/09/15,1792.59,24.07,1057.6073
2021/09/16,1753.3933,23.7175,1027.5555
2021/09/17,1754.1565,23.7155,1010.4684
2021/09/20,1763.8755,23.8335,1019.2324
2021/09/21,1774.2462,23.8195,1017.9211
2021/09/22,1767.9135,22.93,1064.0375
2021/09/23,1742.5725,22.3925,1037.9532
2021/09/24,1749.863,22.245,1028.8389
2021/09/27,1749.855,22.4715,1025.5487
2021/09/28,1733.6823,22.6695,1034.5
2021/09/29,1726.1075,22.4871,1055.9739
2021/09/30,1756.6606,22.415,1059.084
2021/10/01,1760.3602,22.65,1067.1522
2021/10/04,1769.505,22.433,1085.8052
2021/10/05,1759.9625,21.5126,1082.5021
2021/10/06,1762.4751,22.2,1086.8999
2021/10/07,1755.2926,22.52,1061.257
2021/10/08,1756.6675,22.6591,1057.3383
2021/10/11,1753.8558,22.66,1048.0634
2021/10/12,1759.9299,22.594,1031.2458
2021/10/13,1792.6466,22.5795,1011.5045
2021/10/14,1795.5601,22.66,969.0568
2021/10/15,1767.2563,22.556,974.5
2021/10/18,1764.5988,22.5335,995.2517
2021/10/19,1768.87,23.0651,953.68
2021/10/20,1781.83,23.54,963.2011
2021/10/21,1782.7626,23.2835,934.3043
2021/10/22,1792.4821,23.1651,933.3832
2021/10/25,1807.4717,23.65,937.393
2021/10/26,1792.6328,24.268,932.2505
2021/10/27,1796.6875,24.135,937.6113
2021/10/28,1798.6226,24.31,951.4816
2021/10/29,1782.8082,24.5511,956.4159
2021/11/01,1793.045,24.134,934.5597
2021/11/02,1787.2811,24.0426,942.1499
2021/11/03,1769.5162,24.1,929.5967
2021/11/04,1791.705,23.85,919.9812
2021/11/05,1816.73,24.0166,918.5
2021/11/08,1824.26,23.519,936.2962
2021/11/09,1831.4833,23.494,930.0159
2021/11/10,1849.5686,23.7705,932.1904
2021/11/11,1861.5244,24.17,934.4554
2021/11/12,1864.0441,24.4388,964.8144
2021/11/15,1862.4591,24.2797,972.6818
2021/11/16,1849.91,24.6237,974.6
2021/11/17,1866.96,25.2292,970.5
2021/11/18,1858.46,25.2851,975.8131
2021/11/19,1844.6,25.0387,968.0702
2021/11/22,1805.04,24.8005,961.0823
2021/11/23,1789.7332,25.05,962.5414
2021/11/24,1788.5,24.78,954.936
2021/11/25,1788.45,24.5882,971.6405
2021/11/26,1791.8105,24.1664,982.5445
2021/11/29,1785.01,23.6519,964.6454
2021/11/30,1773.7845,23.5295,955.1766
2021/12/01,1782.66,23.5751,940.0028
2021/12/02,1768.6353,23.1305,970.8335
2021/12/03,1783.7361,22.89,977.0679
2021/12/06,1778.1078,22.7984,969.5025
2021/12/07,1784.042,22.3059,970.18
2021/12/08,1782.06,22.3749,971.5
2021/12/09,1774.46,22.5093,980.9975
2021/12/10,1782.51,22.352,1022.0011
2021/12/13,1786.9432,22.47,1039.4713
2021/12/14,1770.1758,22.393,1029.2032
2021/12/15,1777.06,21.9285,1027.0938
2021/12/16,1799.0272,22.1626,1025.0684
2021/12/17,1797.682,22.3102,1031.0925
2021/12/20,1789.318,21.9257,1022.5
2021/12/21,1788.3604,22.05,1007.5991
2021/12/22,1803.3954,22.46,1018.1373
2021/12/23,1807.91,22.3473,1026.999
2021/12/24,1808.115,22.2322,1032.7048
2021/12/27,1810.9,22.49,1033.3749
2021/12/28,1805.3657,22.7727,1024.0577
2021/12/29,1803.66,22.89,1019.8958
2021/12/30,1815.0109,22.94,1032.2389
2021/12/31,1828.3903,23.04,1033.6841
2022/01/03,1800.8488,22.9924,1026.4235
2022/01/04,1814.56,22.8071,1027.4991
2022/01/05,1809.5342,23.0317,1028.0099
2022/01/06,1788.6758,23.2679,1025.5
2022/01/07,1795.6321,22.8598,1061.661
2022/01/10,1801.4054,23.0296,1089.4573
2022/01/11,1822.01,22.7731,1067.6455
2022/01/12,1825.3195,22.1519,1074.5952
2022/01/13,1822.0876,22.3,1075.5552
2022/01/14,1817.219,22.4513,1091.6874
2022/01/17,1818.99,22.7628,1057.0819
2022/01/18,1813.5367,23.1121,1054.1729
2022/01/19,1839.96,23.0715,1043.3885
2022/01/20,1838.36,22.9502,1053.3085
2022/01/21,1833.2386,23,1071.1273
2022/01/24,1843.06,23.4502,1080.3398
2022/01/25,1857.46,24.1235,1121.2993
2022/01/26,1818.12,24.43,1123.0021
2022/01/27,1796.51,24.2304,1153.6583
2022/01/28,1791.03,23.95,1076
2022/01/31,1828.41,23.82,1068.3516
2022/02/01,1800.6519,23.48,1079.571
2022/02/02,1806.4976,22.74,1030.2084
2022/02/03,1804.4047,22.42,985.7873
2022/02/04,1807.494,22.4337,1017.6741
2022/02/08,1825.4849,22.6335,1020.8448
2022/02/09,1832.4255,22.6242,1022
2022/02/10,1826.5701,22.3937,1037.1979
2022/02/11,1859.9591,22.4799,1023.0328
2022/02/14,1870.2948,22.9917,1020.0944
2022/02/15,1853.06,23.1759,1020.19
2022/02/16,1868.3674,23.3,1002
2022/02/17,1897.2697,23.1777,984.1273
2022/02/18,1897.868,23.5659,982.8746
2022/02/21,1905.6348,23.83,990.3277
2022/02/22,1898.1344,23.34,983.2969
2022/02/23,1907.5494,23.5422,985.5
2022/02/24,1903.144,23.81,986.4706
2022/02/25,1887.5608,23.9596,968.2033
2022/02/28,1907.9028,23.938,953.058
2022/03/01,1943.219,24.0855,962.5988
2022/03/02,1926.1108,24.5197,975
2022/03/03,1935.21,24.2011,976.7445
2022/03/04,1968.4535,24.1918,965.425
2022/03/07,1998.11,24.4202,986.4152
2022/03/08,2052.41,25.3691,990.13
2022/03/09,1991.49,25.2482,989.8
2022/03/10,1995.8586,25.16,1010.335
2022/03/11,1985.2885,25.6661,990.9045
2022/03/14,1951.115,25.6585,987.0701
2022/03/15,1917.8427,26.3875,967.9797
2022/03/16,1927.9292,25.7328,930.5
2022/03/17,1942.64,25.8816,920.794
2022/03/18,1921.087,25.8019,921.0595
2022/03/21,1935.9524,25.0155,917.5555
2022/03/22,1921.4417,24.863,919.3539
2022/03/23,1943.3809,25.0646,931
2022/03/24,1957.48,25.335,935.38
2022/03/25,1957.4,24.95,961.9841
2022/03/28,1923.2025,25.197,991.115
2022/03/29,1919.1851,24.7595,980.6728
2022/03/30,1919.91,25.0635,963
2022/03/31,1937.23,25.5115,955.4259
2022/04/01,1924.3,25.51,963.9677
2022/04/04,1932.4391,24.84,992.3
2022/04/05,1923.7574,24.7486,943.58
2022/04/06,1925.4808,24.7599,938.5
2022/04/07,1932.1741,24.7721,946.0752
2022/04/08,1945.85,24.61,951.0453
2022/04/11,1953.4324,24.5021,935.4316
2022/04/12,1966.59,24.3105,962.4091
2022/04/13,1977.7228,24.43,955.5
2022/04/14,1973.5195,24.57,958.3582
2022/04/15,1974.5359,24.75,954.2579
2022/04/18,1978.4967,25.074,943.65
2022/04/19,1949.84,25.346,949.9097
2022/04/20,1957.405,25.72,953.5
2022/04/21,1951.495,25.6291,959
2022/04/22,1929.73,25.68,964.7379
2022/04/25,1897.6925,25.838,996.5
2022/04/26,1905.5576,25.155,1022.498
2022/04/27,1886.1154,25.176,1013.97
2022/04/28,1894.3423,24.6351,1017.4855
2022/04/29,1896.3959,24.14,1010.744
2022/05/02,1862.7676,23.6051,1005.9331
2022/05/03,1867.785,23.4846,971.0525
2022/05/04,1880.9229,23.2848,973.2473
2022/05/05,1876.8408,23.1339,933.0742
2022/05/06,1882.9565,22.74,920.615
2022/05/09,1853.9207,22.6295,939.4399
2022/05/10,1838.1431,22.5545,950.5195
2022/05/11,1852.1202,22.958,932.5
2022/05/12,1821.72,22.5015,931.5607
2022/05/13,1811.1544,22.34,937.8037
2022/05/16,1823.7904,21.79,926.3387
2022/05/17,1814.6685,21.2406,906.7455
2022/05/18,1815.61,21.5555,907.5
2022/05/19,1841.7188,20.662,908.0366
2022/05/20,1845.68,21.07,910.1601
2022/05/23,1853.2185,21.599,916.7833
2022/05/24,1865.9,21.615,893.8543
2022/05/25,1852.8307,21.3955,889
2022/05/26,1850.0236,21.8945,885.661
2022/05/27,1852.73,21.75,865.2986
2022/05/30,1856.2129,21.7706,855.8866
2022/05/31,1837.0925,22.091,873.2426
2022/06/01,1845.55,21.9685,897
2022/06/02,1868.1277,21.9905,869.5087
2022/06/03,1850.7656,22.1,845.8566
2022/06/06,1840.9982,21.9462,854.7997
2022/06/07,1851.9741,21.535,843.5669
2022/06/08,1853.255,21.8,850.5
2022/06/09,1847.6095,22.28,862.8568
2022/06/10,1870.96,21.91,874.4446
2022/06/13,1818.7742,22.0551,858.0717
2022/06/14,1808.1,22.2051,871.7328
2022/06/15,1833.3793,22.0331,873.5
2022/06/16,1856.7075,21.6605,879.1662
2022/06/17,1839.35,21.87,873.6336
2022/06/20,1838.2876,21.0515,886.4825
2022/06/21,1832.5585,21.075,888.1551
2022/06/22,1837.3864,21.653,897
2022/06/23,1822.4293,21.9245,906.6588
2022/06/24,1826.18,21.65,894.0595
2022/06/27,1822.73,21.58,898.0146
2022/06/28,1819.6949,21.6655,926.3511
2022/06/29,1817.109,21.3915,932
2022/06/30,1806.887,20.9346,939.665
2022/07/01,1810.18,21.11,933.6419
2022/07/04,1809.1166,21.1415,941.6341
2022/07/05,1764.3528,20.8371,956.0094
2022/07/06,1738.3035,20.7085,962.4978
2022/07/07,1739.6115,20.2465,933.1287
2022/07/08,1741.82,19.87,934.7604
2022/07/11,1733.6726,19.954,923.51
2022/07/12,1725.806,19.1925,910.9997
2022/07/13,1735.2314,19.1811,895.9507
2022/07/14,1709.4491,19.193,875.894
2022/07/15,1706.78,19.3,879.5
2022/07/18,1709.0118,19.0835,876.7597
2022/07/19,1711.0656,18.893,880.9613
2022/07/20,1696.433,19.19,863.5
2022/07/21,1718.4924,18.384,863.9978
2022/07/22,1726.46,18.69,847.5077
2022/07/25,1718.78,18.6726,846.15
2022/07/26,1717.0005,18.734,828.3591
2022/07/27,1733.8922,18.6545,835
2022/07/28,1755.4937,18.8395,845.74
2022/07/29,1765.22,18.59,852.9968
2022/08/01,1771.7292,18.413,866.3378
2022/08/02,1759.7466,18.6005,879.3028
2022/08/03,1764.896,19.13,881
2022/08/04,1791.0813,19.974,906.9715
2022/08/05,1774.15,20.32,878.5
2022/08/08,1788.5239,20.3385,905.7924
2022/08/09,1794.0846,19.9546,904.4993
2022/08/10,1792.1278,20.0385,906.956
2022/08/11,1789.4504,20.1505,918.9975
2022/08/12,1801.7612,19.875,922.1684
2022/08/15,1778.91,20.6485,907.5
2022/08/16,1775.5417,20.504,900.3917
2022/08/17,1761.05,20.5675,854
2022/08/18,1758.1956,20.291,851.999
2022/08/19,1747.829,20.81,848.3637
2022/08/22,1735.705,20.2545,863.4144
2022/08/23,1747.6746,20.1175,864.9255
2022/08/24,1750.8882,19.84,859
2022/08/25,1758.4374,19.52,902.4913
2022/08/26,1736.86,19.0253,929.9856
2022/08/29,1737.8237,19.01,918.4781
2022/08/30,1723.5498,19.16,922.1416
2022/08/31,1720.1,19.16,912
2022/09/01,1696.09,19.28,898.4046
2022/09/02,1711.44,18.88,885.6195
2022/09/05,1710.2063,18.75,879.9769
2022/09/06,1701.1531,18.49,896.2815
2022/09/07,1717.6935,18.09,898.7316
2022/09/08,1707.275,17.85,915.5016
2022/09/09,1716.05,18.0222,907.5
2022/09/12,1724.0702,18.1615,883.6673
2022/09/13,1701.554,18.053,914.0004
2022/09/14,1695.795,18.51,932.06
2022/09/15,1663.7408,18.57,924.776
2022/09/16,1674.9448,18.7784,915.01
2022/09/19,1675.7758,19.78,951.4176
2022/09/20,1663.1089,19.32,959.716
2022/09/21,1673.7368,19.69,944.6272
2022/09/22,1670.5345,19.16,925.7186
2022/09/23,1643.09,19.56,942.82
2022/09/26,1621.5675,19.61,929.9985
2022/09/27,1628.8024,19.31,918.9224
2022/09/28,1659.4449,19.59,960.9252
2022/09/29,1660.2917,19.65,978.9933
2022/09/30,1659.67,18.8387,997.4829
2022/10/03,1699.2225,18.335,985.4099
2022/10/04,1726.2408,18.43,1032.0829
2022/10/05,1715.8105,18.89,1028.5822
2022/10/06,1710.85,18.815,1017.4816
2022/10/07,1694.52,19,1014.5073
2022/10/10,1667.9564,20.755,1006.0118
2022/10/11,1665.3075,21.11,981.0266
2022/10/12,1672.5052,20.7,976.9512
2022/10/13,1665.7972,20.65,982.0596
2022/10/14,1641.7584,20.11,990.7884
2022/10/17,1649.9447,19.65,996.3193
2022/10/18,1651.8273,19.19,987.9997
2022/10/19,1628.4883,19.06,980.5075
2022/10/20,1627.6637,18.8679,988.681
2022/10/21,1656.66,18.2569,1002.289
2022/10/24,1648.6,18.68,1032.724
2022/10/25,1652.5239,18.76,1041.3229
2022/10/26,1664.4884,18.44,1014.2165
2022/10/27,1662.9399,18.66,997.6364
2022/10/28,1641.76,19.4,988.652
2022/10/31,1633.1224,19.26,1002.612
2022/11/01,1647.5033,19.34,1002.8864
2022/11/02,1634.887,19.62,1022.3162
2022/11/03,1629.15,19.5825,1001.6015
2022/11/04,1680.27,19.2265,1032.756
2022/11/07,1674.68,19.1404,1028.8365
2022/11/08,1712.52,19.65,1006.2088
2022/11/09,1706.32,19.28,991.3931
2022/11/10,1754.75,19.46,979.7841
2022/11/11,1770.69,20.8357,1007.6162
2022/11/14,1771.8,20.7753,998.3689
2022/11/15,1778.25,21.3408,977.4529
2022/11/16,1773.77,21.007,1022.3726
2022/11/17,1760.87,21.6654,1021.5
2022/11/18,1749.74,21.6813,1019.8715
2022/11/21,1737.8081,21.9647,1007.7707
2022/11/22,1740.24,21.5371,1054.5137
2022/11/23,1749.28,21.4752,1069.5782
2022/11/24,1754.96,20.9496,1083.8763
2022/11/25,1756.14,20.915,1078.6376
2022/11/28,1740.75,20.8415,1056.2765
2022/11/29,1749.73,21.0802,1090.0616
2022/11/30,1768.45,21.5144,1078.6835
2022/12/01,1802.89,21.51,1080.8944
2022/12/02,1797.82,21.59,1070.49
2022/12/05,1768.39,20.9175,1067.7046
2022/12/06,1770.91,21.2578,1064.7611
2022/12/07,1786.22,22.1948,1062.38
2022/12/08,1789.23,22.7654,1039.4445
2022/12/09,1796.63,23.1264,1037.9562
2022/12/12,1781.15,22.25,1032.796
2022/12/13,1810.29,22.1637,1043.3064
2022/12/14,1807.27,22.7245,1046.7826
2022/12/15,1776.66,23.0685,1056.9581
2022/12/16,1792.34,23.4683,1039.4164
2022/12/19,1787.44,23.2998,1018.0545
2022/12/20,1817.4084,23.7274,1012.0788
2022/12/21,1814.13,23.8966,1008.833
2022/12/22,1792.57,23.0491,1011.146
2022/12/23,1797.91,23.211,1003.5107
2022/12/26,1797.6146,22.9455,1021.5547
2022/12/27,1813.93,24.165,974.0174
2022/12/28,1804.09,23.9678,971.845
2022/12/29,1814.89,23.5672,973.563
2022/12/30,1824.4,23.7,969.9451
2023/01/02,1823.6899,24.0442,954.3774
2023/01/03,1839.49,23.5044,944.5293
2023/01/04,1854.09,23.8719,953.5059
2023/01/05,1833.19,23.9652,930.5954
2023/01/06,1865.71,23.99,914.9904
2023/01/09,1871.59,23.983,920.2188
2023/01/10,1877.27,23.7355,916.6024
2023/01/11,1876.38,23.2159,926.64
2023/01/12,1896.86,23.8133,942.6759
2023/01/13,1920.21,23.6272,948.8463
2023/01/16,1918.0006,23.6084,947.1701
2023/01/17,1908.39,23.4185,909.4418
2023/01/18,1903.76,23.7747,938.4994
2023/01/19,1931.39,24.2498,952.3502
2023/01/20,1926.574,24.3993,955.1197
2023/01/23,1931.3,23.919,960.08
2023/01/24,1937.45,23.4257,977.4422
2023/01/25,1945.93,23.8282,975.8269
2023/01/26,1928.99,23.9481,929.7611
2023/01/27,1927.34,23.4515,937.1215
2023/01/30,1922.5173,23.6667,944.2947
2023/01/31,1927.88,23.8997,959.201
2023/02/01,1950.42,23.8928,996
2023/02/02,1912.37,23.5639,982.63
2023/02/03,1865.53,23.5902,962.5
2023/02/06,1867.36,23.6994,972.802
2023/02/07,1873.81,23.99,975.7648
2023/02/08,1875.59,23.983,988.25
2023/02/09,1861.39,23.7355,968.75
2023/02/10,1864.67,23.2159,978
2023/02/13,1853.39,23.8133,984.4377
2023/02/14,1854.29,23.6272,976.84
2023/02/15,1836.19,23.6084,971.6666
2023/02/16,1837.44,23.4185,963.25
2023/02/17,1841.59,23.7747,967.25
2023/02/20,1841.14,24.2498,985.7105
2023/02/21,1834.3232,24.3993,991.314
2023/02/22,1825.04,23.919,985.6775
2023/02/23,1822.64,23.4257,1017.1666
2023/02/24,1810.81,23.8282,997.1925
2023/02/27,1817.31,23.9481,1007.4286
2023/02/28,1827.15,23.4515,991.75
2023/03/01,1836.8051,23.6667,994.5817
2023/03/02,1836.0004,23.8997,1015.25
2023/03/03,1854.97,23.8928,1047.16
2023/03/06,1846.85,23.5639,1044.5859
2023/03/07,1813.52,23.5902,1047.98
2023/03/08,1813.59,23.6994,1082.5
2023/03/09,1830.89,23.9794,1090
2023/03/10,1867.83,23.4635,1093.1979
2023/03/13,1913.235,22.3496,1124.2793
2023/03/14,1902.1171,22.2652,1082
2023/03/15,1918.0975,22.1879,1086.0679
2023/03/16,1919.1161,22.3091,1090
2023/03/17,1987.9301,21.9758,1077
2023/03/20,1978.7122,21.9928,1074.0048
2023/03/21,1940.1461,21.9702,1049.75
2023/03/22,1969.5811,21.84,1065.5
2023/03/23,1993.5033,21.6258,1049.5
2023/03/24,1977.2172,21.6002,1039.25
2023/03/27,1956.5594,21.726,1059.1729
2023/03/28,1973.6927,21.7387,1070.61
2023/03/29,1964.0404,21.8268,1104.6675
2023/03/30,1980.2502,21.5024,1114.1139
2023/03/31,1967.9,21.2923,1093.6945
2023/04/03,1984.1057,20.7687,1049.5507
2023/04/04,2019.9702,20.6244,1065
2023/04/05,2020.3533,20.9124,1057.1666
2023/04/06,2008.0164,20.9959,1068.6575
2023/04/10,1989.955,20.889,1049
2023/04/11,2003.1409,21.241,1062.7375
2023/04/12,2014.6711,21.0415,1067.1926
2023/04/13,2039.735,20.0532,1048
2023/04/14,2003.04,19.9989,1023.7726
2023/04/17,1994.7711,20.0696,1020.5
2023/04/18,2004.926,20.51,1022.4569
2023/04/19,1993.2642,21.8075,1024.56
2023/04/20,2004.3384,21.69,1014
2023/04/21,1982.8948,21.785,993.25
2023/04/24,1988.8757,21.71,1006.2332
2023/04/25,1997.8723,22.59,1003.5
2023/04/26,1989.4799,22.52,1030.5
2023/04/27,1987.8702,22.375,1031.6675
2023/04/28,1989.6475,23.025,1018.4868
2023/05/01,1982.0453,23.1208,1010.1675
2023/05/02,2016.278,23.2224,1008.5366
2023/05/03,2039.0168,23.095,990
2023/05/04,2051.1084,23.2575,976.5
2023/05/05,2016.5428,23.35,975.25
2023/05/08,2021.39,23.875,985.5
2023/05/09,2034.17,24.073,981.7494
2023/05/10,2029.51,23.995,975.85
2023/05/11,2015.5499,25.015,962.5
2023/05/12,2011.15,24.975,941.4275
2023/05/15,2020.5997,25.005,923
2023/05/16,1988.6034,24.895,917.24
2023/05/17,1981.7222,25.075,924.1675
2023/05/18,1958.0533,25.4775,924.6675
2023/05/19,1976.5551,25.7975,910.7505
2023/05/22,1969.4316,25.34,894.3861
2023/05/23,1974.7275,25.105,901.249
2023/05/24,1957.0114,25.2075,906.5
2023/05/25,1940.3364,25.2575,914.8059
2023/05/26,1946.3251,25.29,915.6953
2023/05/29,1942.84,25.0315,901.6666
2023/05/30,1959.1445,25.17,908.2406
2023/05/31,1962.3011,25.045,926.75
2023/06/01,1977.8751,24.89,924.25
2023/06/02,1947.6322,24.955,946.5
2023/06/05,1961.7581,25.0363,972.7764
2023/06/06,1962.8475,24.97,971.5664
2023/06/07,1939.6318,25.3875,975.6666
2023/06/08,1967.7615,25.595,982.7684
2023/06/09,1960.5997,26.065,973
2023/06/12,1956.9218,25.65,953.5
2023/06/13,1943.3285,25.57,961.5302
2023/06/14,1942.9904,25.6175,956.3475
2023/06/15,1957.6548,25.42,965
2023/06/16,1957.3625,24.175,961
2023/06/19,1950.12,23.91,936
2023/06/20,1935.9139,24.11,935.346
2023/06/21,1932.2631,23.7335,949.195
2023/06/22,1913.516,23.725,931.1673
2023/06/23,1921.3632,23.4936,921
2023/06/26,1922.8533,23.826,914.25
2023/06/27,1913.3525,23.66,922.153
2023/06/28,1907.4233,23.425,919.6922
2023/06/29,1908.1525,23.085,900.2241
2023/06/30,1919.5654,22.77,888.28
2023/07/03,1921.4285,23.3085,906.5866
2023/07/04,1925.09,23.1939,912.3266
2023/07/05,1917.3224,23.215,902
2023/07/06,1910.7972,23.4775,888.4112
2023/07/07,1924.2825,23.905,882.1871
2023/07/10,1924.9937,23.587,889.5
2023/07/11,1931.995,23.585,909.8556
2023/07/12,1957.0885,23.58,909.2179
2023/07/13,1960.1945,23.455,918.75
2023/07/14,1954.9254,24.2411,929.75
2023/07/17,1954.7355,24.2665,933.5561
2023/07/18,1978.715,24.05,944.5489
2023/07/19,1977.251,23.68,964.5
2023/07/20,1969.6201,23.9275,976.25
2023/07/21,1960.2273,23.855,973.695
2023/07/24,1954.5126,24.1452,967.5375
2023/07/25,1964.5824,23.94,960.5582
2023/07/26,1972.1031,23.185,953.979
2023/07/27,1944.9862,22.64,926.2075
2023/07/28,1959.2013,22.24,908.75
2023/07/31,1964.1884,22.4155,903.25
2023/08/01,1944.0793,22.77,892.637
2023/08/02,1933.5649,22.885,898.25
2023/08/03,1933.7369,22.72,910.1775
2023/08/04,1941.6233,22.55,900.2182
2023/08/07,1936.3871,22.7521,906.25
2023/08/08,1924.8151,22.8835,925.05
2023/08/09,1914.589,22.95,933.1675
2023/08/10,1912.0607,23.105,939.2579
2023/08/11,1913.3182,22.74,928.5548
2023/08/14,1907.9026,23.055,919.25
2023/08/15,1901.5571,23.115,926.323
2023/08/16,1891.7622,23.1026,911.26
2023/08/17,1888.8873,24.1375,904.0227
2023/08/18,1888.1934,24.86,887.1666
2023/08/21,1893.9449,24.9325,904.5
2023/08/22,1897.4651,24.855,904.4611
2023/08/23,1914.3149,25.08,877.25
2023/08/24,1917.4348,25.165,871.5
2023/08/25,1914.5255,24.74,866.25
2023/08/28,1919.6586,24.574,854.5
2023/08/29,1937.1222,24.37,876.9336
2023/08/30,1942.2399,24.695,886.2277
2023/08/31,1939.7441,24.9169,880.4371
2023/09/01,1938.795,24.1355,885
2023/09/04,1938.1913,24.33,868.5
2023/09/05,1925.8112,24.77,881.0343
2023/09/06,1916.2759,24.33,890.749
2023/09/07,1919.1866,23.74,897.1675
2023/09/08,1917.8051,23.555,885.5
2023/09/11,1921.6626,23.6,890.6775
2023/09/12,1913.2614,23.15,894.75
2023/09/13,1906.3022,22.76,896.5
2023/09/14,1910.3188,22.67,884.25
2023/09/15,1923.575,22.68,902.6666
2023/09/18,1933.1396,22.6695,900.25
2023/09/19,1930.9449,22.61,903.8125
2023/09/20,1929.6838,22.51,929.5
2023/09/21,1919.5691,22.386,933.6666
2023/09/22,1924.9875,22.69,920.5
2023/09/25,1915.6553,22.7037,920
2023/09/26,1900.4861,23.3475,930.0197
2023/09/27,1874.6953,23.39,905.1571
2023/09/28,1864.5591,24.323,891.151
2023/09/29,1848.3134,24.135,866.428
2023/10/02,1827.4033,24.2193,859.6675
2023/10/03,1822.8116,24.255,839.8707
2023/10/04,1821.0754,24.73,864.3362
2023/10/05,1820.0059,24.65,885.26
2023/10/06,1819.55,24.435,896.0396
2023/10/09,1860.8815,24.1632,892.4439
2023/10/10,1860.0874,23.97,898.992
2023/10/11,1873.6082,23.5306,918.5972
2023/10/12,1868.649,23.185,934.3826
2023/10/13,1931.6975,22.9475,922.227
2023/10/16,1919.4387,22.909,915.55
2023/10/17,1923.0732,23.07,930.609
2023/10/18,1947.6886,23.105,918.6931
2023/10/19,1973.7035,22.835,939.9056
2023/10/20,1981.0446,22.63,931.9
2023/10/23,1972.5933,23.0084,926.9313
2023/10/24,1970.11,23.23,932.4284
2023/10/25,1979.6184,23.23,916.6787
2023/10/26,1984.8177,23.24,899.0613
2023/10/27,2005.7837,23.38,889.7309
2023/10/30,1995.8784,23.53,907.2862
2023/10/31,1982.705,23.11,914.75
2023/11/01,1982.15,22.86,909.9813
2023/11/02,1985.507,22.5181,929.3086
2023/11/03,1992.2676,22.6,934.2506
2023/11/06,1977.6833,22.16,957.9773
2023/11/07,1968.4049,21.07,939.75
2023/11/08,1949.79,21.15,945.3
2023/11/09,1958.19,20.96,954.2473
2023/11/10,1936.79,20.9,958.6725
2023/11/13,1945.89,20.9636,962.9899
2023/11/14,1962.674,21.89,970.6664
2023/11/15,1959.0912,21.81,978.25
2023/11/16,1980.8512,22.06,996.6735
2023/11/17,1980.0077,21.84,1002.249
2023/11/20,1977.1941,22.7,987.25
2023/11/21,1998.3693,22.6,981.7924
2023/11/22,1989.7235,22.825,970.9953
2023/11/23,1991.79,22.87,956.8798
2023/11/24,2001.97,23.04,960.2071
2023/11/27,2013.6429,23.35,945.846
2023/11/28,2040.89,22.98,930.01
2023/11/29,2044.59,22.93,919.06
2023/11/30,2035.7545,22.89,915.0149
2023/12/01,2070.9011,22.83,905.5637
2023/12/04,2029.7415,23.14,915.19
2023/12/05,2019.4203,23.3075,894.9478
2023/12/06,2024.8975,22.9,883.347
2023/12/07,2028.3375,22.99,907.169
2023/12/08,2003.39,22.75,899.8275
2023/12/11,1981.303,23.2,892.3529
2023/12/12,1979.4375,23.0293,891.9875
2023/12/13,2026.39,22.5965,898.9086
2023/12/14,2035.528,22.53,891.5168
2023/12/15,2018.19,22.62,912.887
2023/12/18,2026.9979,22.2177,926.9229
2023/12/19,2040.1208,22.305,920.9259
2023/12/20,2029.19,23.0844,917.9078
2023/12/21,2045.4941,23.4259,913.2913
2023/12/22,2052.9751,23.7225,890.6666
2023/12/26,2066.605,23.73,896.6475
2023/12/27,2077.1589,23.4,903.7013
2023/12/28,2064.8601,23.7297,879.5187
2023/12/29,2062.59,23.62,884.9926
2024/01/02,2058.8767,23.66,871.6666
2024/01/03,2040.776,24.3,888.8344
2024/01/04,2043.2646,24.6182,871.824
2024/01/05,2045.4956,25.0037,889.405
2024/01/08,2027.843,25.01,897.9142
2024/01/09,2029.5948,25.2487,905.6426
2024/01/10,2023.402,25.42,898.5
2024/01/11,2028.09,24.4888,900.8363
2024/01/12,2048.7192,24.1243,882.9714
2024/01/15,2054.49,23.8738,888.7271
2024/01/16,2027.59,23.7825,900.5
2024/01/17,2005.7194,22.967,879.95
2024/01/18,2022.6704,22.7928,888.4624
2024/01/19,2029.09,22.7499,878.55
2024/01/22,2020.99,23.7471,875.7979
2024/01/23,2028.69,24.14,884.6679
2024/01/24,2012.59,23.8282,897.5
2024/01/25,2019.7518,23.7771,880.5825
2024/01/26,2018.34,24.0253,907.35
2024/01/29,2031.7488,24.1304,919
2024/01/30,2036.1151,24.3808,912.7
2024/01/31,2037.19,24.1674,933
2024/02/01,2054.8918,24.1958,920.76
2024/02/02,2038.59,24.2498,937.9986
2024/02/05,2024.6707,23.9334,927.5
2024/02/06,2035.4623,23.76,933.2996
2024/02/07,2034.2186,23.644,912.771
2024/02/08,2033.1779,22.9634,894.5
2024/02/09,2024.157,22.9899,907.0839
2024/02/12,2019.79,23.1613,908
2024/02/13,1992.1331,23.0846,894.0434
2024/02/14,1992.39,22.9482,902.5
2024/02/15,2004.0875,22.8554,903
2024/02/16,2013.1008,22.752,893.7137
2024/02/19,2017.6252,23.1672,908.0495
2024/02/20,2023.5278,23.2,901.64
2024/02/21,2024.99,22.9094,918.695
2024/02/22,2029.52,22.5275,936.6465
2024/02/23,2035.7177,22.7442,925.5
2024/02/26,2030.658,22.58,927.2617
2024/02/27,2029.6378,22.0822,958.5
2024/02/28,2034.62,22.4333,979.05
2024/02/29,2043.2441,22.695,959.7506
2024/03/01,2083.39,22.9097,979.5817
2024/03/04,2114.99,22.794,973.6042
2024/03/05,2127.5454,23.176,969.3288
2024/03/06,2148.29,23.1636,957
2024/03/07,2159.1587,22.9156,938.1948
2024/03/08,2177.51,23.1509,934.8739
2024/03/11,2182.47,22.6715,931.5872
2024/03/12,2157.99,22.3575,917.1664
2024/03/13,2174.4,22.4007,907.64
2024/03/14,2161.0149,22.1846,902.5
2024/03/15,2155.5427,22.5762,914.15
2024/03/18,2159.9861,22.6047,915.55
2024/03/19,2157.2258,22.6906,947.1566
2024/03/20,2185.9585,22.074,933.54
2024/03/21,2180.8071,22.3698,950.2
2024/03/22,2164.145,22.9005,949.6662
2024/03/25,2171.4521,23.4014,955.3817
2024/03/26,2178.5837,22.96,954.4671
2024/03/27,2194.0249,22.9642,976
2024/03/28,2232.3757,22.8725,971.75
2024/04/01,2250.3557,23.0928,978
2024/04/02,2280.0957,22.9428,994.1659
2024/04/03,2299.1702,22.5141,999.6
